rainfall_1d,rainfall_7d,rainfall_30d,soil_moisture_l1,soil_moisture_l2,river_level,river_discharge,elevation,slope,aspect,ndvi,temperature_c,humidity_percent,wind_speed_kmh,vegetation_index,distance_to_river,urban_density,is_flood
2.43,41.31,170.19,0.288,0.259,2.08,244.2,1129.1,16.4,275.4,0.148,21.1,60.4,29.3,0.305,2001.0,0.275,0
90.61,283.69,935.83,0.478,0.433,5.71,246.9,101.1,9.3,86.4,0.186,28.4,86.4,20.3,0.303,63.3,0.91,1
82.39,294.13,1179.94,0.474,0.396,5.49,309.7,1572.3,40.1,73.1,0.215,20.6,83.9,28.8,0.214,310.3,0.179,1
155.06,459.34,2094.17,0.483,0.445,7.15,835.9,1444.9,20.5,89.9,0.502,26.7,87.2,13.9,0.608,1001.6,0.901,1
44.08,163.13,524.48,0.233,0.191,1.83,217.9,121.7,11.5,150.3,0.307,29.2,67.9,27.8,0.327,1613.0,0.44,0
29.41,105.85,486.21,0.142,0.129,1.96,122.5,527.5,22.3,175.9,0.462,27.8,66.2,12.7,0.419,1412.8,0.49,0
13.91,59.8,197.86,0.28,0.247,0.88,77.2,730.9,30.9,29.9,0.607,36.0,60.4,14.4,0.624,1430.4,0.21,0
111.82,342.14,1483.35,0.489,0.412,7.25,410.3,495.1,3.1,27.5,0.493,19.3,97.9,37.7,0.528,148.2,0.448,1
176.85,616.52,1958.91,0.468,0.434,5.34,596.3,1629.0,16.5,125.7,0.692,36.1,77.1,20.3,0.774,41.9,0.149,1
115.58,373.26,1229.57,0.531,0.459,5.6,285.1,1333.6,42.9,227.0,0.165,30.5,94.1,16.0,0.153,440.4,0.919,1
17.34,65.16,319.57,0.274,0.252,2.25,214.1,924.4,20.3,246.1,0.701,21.1,58.4,39.9,0.815,112.8,0.384,0
44.69,121.14,451.72,0.435,0.39,7.16,452.8,1087.2,32.3,244.3,0.416,20.1,91.9,40.1,0.404,501.5,0.243,1
122.54,336.21,924.77,0.519,0.445,6.95,485.8,2415.8,28.7,187.8,0.137,34.6,82.9,16.5,0.192,11.4,0.722,1
8.97,48.19,285.4,0.306,0.25,2.8,235.1,288.7,8.9,344.7,0.678,18.5,57.0,6.5,0.71,432.0,0.347,0
5.28,27.55,154.87,0.255,0.24,2.55,189.4,476.1,12.5,272.5,0.174,29.6,66.9,13.7,0.149,51.8,0.596,0
19.22,74.72,290.51,0.11,0.083,0.61,49.7,1349.8,36.9,175.3,0.536,35.6,60.8,14.0,0.528,165.7,0.168,0
2.33,18.28,106.44,0.176,0.164,2.25,212.0,2444.4,38.2,167.7,0.284,36.6,56.5,24.6,0.303,322.6,0.458,0
113.45,387.31,1655.67,0.495,0.421,3.92,250.0,1850.3,20.0,194.5,0.168,30.4,78.9,24.1,0.174,73.1,0.302,1
6.17,48.46,140.67,0.115,0.103,0.54,53.7,2052.8,35.2,123.1,0.648,37.3,63.1,22.4,0.803,3155.0,0.755,0
8.39,61.29,198.71,0.284,0.232,1.05,76.8,1834.6,28.1,323.5,0.378,31.2,69.5,7.8,0.407,891.0,0.173,0
57.9,144.27,448.43,0.501,0.414,5.05,210.8,204.8,2.6,186.4,0.503,36.7,95.3,31.9,0.659,152.0,0.621,1
3.54,49.42,192.21,0.296,0.233,2.1,225.8,740.7,44.6,232.7,0.559,35.1,64.5,10.1,0.599,1923.9,0.057,0
11.3,41.01,200.87,0.314,0.295,2.39,149.7,1354.5,36.0,78.4,0.459,18.8,47.0,34.9,0.511,488.2,0.077,0
17.49,77.88,330.98,0.292,0.221,0.95,102.9,164.0,12.1,96.0,0.607,26.1,70.0,11.6,0.617,1960.8,0.579,0
16.44,70.24,216.6,0.12,0.099,1.02,101.9,1002.8,24.5,335.3,0.425,26.1,43.3,28.4,0.456,945.8,0.83,0
66.47,175.19,769.18,0.356,0.291,7.74,561.8,533.2,22.9,19.1,0.37,24.5,91.0,38.6,0.294,11.1,0.465,1
11.57,42.27,225.92,0.18,0.164,1.91,175.4,1633.2,29.4,122.8,0.589,38.0,55.1,13.0,0.583,664.4,0.428,0
102.31,376.99,1008.62,0.401,0.341,3.83,456.7,255.2,2.7,178.5,0.236,21.0,80.5,35.3,0.296,191.4,0.131,1
114.7,390.65,1122.02,0.525,0.411,6.78,438.1,1968.4,31.4,120.1,0.712,22.8,95.8,15.2,0.911,88.5,0.777,1
7.9,39.81,220.69,0.131,0.112,1.42,108.3,1431.3,39.3,132.3,0.295,19.9,74.7,31.4,0.291,41.8,0.483,0
39.41,101.46,444.59,0.49,0.39,4.43,229.8,938.8,40.3,359.4,0.125,29.4,86.0,42.4,0.18,135.8,0.265,1
6.56,44.15,242.01,0.348,0.262,1.95,213.7,358.6,8.2,209.4,0.453,34.7,67.3,17.3,0.463,1423.7,0.767,0
6.35,38.43,152.64,0.348,0.298,1.68,141.9,1682.3,30.3,186.8,0.296,22.5,70.3,37.9,0.301,842.6,0.453,0
123.53,402.12,1826.05,0.415,0.341,7.16,344.7,2098.7,37.7,152.3,0.203,29.3,76.9,10.2,0.241,539.5,0.179,1
97.64,292.25,1194.77,0.486,0.387,6.48,568.9,2121.7,41.2,279.8,0.609,21.9,93.7,33.0,0.607,555.2,0.133,1
91.68,188.19,447.45,0.543,0.426,4.15,321.5,331.8,5.1,260.2,0.484,19.3,93.4,14.3,0.575,90.6,0.919,1
19.76,82.54,314.06,0.252,0.212,1.72,110.8,2450.9,37.4,231.9,0.485,20.4,66.4,17.3,0.604,294.5,0.628,0
7.0,57.06,267.54,0.253,0.233,2.08,86.4,808.8,42.6,62.9,0.435,26.4,44.3,17.5,0.475,859.5,0.269,0
92.51,335.69,872.8,0.403,0.363,7.44,426.4,610.1,22.5,42.8,0.519,22.1,81.0,33.6,0.57,537.1,0.505,1
3.06,43.09,239.17,0.254,0.191,2.84,160.6,933.0,29.7,176.9,0.699,19.8,69.2,31.5,0.631,492.6,0.748,0
11.37,60.1,258.5,0.129,0.116,1.2,117.0,1072.0,15.1,287.7,0.315,26.3,54.0,11.6,0.343,224.3,0.853,0
4.15,36.82,134.37,0.259,0.198,2.78,169.1,1467.6,39.7,25.2,0.513,31.3,72.7,38.7,0.548,970.3,0.584,0
15.59,40.41,227.93,0.324,0.279,2.53,299.8,1379.0,40.3,323.1,0.609,29.5,68.3,17.3,0.605,5230.2,0.868,0
141.36,331.15,1069.87,0.526,0.477,4.69,256.4,428.1,3.9,305.9,0.232,28.2,85.2,17.1,0.304,348.4,0.447,1
16.57,74.47,297.96,0.291,0.245,0.96,106.8,705.3,36.9,74.1,0.577,27.3,53.2,12.1,0.551,3391.7,0.823,0
181.0,437.52,1805.73,0.516,0.426,3.5,242.5,1857.3,25.2,148.2,0.348,28.1,82.4,12.2,0.423,2.8,0.08,1
2.52,19.87,101.65,0.101,0.095,2.62,314.2,543.3,20.4,22.3,0.647,35.5,72.8,25.8,0.698,291.7,0.659,0
60.44,218.71,706.74,0.417,0.315,4.85,505.5,1736.1,25.1,16.6,0.292,18.6,76.9,19.9,0.41,973.0,0.404,1
33.76,112.37,354.23,0.385,0.297,4.85,428.3,1895.3,21.8,149.9,0.55,27.3,97.9,21.5,0.696,377.2,0.708,1
18.46,65.46,288.18,0.11,0.102,2.1,223.0,1885.8,18.2,117.7,0.432,35.5,45.7,20.6,0.522,1012.7,0.687,0
125.83,307.93,1107.73,0.468,0.434,4.25,475.0,1853.9,29.0,290.1,0.587,28.4,87.3,32.4,0.723,198.3,0.547,1
56.81,137.62,527.52,0.496,0.409,5.68,680.2,656.2,21.1,98.1,0.628,22.5,76.8,8.3,0.709,330.1,0.821,1
92.45,278.21,995.22,0.413,0.354,3.52,189.0,1059.6,17.0,281.2,0.179,22.7,81.5,17.2,0.292,522.0,0.791,1
168.29,355.75,1317.77,0.429,0.336,4.81,417.0,1177.7,31.7,109.9,0.271,30.7,87.9,43.4,0.279,1.0,0.93,1
104.83,364.37,1209.86,0.533,0.494,3.71,262.9,2369.6,32.1,199.1,0.267,33.8,91.7,24.2,0.332,170.5,0.285,1
109.18,296.99,1052.49,0.542,0.458,7.05,499.2,829.5,30.2,307.5,0.129,35.1,88.1,10.2,0.158,92.1,0.53,1
11.13,32.2,155.73,0.122,0.105,2.38,215.8,2346.0,20.3,59.0,0.723,28.2,49.0,25.1,0.822,132.9,0.687,0
21.56,74.46,226.66,0.154,0.119,2.07,166.1,2185.0,27.5,125.8,0.463,34.5,41.5,38.5,0.472,1218.0,0.888,0
13.04,57.04,250.66,0.259,0.226,1.38,144.2,1914.9,36.1,261.0,0.243,23.1,59.1,19.4,0.243,2567.1,0.831,0
7.35,19.74,109.8,0.3,0.267,0.79,52.5,1721.6,36.6,75.5,0.467,29.4,53.2,26.7,0.515,554.7,0.496,0
10.46,36.77,173.34,0.148,0.12,2.42,199.6,1244.9,33.0,25.1,0.639,33.8,56.3,41.6,0.707,92.9,0.508,0
5.26,11.52,71.28,0.275,0.256,0.62,72.5,305.0,9.6,352.4,0.204,36.2,63.2,27.2,0.254,315.6,0.203,0
76.26,189.22,502.85,0.5,0.396,7.18,339.2,1221.0,33.5,124.6,0.521,33.7,98.0,31.3,0.593,544.7,0.831,1
19.08,71.03,238.72,0.129,0.12,2.89,177.9,69.7,8.8,316.3,0.197,35.4,51.4,5.9,0.18,1667.2,0.313,0
15.67,64.46,248.3,0.21,0.187,2.99,144.0,1227.8,38.1,79.4,0.653,35.7,70.8,37.2,0.678,2490.8,0.689,0
110.83,281.24,672.83,0.545,0.5,6.77,304.7,1582.3,26.6,190.8,0.256,23.4,88.3,38.2,0.284,61.9,0.61,1
6.31,32.34,127.14,0.193,0.171,0.77,31.9,1011.9,21.6,312.5,0.493,24.5,72.9,28.9,0.539,3017.8,0.306,0
128.41,290.96,629.54,0.539,0.45,5.2,360.3,322.9,14.1,22.3,0.112,34.0,75.6,8.7,0.0,75.1,0.879,1
13.1,74.94,296.77,0.286,0.234,1.73,186.5,1743.3,24.7,271.4,0.101,36.6,66.4,44.0,0.117,1912.1,0.486,0
68.44,249.74,1070.6,0.358,0.321,8.43,500.3,2106.8,33.3,47.8,0.543,34.2,85.6,32.4,0.618,69.7,0.856,1
98.59,244.25,670.28,0.458,0.371,6.98,460.1,1607.3,40.6,82.1,0.137,22.4,90.7,22.7,0.187,102.0,0.27,1
1.86,1.86,88.39,0.132,0.1,0.92,99.9,1453.3,24.4,127.9,0.238,37.8,43.0,40.0,0.274,2197.2,0.213,0
13.63,58.83,157.79,0.238,0.191,1.97,102.5,1064.5,30.2,106.5,0.71,30.7,70.3,21.3,0.779,948.8,0.586,0
98.03,296.0,654.29,0.523,0.472,6.9,406.5,1683.6,19.7,134.4,0.52,27.6,84.4,30.7,0.558,428.1,0.485,1
47.69,110.13,390.78,0.473,0.429,6.22,603.5,792.0,28.5,250.3,0.27,37.3,87.0,14.0,0.408,52.3,0.404,1
92.06,186.46,630.28,0.359,0.289,4.16,412.9,1453.4,23.5,87.8,0.536,35.9,90.6,40.7,0.563,207.0,0.659,1
204.09,684.41,1726.9,0.425,0.346,8.23,565.6,840.2,19.4,220.7,0.746,29.8,91.0,26.2,0.814,0.6,0.928,1
25.08,70.12,274.0,0.133,0.114,0.53,21.8,1547.5,29.7,214.2,0.383,25.3,43.0,14.5,0.398,1395.5,0.343,0
13.51,40.26,130.8,0.348,0.279,0.78,55.2,1172.1,43.5,87.2,0.431,27.4,63.8,8.4,0.419,2253.4,0.612,0
35.36,124.14,550.41,0.113,0.098,2.57,249.8,580.0,33.3,28.7,0.447,29.0,52.5,41.0,0.522,337.5,0.76,0
54.54,191.42,555.57,0.5,0.403,4.27,414.9,684.1,36.5,90.3,0.204,30.1,83.1,12.9,0.17,820.5,0.311,1
115.1,368.39,960.61,0.408,0.316,3.62,266.6,1821.2,21.6,234.0,0.447,32.1,83.1,44.6,0.502,481.4,0.319,1
17.47,95.56,424.46,0.318,0.248,2.93,199.3,431.4,8.0,91.6,0.51,29.9,52.6,10.7,0.605,56.6,0.881,0
8.87,67.35,201.75,0.282,0.226,1.38,133.0,732.9,41.2,76.6,0.418,35.4,41.0,23.4,0.416,1200.4,0.163,0
32.63,92.35,297.96,0.343,0.269,2.02,233.7,1811.4,27.9,337.3,0.4,20.0,47.1,26.2,0.398,458.1,0.337,0
16.08,54.28,213.71,0.117,0.11,2.31,238.5,78.8,2.1,345.1,0.243,37.0,54.9,14.9,0.341,2868.3,0.543,0
158.04,377.86,1056.63,0.382,0.337,4.15,242.0,16.5,14.8,143.8,0.478,21.9,90.1,44.7,0.594,109.9,0.502,1
132.05,296.27,651.18,0.486,0.382,7.12,833.1,992.3,32.5,279.8,0.456,23.6,96.2,28.1,0.49,242.4,0.643,1
70.63,213.6,987.01,0.55,0.459,6.03,535.0,2373.5,17.1,25.8,0.704,34.8,96.3,27.9,0.815,19.8,0.146,1
28.93,69.9,342.8,0.228,0.183,0.85,41.6,127.8,5.8,325.7,0.339,26.3,58.9,40.0,0.377,1028.3,0.899,0
18.56,71.29,285.34,0.269,0.238,2.61,174.9,2243.6,21.1,124.5,0.556,29.9,64.8,28.3,0.463,876.0,0.409,0
84.18,190.69,654.83,0.513,0.474,7.24,709.5,1413.5,16.1,275.8,0.609,29.8,80.4,24.1,0.778,563.7,0.631,1
127.43,305.76,1080.41,0.499,0.414,3.71,406.2,255.8,4.3,236.1,0.615,20.6,82.6,24.1,0.667,63.0,0.711,1
252.33,769.46,2523.37,0.368,0.307,8.18,673.5,2077.8,27.7,145.1,0.468,26.0,78.8,33.6,0.562,23.6,0.662,1
181.1,467.45,1922.63,0.535,0.444,6.31,322.0,124.8,13.0,27.6,0.506,36.2,75.7,19.0,0.653,136.3,0.704,1
4.3,35.8,181.88,0.316,0.266,1.03,51.6,1286.6,28.9,221.6,0.621,19.2,47.8,25.4,0.692,5695.9,0.543,0
81.77,304.85,838.56,0.468,0.354,4.13,273.2,1550.1,44.1,25.9,0.119,32.1,92.4,17.9,0.18,721.1,0.902,1
4.13,32.61,113.92,0.23,0.199,1.52,65.2,1699.5,28.7,345.4,0.24,27.9,49.0,40.7,0.231,2066.9,0.464,0
11.49,52.44,291.96,0.117,0.11,1.56,114.4,597.2,39.3,154.4,0.441,18.5,74.6,13.2,0.515,707.3,0.815,0
14.56,61.97,153.83,0.309,0.28,2.58,263.4,678.3,15.1,104.8,0.575,27.6,64.3,28.0,0.657,145.5,0.263,0
5.64,35.49,219.55,0.161,0.148,2.72,208.9,2123.0,37.3,75.0,0.217,25.8,72.1,17.8,0.182,1793.6,0.769,0
140.21,278.48,1088.8,0.466,0.371,5.43,577.6,895.4,28.8,26.8,0.665,30.7,91.3,27.1,0.763,72.9,0.617,1
14.72,64.06,261.67,0.23,0.2,2.86,265.1,1323.3,23.8,254.9,0.434,22.1,53.3,25.8,0.414,2209.5,0.849,0
122.9,381.57,1025.29,0.393,0.365,8.41,466.7,1119.9,15.1,356.6,0.346,25.2,80.0,23.5,0.389,120.0,0.618,1
143.25,367.66,1086.73,0.547,0.418,7.23,412.9,459.4,12.7,165.3,0.199,29.9,92.1,23.1,0.279,21.6,0.272,1
16.45,57.75,233.73,0.267,0.247,2.67,181.5,1022.4,38.3,253.7,0.464,33.1,45.2,22.6,0.541,1742.5,0.103,0
8.17,45.44,193.74,0.263,0.201,0.78,64.9,118.0,4.4,174.4,0.612,23.7,50.0,21.4,0.695,2508.9,0.675,0
60.61,151.98,627.4,0.516,0.488,3.63,342.4,384.9,15.0,145.7,0.303,32.4,87.9,10.7,0.262,296.3,0.273,1
28.79,109.1,384.47,0.292,0.224,2.28,122.9,2083.1,41.1,130.6,0.423,27.3,73.2,42.1,0.464,7234.1,0.872,0
7.22,30.68,153.32,0.303,0.25,1.36,71.3,2312.8,37.6,322.2,0.215,28.3,72.9,44.1,0.148,42.0,0.921,0
15.41,43.36,209.89,0.215,0.164,0.56,22.9,62.8,11.1,273.7,0.269,28.8,57.0,23.5,0.291,237.2,0.914,0
9.37,54.51,266.53,0.116,0.088,0.64,31.3,809.6,35.0,309.2,0.549,21.5,53.6,22.8,0.548,3499.5,0.237,0
121.77,354.41,1564.21,0.423,0.391,4.32,433.1,2339.5,38.7,34.7,0.728,23.7,88.1,21.1,0.893,66.3,0.54,1
107.81,306.87,1096.96,0.472,0.36,5.75,255.6,1801.8,41.0,130.4,0.498,33.8,86.4,13.7,0.499,415.3,0.909,1
99.93,277.84,663.02,0.514,0.467,3.69,326.6,40.9,1.4,75.1,0.51,26.7,80.2,8.0,0.629,878.1,0.052,1
100.21,293.67,674.89,0.533,0.496,5.45,479.9,278.8,11.3,61.6,0.673,25.2,97.8,5.9,0.809,10.9,0.176,1
44.54,156.78,557.44,0.455,0.426,7.26,866.9,1845.5,38.7,317.4,0.218,19.9,93.2,27.6,0.118,119.5,0.543,1
21.82,70.58,317.71,0.172,0.158,1.32,123.9,1703.4,20.8,320.1,0.629,21.6,45.2,33.3,0.757,912.5,0.435,0
111.48,303.11,987.87,0.496,0.466,5.26,504.5,2190.6,23.6,205.9,0.658,29.0,93.3,8.7,0.738,1926.2,0.211,1
78.12,274.63,1048.63,0.441,0.335,3.54,167.2,1894.8,41.3,93.4,0.551,27.6,80.7,24.5,0.544,109.5,0.429,1
137.62,313.68,1338.48,0.484,0.46,4.85,533.8,2363.4,26.9,350.9,0.123,37.5,81.4,11.8,0.127,570.7,0.155,1
81.07,219.14,506.96,0.511,0.385,7.38,484.2,1362.2,44.9,39.5,0.702,21.6,95.5,11.2,0.741,15.6,0.322,1
38.12,95.1,456.01,0.237,0.186,0.57,37.0,665.2,34.8,279.6,0.485,22.3,48.5,34.4,0.484,329.8,0.12,0
38.74,99.41,327.36,0.148,0.113,1.68,129.6,336.5,4.4,118.4,0.244,31.8,44.7,41.9,0.307,2360.9,0.433,0
8.54,39.56,167.12,0.176,0.158,2.5,241.3,21.4,1.1,145.0,0.416,25.9,45.3,41.2,0.429,3147.7,0.918,0
11.48,34.83,201.68,0.157,0.12,2.22,141.3,321.1,13.6,288.3,0.469,24.0,52.8,16.4,0.551,2784.7,0.677,0
129.63,286.45,1297.08,0.51,0.412,6.61,675.5,1502.2,26.1,13.0,0.152,19.1,87.4,15.3,0.164,35.8,0.353,1
164.5,412.26,1661.45,0.375,0.329,5.65,337.3,1020.4,26.3,168.7,0.485,31.0,85.7,25.3,0.527,361.9,0.828,1
3.98,18.41,158.43,0.193,0.164,1.67,83.2,1982.8,25.3,147.6,0.503,35.2,55.5,43.7,0.478,156.9,0.097,0
162.75,518.72,2234.22,0.431,0.335,7.88,754.8,827.8,24.9,94.4,0.617,37.6,89.0,6.8,0.651,442.6,0.199,1
15.45,69.38,299.16,0.34,0.29,1.65,187.4,897.5,20.8,346.8,0.7,27.1,53.7,42.3,0.66,3131.2,0.188,0
25.06,80.98,355.26,0.153,0.125,1.28,144.9,1546.2,20.7,179.1,0.4,30.6,68.1,11.0,0.55,1851.5,0.552,0
16.44,74.47,272.26,0.175,0.152,1.54,69.2,2344.3,38.8,156.5,0.282,22.0,44.9,18.8,0.271,399.5,0.153,0
11.08,54.99,202.17,0.101,0.086,2.92,208.1,1481.5,33.5,248.2,0.542,33.3,44.7,16.1,0.509,213.4,0.109,0
188.82,603.93,2169.82,0.463,0.439,6.77,426.7,584.4,23.2,267.7,0.197,24.3,91.5,32.6,0.227,16.2,0.907,1
26.09,64.04,303.1,0.205,0.189,1.33,101.9,984.6,38.5,94.5,0.164,35.1,72.0,34.6,0.185,2938.3,0.913,0
114.29,385.9,1246.88,0.386,0.29,7.71,339.4,2308.3,32.9,109.1,0.609,34.8,87.1,35.4,0.661,105.7,0.327,1
113.73,387.71,1217.48,0.431,0.339,6.0,437.0,2008.7,29.3,13.7,0.66,19.9,97.7,8.1,0.777,381.9,0.916,1
20.26,62.98,351.59,0.138,0.128,1.96,229.6,94.9,1.5,357.1,0.629,30.8,56.8,8.2,0.704,496.7,0.483,0
117.06,368.84,1289.56,0.494,0.424,5.77,492.4,642.2,24.1,0.1,0.678,34.7,96.2,41.2,0.754,385.2,0.613,1
53.65,190.39,911.47,0.384,0.347,4.2,241.2,1513.9,37.2,172.8,0.28,28.5,83.8,36.8,0.334,93.5,0.107,1
11.15,47.41,280.2,0.207,0.176,2.57,269.1,1847.4,22.1,160.2,0.508,32.3,50.1,41.7,0.544,653.3,0.614,0
1.87,30.35,115.77,0.324,0.294,2.11,151.1,309.1,5.6,289.7,0.498,22.3,55.9,32.7,0.469,380.5,0.707,0
11.69,43.64,101.54,0.24,0.187,2.2,99.1,1292.4,40.3,25.0,0.129,30.5,71.4,7.3,0.156,612.4,0.62,0
9.86,33.89,177.42,0.197,0.177,2.85,194.4,1410.5,30.7,112.1,0.117,30.1,46.8,32.5,0.128,2299.9,0.726,0
32.88,71.47,254.63,0.163,0.151,1.52,160.0,312.1,12.5,260.0,0.669,23.4,50.3,41.1,0.777,72.3,0.611,0
345.33,967.81,3567.36,0.392,0.315,3.68,212.3,1104.7,34.4,352.6,0.112,36.5,88.4,18.3,0.134,3.4,0.788,1
126.64,374.9,1205.51,0.518,0.427,3.89,257.1,17.7,14.6,358.6,0.574,26.6,79.1,9.3,0.606,212.8,0.718,1
29.35,117.34,531.53,0.341,0.296,0.96,59.1,1751.6,44.7,64.8,0.379,32.1,46.1,8.3,0.432,1839.2,0.839,0
30.09,96.97,438.44,0.194,0.179,2.52,281.7,200.7,14.4,25.8,0.126,19.7,72.5,9.5,0.16,763.1,0.764,0
99.16,246.62,749.51,0.512,0.477,4.0,253.9,374.1,10.1,177.1,0.653,18.1,85.0,8.7,0.762,505.3,0.693,1
7.92,35.55,203.14,0.329,0.282,1.36,80.7,1983.0,34.0,12.8,0.353,36.9,73.1,28.6,0.483,7.5,0.705,0
24.13,104.21,338.54,0.136,0.12,1.12,127.4,1040.4,41.3,169.1,0.578,32.3,40.6,14.4,0.57,658.9,0.667,0
23.31,85.37,263.95,0.174,0.161,2.55,306.4,1736.3,40.3,340.1,0.426,21.0,54.6,6.7,0.509,293.3,0.334,0
107.81,347.41,889.45,0.455,0.362,5.12,448.2,1639.8,43.3,303.1,0.665,29.0,89.0,41.4,0.665,84.2,0.274,1
14.74,45.71,122.45,0.241,0.221,2.06,236.6,385.1,6.7,16.5,0.426,20.0,51.0,32.3,0.454,3730.3,0.769,0
68.76,205.84,880.66,0.443,0.355,8.25,837.4,431.0,14.2,8.0,0.591,33.6,78.0,40.1,0.619,391.8,0.883,1
96.37,271.3,1009.47,0.497,0.43,3.78,207.9,1651.2,43.3,150.9,0.49,25.5,82.8,24.6,0.507,523.6,0.842,1
9.83,28.32,134.08,0.292,0.274,1.34,127.3,603.0,34.5,39.9,0.608,18.8,61.0,40.2,0.66,117.7,0.766,0
111.09,366.86,1377.16,0.385,0.328,4.36,450.5,1109.7,42.5,133.2,0.171,18.5,90.9,33.5,0.258,847.1,0.413,1
11.04,37.54,208.86,0.349,0.268,1.35,134.5,2055.1,22.6,251.3,0.33,22.9,65.8,34.9,0.251,56.3,0.421,0
119.85,303.4,1113.88,0.415,0.386,7.69,633.2,691.9,37.3,120.9,0.339,21.8,91.3,18.8,0.332,26.2,0.758,1
87.0,289.03,1244.62,0.435,0.377,6.94,563.5,862.8,30.5,131.4,0.173,37.9,88.7,19.7,0.187,183.3,0.501,1
177.55,473.29,1505.37,0.482,0.368,3.79,400.9,790.1,34.5,28.7,0.682,37.0,96.7,42.5,0.74,304.2,0.84,1
2.01,25.19,139.37,0.102,0.077,2.41,229.3,1867.6,32.0,325.5,0.273,35.6,57.6,25.5,0.162,299.8,0.093,0
121.43,428.64,1708.78,0.398,0.319,6.82,705.0,809.8,36.9,297.5,0.606,25.7,75.4,44.1,0.674,133.4,0.9,1
11.33,27.49,126.28,0.227,0.176,2.4,135.8,963.5,21.2,135.7,0.416,18.3,60.5,22.5,0.403,1058.1,0.761,0
13.47,77.54,279.38,0.303,0.265,2.04,239.5,1393.9,44.3,200.5,0.677,25.7,64.5,41.3,0.77,396.6,0.652,0
16.1,79.73,405.32,0.114,0.099,0.58,57.1,1282.6,30.3,177.5,0.574,33.3,55.2,10.8,0.638,657.5,0.288,0
142.73,315.0,1306.74,0.48,0.44,5.77,426.1,696.4,39.6,77.7,0.592,20.0,76.4,13.3,0.686,287.6,0.934,1
103.09,279.69,614.33,0.486,0.414,7.03,618.4,1527.1,15.6,83.0,0.417,21.8,96.1,33.0,0.481,89.6,0.765,1
20.17,58.53,197.78,0.109,0.087,0.55,50.4,892.6,19.5,179.8,0.353,23.3,49.9,39.8,0.355,295.2,0.594,0
236.58,592.04,1870.78,0.406,0.309,3.51,365.5,1150.7,25.0,152.5,0.405,19.4,83.4,24.8,0.474,519.8,0.607,1
5.99,45.93,183.33,0.119,0.089,1.55,149.0,949.8,36.3,146.1,0.418,25.1,53.1,31.2,0.525,976.5,0.743,0
62.59,166.51,464.1,0.481,0.45,3.77,405.5,1963.7,24.3,301.5,0.138,24.9,84.1,28.1,0.18,241.5,0.725,1
25.82,82.13,261.26,0.24,0.187,2.9,207.9,1355.0,38.3,8.4,0.169,27.3,73.8,15.3,0.157,2332.1,0.449,0
113.85,305.68,796.78,0.393,0.334,3.57,263.1,2469.1,18.9,346.0,0.288,19.0,90.6,39.6,0.249,187.8,0.178,1
7.1,36.22,174.16,0.122,0.111,1.06,58.6,1238.8,28.3,285.0,0.369,22.4,50.7,38.4,0.298,87.9,0.145,0
106.68,344.52,1426.36,0.456,0.427,6.1,496.0,2227.9,24.6,322.2,0.144,28.1,85.1,20.8,0.096,142.2,0.479,1
14.62,55.96,194.0,0.271,0.214,2.94,212.4,1438.6,17.9,233.2,0.412,34.5,67.1,5.6,0.543,2820.3,0.315,0
11.32,65.96,274.46,0.123,0.098,1.58,146.8,2234.3,36.8,102.2,0.478,19.8,51.4,14.5,0.486,1809.1,0.132,0
23.68,114.77,441.86,0.314,0.247,1.8,159.2,1663.7,41.3,187.8,0.724,20.0,46.2,5.3,0.828,4202.0,0.523,0
70.85,186.3,800.4,0.488,0.382,4.95,538.0,310.6,6.9,160.6,0.168,19.5,83.3,43.9,0.14,331.3,0.872,1
44.83,150.74,480.53,0.405,0.34,4.4,235.3,244.1,2.8,63.7,0.626,27.9,96.5,37.2,0.671,1076.7,0.646,1
6.34,30.82,130.57,0.147,0.129,1.24,140.9,1913.2,44.0,352.1,0.575,21.6,49.7,36.4,0.574,4135.1,0.181,0
97.14,356.55,1541.87,0.41,0.365,4.35,250.8,1712.6,39.0,108.8,0.585,25.4,95.8,37.5,0.639,307.1,0.753,1
127.94,332.58,1424.0,0.366,0.299,7.99,780.1,1132.1,22.2,15.0,0.649,25.8,81.2,19.7,0.732,190.1,0.234,1
114.24,404.2,1487.59,0.375,0.328,4.94,394.4,1079.4,41.3,175.9,0.728,20.2,91.5,8.6,0.752,950.8,0.513,1
61.94,205.36,487.8,0.517,0.388,6.09,586.2,1655.3,20.7,38.7,0.516,37.1,84.8,30.2,0.562,137.1,0.902,1
10.55,52.51,205.27,0.219,0.203,1.96,162.8,1393.0,19.4,298.0,0.675,30.3,66.9,31.4,0.798,8136.3,0.726,0
29.09,92.75,311.01,0.202,0.186,2.51,231.1,514.2,41.4,11.9,0.182,33.0,49.7,24.5,0.265,2096.6,0.789,0
90.84,254.59,733.21,0.408,0.35,4.67,467.8,2189.6,42.7,18.4,0.255,31.3,81.7,44.7,0.343,52.4,0.498,1
169.08,484.46,1177.09,0.362,0.289,7.69,426.6,1761.0,28.6,284.5,0.345,26.9,93.3,24.9,0.405,74.2,0.95,1
118.26,284.81,789.6,0.47,0.444,7.19,484.5,1632.3,34.6,45.7,0.15,37.0,89.3,20.9,0.272,657.4,0.257,1
5.44,39.63,178.87,0.348,0.317,0.7,76.9,1196.3,24.6,202.8,0.243,24.7,44.8,13.7,0.276,1370.3,0.677,0
37.63,134.4,594.44,0.235,0.177,2.7,288.6,2364.6,38.0,224.9,0.737,36.9,71.4,19.3,0.832,3568.2,0.853,0
100.28,339.03,1333.35,0.537,0.453,6.02,569.2,37.0,13.2,358.2,0.582,30.5,96.9,29.1,0.587,138.6,0.597,1
128.1,351.76,803.24,0.36,0.277,8.4,541.3,1749.0,21.0,91.6,0.567,26.8,84.8,14.5,0.676,374.8,0.896,1
49.12,123.57,579.36,0.402,0.312,3.62,204.6,2456.8,35.8,106.5,0.448,31.5,97.1,21.2,0.534,473.7,0.902,1
158.54,496.18,1983.8,0.432,0.324,7.72,339.0,1481.1,41.6,23.7,0.247,34.6,79.9,15.3,0.317,11.3,0.837,1
77.09,211.96,547.33,0.525,0.466,7.0,802.9,1487.3,38.0,18.1,0.179,36.5,76.2,42.4,0.081,755.0,0.679,1
19.38,69.36,183.0,0.332,0.266,1.17,106.7,1986.8,38.8,147.4,0.441,30.3,71.5,39.6,0.452,466.9,0.854,0
4.84,24.33,98.84,0.118,0.096,2.63,192.1,69.6,8.0,237.1,0.528,31.6,45.9,9.8,0.631,1690.3,0.243,0
61.96,138.59,515.8,0.482,0.366,6.64,632.0,297.7,5.8,238.4,0.466,37.1,90.8,41.6,0.471,457.8,0.629,1
83.47,259.21,709.46,0.41,0.308,6.98,535.2,2115.7,30.2,279.6,0.399,28.3,89.4,32.2,0.465,97.7,0.293,1
12.51,44.31,138.19,0.263,0.239,2.29,155.8,1645.7,15.4,194.3,0.116,35.5,62.9,25.7,0.12,645.2,0.142,0
40.74,136.05,471.79,0.154,0.136,2.71,217.1,2456.8,35.0,285.6,0.489,28.8,64.9,7.3,0.576,3144.1,0.708,0
110.98,319.4,1265.66,0.446,0.369,5.14,508.7,1024.3,38.3,64.9,0.439,34.7,92.3,23.9,0.573,409.6,0.271,1
4.48,10.43,86.37,0.119,0.091,0.98,104.8,1123.0,38.5,228.3,0.284,29.7,74.2,29.0,0.261,481.9,0.172,0
23.67,61.22,264.27,0.162,0.146,1.59,76.4,1662.9,43.0,280.2,0.618,22.7,42.1,37.0,0.713,5949.8,0.55,0
101.95,347.06,907.92,0.397,0.371,8.34,377.0,459.8,14.1,205.6,0.55,21.9,78.1,6.2,0.616,399.8,0.156,1
111.02,230.35,728.71,0.514,0.439,8.28,556.5,727.2,20.6,260.6,0.732,24.4,97.0,24.5,0.78,147.6,0.553,1
146.44,469.0,1409.75,0.526,0.409,7.6,327.7,2152.3,42.8,51.0,0.426,23.4,80.8,31.7,0.508,23.7,0.692,1
32.78,98.01,334.84,0.233,0.206,2.23,177.2,2009.4,37.5,159.5,0.144,26.1,49.7,29.7,0.178,5685.2,0.113,0
133.35,447.76,1439.69,0.429,0.328,4.87,515.9,1432.0,27.5,306.5,0.704,31.9,96.0,20.5,0.753,167.0,0.659,1
19.49,102.85,291.02,0.331,0.259,2.52,171.2,903.2,19.2,114.4,0.398,35.2,66.3,32.0,0.446,5535.0,0.615,0
7.68,42.9,117.55,0.168,0.142,1.17,91.7,1594.2,40.1,323.6,0.746,21.2,54.4,39.1,0.774,1986.7,0.211,0
124.21,349.46,990.21,0.484,0.387,7.5,644.3,439.6,2.1,355.7,0.427,29.3,97.9,6.7,0.525,99.3,0.678,1
332.0,883.82,2047.56,0.416,0.389,6.55,741.2,1088.6,40.0,50.2,0.372,31.2,79.1,10.8,0.379,45.0,0.675,1
104.65,247.52,695.66,0.405,0.37,7.73,882.3,1262.5,31.7,53.2,0.15,28.8,85.2,38.5,0.117,321.4,0.458,1
186.97,396.99,857.06,0.424,0.342,5.49,496.8,1159.1,31.1,134.9,0.181,19.3,78.5,18.2,0.264,107.1,0.443,1
213.15,629.78,1884.53,0.461,0.435,8.45,344.7,1052.6,33.1,202.7,0.173,30.8,85.4,20.4,0.108,575.2,0.429,1
13.84,68.88,236.4,0.322,0.266,1.63,89.9,945.3,27.6,274.7,0.516,24.5,56.6,32.6,0.587,1041.1,0.186,0
18.72,62.04,295.97,0.212,0.183,1.78,100.1,1449.7,18.3,24.3,0.446,22.7,50.0,44.6,0.523,645.5,0.933,0
24.14,80.94,382.38,0.256,0.22,2.59,227.8,900.4,32.6,281.4,0.741,26.9,43.7,34.3,0.783,676.9,0.341,0
11.17,40.17,187.1,0.234,0.206,2.01,194.0,1478.2,27.6,58.9,0.382,32.3,54.3,19.4,0.404,981.5,0.819,0
66.22,237.59,837.47,0.411,0.329,4.95,233.3,1304.6,28.8,30.6,0.203,29.0,79.6,22.2,0.209,19.0,0.36,1
13.46,47.92,232.95,0.291,0.272,1.22,77.3,889.5,33.0,217.0,0.284,23.1,73.0,31.2,0.316,1773.2,0.713,0
87.31,226.13,824.88,0.396,0.318,6.02,485.3,1964.1,19.3,27.8,0.621,21.3,87.9,25.2,0.68,14.3,0.877,1
47.59,175.67,798.73,0.407,0.36,4.45,452.7,116.7,11.7,26.3,0.636,25.0,94.4,23.7,0.673,46.7,0.442,1
125.56,265.07,1131.32,0.494,0.446,7.32,494.2,681.2,23.6,222.3,0.177,18.7,86.4,25.8,0.152,88.3,0.228,1
206.78,622.01,2755.95,0.494,0.457,4.84,385.8,1243.7,26.3,251.6,0.74,35.6,87.0,32.3,0.88,300.0,0.329,1
66.65,224.88,660.61,0.359,0.302,7.66,610.5,2282.8,17.9,330.9,0.329,23.8,84.3,21.1,0.402,706.8,0.411,1
18.63,72.44,177.67,0.152,0.136,2.12,241.7,189.5,5.5,344.7,0.333,35.7,59.7,11.8,0.34,314.5,0.303,0
5.29,39.83,146.8,0.127,0.098,1.02,110.1,1463.5,22.7,171.7,0.285,32.4,52.5,28.4,0.25,2370.1,0.572,0
213.35,723.9,2528.3,0.476,0.431,6.98,757.8,433.4,2.8,231.8,0.599,36.9,93.9,19.3,0.758,41.0,0.819,1
21.09,72.2,298.83,0.141,0.127,1.88,100.0,40.3,12.2,280.1,0.71,29.6,69.2,24.7,0.848,369.2,0.583,0
24.84,85.14,292.97,0.278,0.231,1.32,148.2,2168.1,15.3,332.3,0.564,33.3,71.4,44.3,0.596,962.4,0.769,0
160.1,468.94,1329.81,0.442,0.359,6.68,477.5,2192.6,17.1,8.0,0.161,21.5,84.6,14.0,0.272,192.3,0.167,1
16.12,76.41,362.28,0.134,0.11,2.88,240.4,694.4,30.0,78.5,0.602,31.4,42.9,28.6,0.607,169.3,0.597,0
73.64,229.13,714.24,0.535,0.411,7.6,677.3,2153.0,27.8,188.8,0.606,28.8,90.6,37.7,0.605,110.5,0.161,1
88.72,314.16,1109.92,0.426,0.374,7.81,581.0,949.1,23.8,83.4,0.522,27.5,93.7,20.4,0.655,547.4,0.881,1
152.96,537.47,2089.86,0.547,0.51,7.94,535.6,127.7,5.7,186.1,0.225,22.6,89.9,30.9,0.229,504.6,0.915,1
25.12,55.78,253.23,0.244,0.215,1.06,63.7,568.6,21.0,244.5,0.425,31.8,73.0,17.3,0.49,707.2,0.253,0
10.82,53.32,173.87,0.325,0.281,2.76,224.0,1629.9,19.1,277.1,0.121,28.4,48.0,13.2,0.108,180.7,0.639,0
90.86,197.99,915.86,0.371,0.352,6.83,731.1,523.4,17.1,300.9,0.266,35.2,77.3,22.7,0.31,75.4,0.225,1
9.94,64.79,205.6,0.203,0.174,0.97,98.1,1446.8,17.2,358.0,0.537,19.9,55.1,35.8,0.578,1142.7,0.632,0
196.35,526.03,2198.79,0.358,0.293,7.52,607.5,464.4,2.1,316.7,0.336,19.3,97.9,27.4,0.415,266.2,0.32,1
88.66,232.86,982.97,0.488,0.435,5.58,376.1,528.9,38.7,125.1,0.204,20.0,77.1,38.5,0.244,594.7,0.81,1
87.18,295.37,1092.46,0.453,0.387,6.27,257.4,1691.9,39.1,104.6,0.17,24.3,95.8,16.7,0.18,67.6,0.571,1
6.02,25.45,124.32,0.115,0.109,0.8,45.1,2176.6,42.4,108.7,0.597,34.2,63.3,38.0,0.676,2468.4,0.169,0
6.87,16.48,86.42,0.245,0.227,2.1,115.3,1873.0,34.8,33.1,0.284,29.2,41.4,42.5,0.379,613.7,0.414,0
85.6,236.73,983.91,0.536,0.504,5.91,515.0,154.4,1.1,238.7,0.726,30.2,87.3,20.1,0.845,215.4,0.511,1
6.37,44.63,186.62,0.213,0.159,1.3,148.2,2308.3,18.9,3.8,0.58,29.0,64.3,42.0,0.71,10923.5,0.833,0
9.86,57.34,256.69,0.203,0.166,0.95,62.0,409.5,4.8,105.3,0.33,29.8,69.0,40.3,0.373,1361.5,0.755,0
71.34,228.21,507.65,0.46,0.402,4.87,503.9,1821.1,28.2,276.1,0.323,18.3,84.9,8.1,0.446,231.2,0.478,1
77.86,159.27,757.57,0.376,0.305,7.47,496.2,1822.6,22.5,168.9,0.192,32.1,75.4,32.9,0.181,283.9,0.091,1
134.89,333.83,1522.02,0.369,0.325,7.67,897.8,1134.2,24.5,148.7,0.565,33.8,97.7,37.4,0.748,125.5,0.156,1
156.87,483.07,1866.79,0.483,0.432,6.08,337.9,1414.4,43.3,283.0,0.421,37.4,80.0,20.2,0.447,574.4,0.494,1
12.33,46.37,176.11,0.303,0.265,2.02,146.5,248.9,1.8,144.9,0.635,31.5,48.4,18.9,0.694,2316.4,0.51,0
232.29,446.78,1108.76,0.519,0.437,4.3,223.6,2432.4,19.6,170.5,0.279,28.6,81.1,39.9,0.381,838.9,0.223,1
32.09,90.56,339.07,0.533,0.474,5.57,323.7,171.1,7.0,177.7,0.321,28.6,85.0,22.6,0.348,270.3,0.196,1
11.33,58.23,255.51,0.143,0.129,1.28,61.9,2276.1,16.1,182.2,0.411,24.5,64.2,32.1,0.402,1462.8,0.214,0
56.25,176.87,674.64,0.546,0.485,5.49,267.8,630.0,33.5,36.6,0.559,27.5,86.5,24.1,0.648,527.4,0.066,1
52.32,119.36,442.91,0.358,0.326,8.49,766.0,984.6,36.6,190.1,0.66,18.8,75.7,17.9,0.749,503.2,0.596,1
50.72,154.7,679.9,0.524,0.492,5.82,597.3,1897.0,27.1,139.3,0.72,37.4,92.2,38.1,0.808,199.3,0.248,1
185.36,647.04,1871.52,0.414,0.319,5.6,260.1,2199.0,31.5,323.9,0.131,19.8,88.3,24.6,0.221,13.2,0.328,1
118.71,374.63,1584.95,0.534,0.498,6.94,400.4,1741.5,41.2,4.5,0.65,21.3,77.3,15.5,0.645,455.8,0.172,1
4.1,52.47,175.64,0.19,0.153,1.98,130.3,312.8,2.0,185.9,0.182,28.2,63.5,43.8,0.239,1769.7,0.378,0
17.37,81.28,208.54,0.282,0.243,1.11,127.8,886.8,19.9,350.8,0.739,26.6,60.3,10.9,0.819,779.7,0.147,0
183.8,424.65,1661.55,0.435,0.408,6.17,541.6,1529.1,22.8,5.5,0.129,35.5,85.2,10.2,0.095,167.7,0.443,1
107.41,287.4,1257.98,0.426,0.373,5.92,287.6,2466.0,21.6,248.7,0.303,24.1,79.5,41.1,0.44,294.7,0.433,1
19.69,56.9,214.44,0.362,0.278,6.71,467.0,1018.9,41.3,10.8,0.749,32.4,94.5,41.1,0.814,263.8,0.929,1
146.17,400.03,1313.25,0.491,0.417,4.19,407.8,763.3,16.4,310.5,0.261,26.5,80.0,35.5,0.238,171.8,0.341,1
112.05,392.46,1605.71,0.385,0.358,5.51,652.0,708.1,17.5,70.7,0.656,25.6,87.7,11.0,0.749,252.0,0.508,1
104.43,256.09,1108.95,0.443,0.368,6.67,660.6,2136.4,43.2,297.1,0.642,22.2,82.5,35.1,0.694,171.8,0.364,1
74.76,155.59,752.55,0.378,0.348,5.01,272.9,434.8,2.6,330.0,0.272,34.3,82.0,11.9,0.186,59.0,0.577,1
155.14,541.42,1599.75,0.471,0.428,6.56,692.8,1615.3,29.9,49.0,0.428,21.9,79.2,7.4,0.457,224.1,0.716,1
66.81,156.41,571.6,0.396,0.369,8.29,333.9,2122.3,32.4,35.4,0.15,18.2,89.6,17.7,0.288,51.4,0.26,1
155.03,420.61,1737.52,0.469,0.376,8.15,640.7,2134.8,38.5,301.2,0.188,34.6,95.0,33.4,0.189,310.0,0.863,1
121.15,333.76,1153.84,0.539,0.458,7.13,481.9,334.5,7.5,63.0,0.334,22.2,75.3,18.1,0.329,429.4,0.825,1
6.16,50.2,185.5,0.246,0.201,0.51,59.4,1985.1,26.2,19.2,0.689,21.0,55.4,33.7,0.803,653.9,0.787,0
3.82,27.74,139.39,0.152,0.13,1.94,84.6,2299.5,39.1,79.5,0.53,22.0,45.2,42.4,0.604,4257.1,0.235,0
11.77,54.79,203.39,0.149,0.113,1.63,98.8,1958.8,37.4,73.9,0.493,36.8,45.3,28.3,0.531,318.3,0.396,0
139.83,415.51,1062.2,0.359,0.286,8.26,502.0,1757.3,41.4,242.9,0.719,31.4,78.0,6.5,0.696,94.4,0.906,1
7.93,48.95,169.05,0.266,0.251,1.13,83.6,1297.1,22.6,169.9,0.606,31.8,64.5,6.7,0.579,1694.8,0.055,0
7.31,32.0,142.38,0.187,0.162,1.11,126.3,1921.4,17.8,275.6,0.746,21.0,50.3,11.4,0.785,3892.6,0.279,0
196.27,426.35,1331.72,0.407,0.319,5.06,466.8,1444.9,18.2,84.9,0.399,30.3,89.4,31.8,0.477,171.4,0.073,1
20.44,86.4,409.16,0.309,0.263,1.12,55.5,1024.7,31.3,176.7,0.226,35.2,67.7,17.4,0.271,3745.7,0.386,0
58.88,211.25,577.05,0.518,0.461,4.88,517.4,1239.6,22.9,38.0,0.376,31.6,86.9,19.9,0.391,352.2,0.618,1
6.72,29.74,143.38,0.257,0.223,2.07,187.1,1639.5,16.3,170.0,0.376,19.5,42.9,19.1,0.5,83.5,0.179,0
4.47,45.96,254.12,0.155,0.132,2.03,83.9,1402.0,40.1,179.8,0.605,26.7,40.6,19.6,0.582,5315.3,0.834,0
51.56,126.51,494.14,0.515,0.455,4.48,508.2,1675.8,40.9,328.1,0.273,32.2,91.5,29.7,0.3,5.0,0.503,1
24.57,88.54,263.81,0.127,0.099,2.24,98.3,2454.4,26.0,341.5,0.444,19.9,45.3,28.4,0.448,1218.9,0.194,0
12.24,48.18,260.37,0.145,0.122,2.1,186.7,659.9,18.9,315.1,0.364,25.2,48.2,39.7,0.393,332.6,0.763,0
124.2,271.31,1086.47,0.494,0.445,3.61,318.0,2489.4,22.5,332.1,0.395,32.3,81.4,44.5,0.334,2368.0,0.809,1
118.04,294.28,1060.99,0.357,0.309,4.9,434.3,144.8,8.3,16.8,0.165,34.7,79.0,38.6,0.127,344.9,0.555,1
15.97,39.95,216.93,0.117,0.109,2.64,284.6,1523.5,35.6,297.6,0.467,30.8,74.5,35.9,0.54,842.3,0.855,0
166.08,579.98,1373.14,0.487,0.409,7.34,366.0,2335.6,36.1,24.0,0.512,34.8,97.8,19.8,0.626,889.9,0.325,1
5.7,38.88,128.89,0.257,0.2,1.85,153.2,265.1,2.7,205.9,0.132,31.1,74.3,41.6,0.138,1932.9,0.676,0
6.64,40.85,246.77,0.335,0.254,2.46,211.4,2475.6,41.5,30.7,0.185,36.6,46.4,19.6,0.159,995.9,0.398,0
78.06,255.72,822.29,0.506,0.428,6.29,451.8,2297.1,44.7,284.8,0.146,18.3,77.0,7.5,0.139,492.3,0.617,1
271.3,838.46,3672.56,0.465,0.39,7.73,635.4,2136.7,25.6,0.8,0.232,25.0,93.7,25.3,0.216,516.1,0.857,1
207.25,724.63,1746.9,0.511,0.41,3.59,287.9,1322.2,42.4,138.2,0.146,19.3,90.9,15.6,0.159,790.3,0.086,1
123.6,260.72,757.41,0.434,0.377,4.31,434.3,542.3,34.3,190.6,0.369,25.6,89.8,24.4,0.391,10.8,0.134,1
135.89,383.62,1214.32,0.407,0.326,6.77,349.9,232.1,12.5,97.5,0.268,22.9,87.2,32.2,0.278,1099.1,0.888,1
87.52,282.16,1111.6,0.397,0.315,7.21,305.4,171.1,10.1,181.9,0.58,22.9,91.9,39.5,0.652,102.2,0.166,1
40.98,94.45,284.9,0.268,0.234,2.8,320.9,1474.1,26.4,315.4,0.704,23.8,47.2,15.0,0.807,3491.3,0.173,0
34.72,87.98,239.69,0.357,0.336,8.2,533.5,1758.7,17.2,219.6,0.443,23.8,86.9,41.8,0.477,1817.9,0.466,1
10.57,58.24,279.38,0.256,0.202,1.64,169.3,559.3,22.4,199.1,0.333,29.6,54.7,44.7,0.348,2406.4,0.213,0
4.64,43.45,235.41,0.239,0.188,1.8,118.4,1228.3,36.4,353.1,0.463,31.0,55.9,13.1,0.496,1913.2,0.797,0
42.77,143.17,465.7,0.259,0.222,0.5,20.2,1326.4,25.4,140.4,0.195,23.2,63.7,18.9,0.306,549.7,0.678,0
14.1,48.96,236.15,0.226,0.175,1.65,94.4,2242.8,34.4,317.5,0.624,20.8,70.1,33.6,0.653,1061.8,0.095,0
260.64,678.51,2211.28,0.468,0.379,3.65,177.0,323.6,9.5,232.8,0.455,26.3,89.9,19.8,0.461,869.5,0.217,1
139.2,336.97,1449.15,0.502,0.476,5.26,556.7,1996.4,32.7,279.1,0.117,23.9,88.9,13.8,0.036,356.0,0.832,1
78.7,272.86,996.17,0.39,0.358,7.19,386.1,1930.2,43.6,112.3,0.423,36.4,96.2,21.1,0.442,102.8,0.076,1
14.45,65.11,302.23,0.132,0.118,1.08,129.1,1706.0,25.3,219.8,0.505,34.0,45.5,33.2,0.542,1028.9,0.52,0
7.81,35.72,221.05,0.313,0.236,1.78,158.4,627.2,41.3,305.5,0.196,35.7,45.1,5.7,0.268,305.0,0.279,0
8.62,29.14,206.93,0.145,0.117,1.41,93.1,138.2,13.5,225.2,0.35,20.1,65.5,31.8,0.479,689.1,0.269,0
18.43,66.47,208.11,0.235,0.203,1.65,132.6,1958.9,30.5,243.4,0.28,25.7,59.7,41.0,0.3,289.6,0.206,0
146.99,499.25,1679.44,0.517,0.462,5.71,668.0,1404.3,25.9,184.0,0.416,35.0,82.7,44.5,0.371,101.4,0.537,1
190.64,666.82,2807.99,0.388,0.343,5.96,542.0,1573.3,25.5,45.7,0.407,21.5,81.1,15.2,0.416,131.2,0.628,1
62.5,171.69,650.22,0.54,0.425,5.33,535.0,2132.1,27.7,269.8,0.672,33.6,90.4,34.8,0.785,219.6,0.634,1
8.82,43.52,261.15,0.149,0.125,1.14,90.8,338.9,13.5,250.2,0.675,35.5,40.7,11.7,0.725,1391.8,0.11,0
85.8,232.46,1042.78,0.422,0.333,7.96,657.4,523.6,28.2,178.5,0.277,23.5,81.8,14.3,0.346,37.5,0.441,1
105.48,274.61,812.82,0.434,0.406,5.12,607.9,1058.1,37.9,145.1,0.583,37.3,82.9,31.4,0.626,182.6,0.388,1
167.97,526.04,1662.65,0.351,0.302,8.3,733.8,891.3,35.7,240.1,0.187,34.7,76.6,37.7,0.242,8.2,0.173,1
189.7,535.09,2005.69,0.4,0.331,6.94,578.1,2375.3,24.8,252.0,0.34,21.4,92.0,8.8,0.467,132.5,0.128,1
20.26,90.32,240.74,0.143,0.134,2.07,227.5,802.2,39.2,137.8,0.34,29.5,64.1,20.4,0.37,339.6,0.417,0
6.21,43.27,184.1,0.343,0.319,1.93,146.9,2249.4,37.7,110.4,0.65,22.6,67.6,39.7,0.701,1409.2,0.076,0
14.2,63.94,197.46,0.275,0.234,1.97,153.6,1334.9,33.5,349.2,0.148,27.2,51.2,35.1,0.158,6444.8,0.907,0
278.31,869.87,3597.28,0.446,0.396,6.33,612.6,249.4,8.4,351.4,0.435,28.2,86.2,7.1,0.455,363.4,0.373,1
15.04,63.94,296.39,0.27,0.22,1.46,77.2,1685.5,30.2,134.7,0.382,31.4,70.0,21.3,0.405,429.1,0.87,0
29.53,84.61,206.78,0.209,0.17,1.2,60.5,1871.2,28.6,345.9,0.488,30.3,63.4,21.1,0.522,1806.3,0.26,0
2.68,35.67,149.75,0.217,0.187,1.99,178.2,416.4,14.5,210.5,0.665,25.1,69.7,31.2,0.703,365.5,0.812,0
12.56,51.91,256.24,0.322,0.296,2.6,142.2,1054.7,44.7,5.1,0.146,28.6,66.4,8.7,0.212,260.3,0.133,0
123.08,396.31,1590.27,0.356,0.309,6.71,502.3,379.2,11.4,39.9,0.737,19.6,90.1,19.5,0.841,42.1,0.207,1
39.45,146.62,579.22,0.418,0.352,8.44,881.2,450.9,2.1,79.3,0.529,29.2,93.3,41.2,0.577,55.9,0.191,1
2.95,29.39,86.38,0.338,0.298,0.66,42.7,1722.0,32.3,293.0,0.597,37.5,57.1,8.2,0.665,223.3,0.197,0
2.24,22.0,89.76,0.266,0.242,1.12,111.2,1243.1,41.7,264.0,0.359,29.3,71.5,10.0,0.327,41.1,0.752,0
21.59,67.06,223.95,0.2,0.181,2.61,173.0,89.5,1.4,297.3,0.713,35.4,45.3,28.9,0.817,940.8,0.546,0
2.81,16.82,131.87,0.112,0.092,1.49,64.4,2337.3,22.8,187.2,0.316,35.4,72.8,19.6,0.319,1271.2,0.87,0
14.4,36.13,164.34,0.198,0.185,2.71,128.5,1729.6,43.4,202.2,0.603,37.1,55.2,5.6,0.597,16.0,0.628,0
28.21,71.69,363.0,0.331,0.249,1.11,82.7,141.8,3.3,16.3,0.634,19.4,56.0,14.8,0.767,23.2,0.503,0
3.62,35.26,124.72,0.111,0.093,1.94,126.9,1803.5,32.4,77.0,0.545,30.8,67.9,27.5,0.578,1016.5,0.655,0
280.57,785.39,2690.5,0.408,0.38,6.46,501.0,2095.7,31.1,165.8,0.593,36.4,89.9,38.2,0.604,267.5,0.384,1
98.47,325.72,1355.26,0.492,0.438,5.22,427.4,1020.0,44.4,287.6,0.195,33.8,87.2,30.9,0.126,116.2,0.392,1
69.65,192.81,806.41,0.191,0.17,1.02,118.0,1888.6,27.9,232.5,0.174,27.0,69.3,5.2,0.236,1298.0,0.072,0
9.06,55.03,224.34,0.146,0.114,1.07,83.5,731.8,44.3,223.7,0.464,23.4,61.6,13.6,0.501,1852.4,0.905,0
207.97,713.03,2014.07,0.53,0.459,4.65,505.4,312.0,2.0,321.7,0.321,24.9,97.1,10.8,0.432,1000.7,0.259,1
180.88,560.54,1299.07,0.498,0.47,5.86,632.8,2426.8,25.2,216.6,0.659,20.5,82.8,23.3,0.744,16.3,0.548,1
136.08,465.83,1914.37,0.547,0.433,7.06,783.4,20.9,12.7,98.6,0.246,22.2,81.4,17.3,0.258,261.9,0.94,1
217.9,511.08,2130.94,0.369,0.301,6.86,569.6,1313.5,19.4,175.4,0.533,32.3,81.4,27.3,0.569,474.0,0.2,1
13.26,70.98,223.31,0.269,0.222,2.55,160.4,254.4,6.4,257.2,0.259,21.5,50.5,12.9,0.298,1144.8,0.227,0
25.64,89.38,287.69,0.315,0.259,0.68,70.4,1495.2,44.2,299.3,0.21,34.7,60.7,33.0,0.315,787.0,0.419,0
119.35,315.33,1039.02,0.484,0.424,5.16,339.9,21.4,6.6,191.2,0.226,23.1,76.8,21.7,0.198,8.6,0.771,1
6.4,39.92,186.89,0.253,0.202,2.05,228.5,165.5,13.6,291.6,0.288,26.2,68.6,19.3,0.326,109.1,0.169,0
126.66,239.62,841.94,0.531,0.452,6.85,331.3,1766.4,17.9,356.3,0.635,24.0,81.1,32.5,0.707,111.2,0.917,1
102.54,311.05,1415.16,0.518,0.43,6.4,603.7,2026.0,18.7,22.3,0.748,24.5,75.3,32.9,0.8,21.4,0.375,1
170.05,510.87,2039.62,0.361,0.317,7.06,554.5,1987.4,36.3,263.0,0.438,34.2,96.3,9.0,0.47,429.8,0.504,1
28.29,87.28,220.54,0.322,0.257,1.11,98.4,443.0,9.2,333.8,0.18,32.4,52.6,40.3,0.208,81.7,0.804,0
150.65,457.13,1314.18,0.431,0.371,7.26,355.0,23.1,10.7,180.1,0.617,25.7,90.2,31.8,0.688,964.9,0.769,1
18.68,36.64,152.26,0.264,0.237,0.53,62.3,1875.5,18.4,137.1,0.178,25.2,64.4,18.5,0.236,1120.0,0.639,0
235.3,706.96,2036.42,0.435,0.387,4.44,431.4,466.5,14.9,198.6,0.26,31.4,89.2,24.8,0.196,299.4,0.411,1
79.79,204.6,835.73,0.487,0.446,8.37,525.4,803.9,40.9,326.8,0.719,31.8,81.2,12.4,0.829,29.7,0.883,1
23.32,83.47,320.61,0.338,0.318,0.69,76.9,694.0,31.8,306.7,0.24,18.9,47.6,11.3,0.303,206.7,0.524,0
204.77,513.23,1734.23,0.473,0.435,6.81,519.1,2329.8,27.5,216.1,0.47,22.3,76.5,40.9,0.505,122.2,0.661,1
221.88,598.98,2015.29,0.391,0.367,8.08,443.7,2193.9,27.2,335.4,0.688,29.6,95.5,27.9,0.696,96.2,0.242,1
34.53,124.31,372.54,0.302,0.227,0.76,56.5,1139.4,34.8,260.8,0.563,29.8,52.9,31.6,0.621,1799.4,0.258,0
48.89,176.07,536.24,0.165,0.145,1.99,130.2,1982.6,42.5,135.4,0.601,21.9,47.7,38.1,0.651,1964.0,0.199,0
7.29,43.16,191.71,0.276,0.222,1.14,110.4,1865.7,42.2,85.7,0.262,19.3,61.9,37.0,0.276,1895.2,0.764,0
25.77,84.06,395.07,0.175,0.159,0.67,28.0,1180.8,38.6,227.2,0.644,37.6,70.5,9.5,0.619,853.9,0.136,0
10.23,41.8,148.64,0.248,0.227,0.84,92.6,249.2,12.2,274.3,0.298,20.5,53.6,36.0,0.332,541.4,0.362,0
108.1,337.6,1226.57,0.382,0.29,4.1,306.1,1936.6,27.1,239.6,0.43,35.4,88.5,18.6,0.389,60.6,0.943,1
10.65,51.46,200.14,0.107,0.093,2.44,119.8,1697.6,36.8,221.2,0.411,25.0,64.4,23.1,0.505,96.4,0.654,0
22.03,93.29,423.97,0.122,0.112,1.9,193.1,399.3,8.1,32.4,0.418,35.1,58.2,5.9,0.382,745.8,0.141,0
121.45,366.9,1404.39,0.524,0.455,5.16,613.9,1221.0,42.5,215.2,0.628,30.5,79.6,24.1,0.697,115.8,0.682,1
1.51,12.18,87.37,0.304,0.254,2.68,301.1,1989.7,38.8,3.8,0.373,19.0,59.3,16.9,0.418,852.6,0.721,0
82.02,185.54,491.11,0.452,0.346,6.73,357.9,1923.2,44.4,14.5,0.643,36.2,82.2,24.2,0.658,207.4,0.849,1
21.74,58.97,233.12,0.21,0.188,0.59,34.0,2428.4,21.6,90.4,0.693,33.4,71.3,40.0,0.74,1288.2,0.106,0
19.92,68.79,305.89,0.279,0.213,1.56,185.7,1163.5,42.7,44.5,0.665,27.3,62.9,35.1,0.701,558.1,0.2,0
74.68,161.05,689.19,0.419,0.365,7.51,422.4,2067.5,44.2,82.2,0.695,29.9,88.1,21.9,0.771,206.3,0.4,1
184.0,546.1,1523.0,0.4,0.374,7.45,477.8,28.3,11.1,349.2,0.233,24.6,84.2,16.8,0.213,47.6,0.578,1
147.96,343.53,1257.65,0.432,0.361,5.43,487.4,1610.0,19.2,336.2,0.599,20.9,86.7,15.4,0.776,54.2,0.188,1
81.65,219.42,577.87,0.433,0.391,6.47,409.3,704.4,43.2,25.9,0.39,19.2,80.9,30.0,0.377,520.3,0.426,1
144.59,344.17,1445.29,0.442,0.402,4.69,330.7,399.2,1.3,30.4,0.624,28.8,91.0,19.3,0.665,466.5,0.159,1
25.42,98.15,433.26,0.183,0.138,2.49,247.7,1848.3,25.9,209.4,0.353,21.6,61.9,24.3,0.368,153.7,0.293,0
3.13,40.8,166.13,0.231,0.215,1.47,128.7,934.2,28.7,340.3,0.49,25.1,70.8,16.4,0.485,354.4,0.699,0
77.05,247.17,922.33,0.361,0.285,4.87,510.2,1538.6,16.9,274.2,0.174,24.0,86.0,26.4,0.162,157.1,0.772,1
110.59,316.75,1064.75,0.448,0.361,3.58,365.5,2078.0,27.4,247.9,0.433,25.5,78.2,6.1,0.459,34.8,0.87,1
124.83,380.56,1057.86,0.433,0.4,5.62,584.2,1348.6,22.4,145.2,0.283,21.4,84.2,20.8,0.251,204.6,0.582,1
29.1,62.76,324.88,0.213,0.189,0.56,30.2,1104.9,36.6,253.7,0.415,33.7,73.8,37.7,0.545,905.1,0.697,0
12.46,46.97,151.55,0.21,0.173,1.09,65.9,1556.2,31.9,217.0,0.612,32.7,50.3,13.2,0.663,2147.7,0.785,0
77.91,179.04,622.54,0.371,0.285,5.2,284.1,2490.2,43.0,284.9,0.285,34.4,93.4,21.9,0.34,283.9,0.188,1
5.93,39.01,192.07,0.337,0.279,1.23,61.4,325.9,14.8,331.0,0.621,27.7,55.2,23.3,0.762,880.0,0.754,0
249.48,591.05,2471.9,0.36,0.339,5.77,623.5,685.2,38.3,265.9,0.628,32.1,80.9,43.8,0.683,72.3,0.668,1
118.56,355.44,885.91,0.39,0.301,7.85,316.4,2336.3,39.4,85.7,0.66,20.7,80.7,38.3,0.706,172.0,0.533,1
15.01,36.19,154.71,0.189,0.173,2.01,181.0,2487.1,17.0,172.2,0.157,29.8,64.2,25.7,0.162,861.3,0.283,0
88.46,323.89,701.75,0.42,0.342,5.06,556.1,1398.9,39.6,260.1,0.103,36.7,93.4,13.1,0.275,1461.2,0.726,1
92.42,324.96,1401.94,0.482,0.424,8.37,447.1,53.1,5.6,293.9,0.514,24.1,95.7,27.3,0.608,6.6,0.389,1
23.69,101.05,276.13,0.325,0.285,1.39,159.5,2077.3,21.6,79.7,0.134,30.3,74.7,28.8,0.174,671.9,0.303,0
115.77,228.47,872.47,0.522,0.426,6.57,765.6,1580.4,30.1,201.2,0.368,22.4,75.1,23.8,0.486,156.9,0.071,1
157.6,546.23,1962.2,0.415,0.316,7.52,650.1,1318.2,29.0,338.2,0.687,24.0,92.1,16.7,0.77,1167.7,0.859,1
120.14,394.51,880.88,0.471,0.368,5.3,494.6,2414.1,43.6,241.7,0.268,37.1,85.1,37.4,0.304,189.1,0.386,1
17.23,55.5,182.26,0.269,0.232,2.97,163.1,341.6,1.1,194.8,0.274,19.8,44.4,18.6,0.342,2261.4,0.334,0
251.6,698.89,1910.66,0.423,0.398,4.87,577.7,868.3,27.6,251.5,0.479,33.4,95.1,21.0,0.557,252.5,0.056,1
9.52,47.51,270.44,0.33,0.308,2.63,260.6,1569.5,39.6,202.4,0.74,35.5,43.8,18.4,0.79,4051.3,0.432,0
2.79,43.85,189.55,0.297,0.229,2.0,162.5,21.6,14.5,104.6,0.167,30.0,53.9,41.3,0.161,4936.0,0.584,0
75.68,170.88,798.39,0.44,0.407,4.14,331.7,2164.6,39.0,146.6,0.725,18.3,80.7,30.3,0.749,295.4,0.815,1
22.77,62.53,132.92,0.148,0.118,2.23,199.9,1907.7,22.4,299.4,0.515,33.2,67.4,7.5,0.552,2199.4,0.156,0
11.33,56.04,152.42,0.138,0.128,2.41,132.1,594.9,27.2,211.9,0.593,26.0,43.6,14.4,0.773,1492.9,0.769,0
108.31,224.14,1013.33,0.499,0.45,7.87,691.1,776.8,42.4,153.8,0.216,33.3,77.3,33.1,0.272,9.8,0.543,1
73.78,187.54,718.78,0.388,0.365,7.78,354.9,770.8,29.2,40.6,0.489,20.6,91.7,24.6,0.573,74.0,0.709,1
124.59,448.06,1825.64,0.373,0.313,7.37,651.7,2154.2,42.9,41.4,0.201,30.4,92.1,26.0,0.258,166.6,0.592,1
170.35,343.65,1522.1,0.417,0.373,7.62,655.3,809.4,26.3,54.4,0.416,25.5,79.7,12.3,0.395,90.4,0.868,1
8.12,44.18,237.76,0.199,0.179,2.87,196.8,705.3,17.6,333.4,0.377,18.3,52.2,38.7,0.448,35.5,0.453,0
3.15,29.65,114.01,0.319,0.271,0.83,39.3,1851.8,37.9,344.6,0.589,28.6,43.1,34.9,0.624,2000.5,0.532,0
9.72,27.09,116.97,0.34,0.321,2.8,235.6,1451.0,22.4,264.0,0.34,29.9,57.7,25.2,0.352,2648.8,0.675,0
141.98,263.01,720.27,0.435,0.348,4.21,315.4,904.6,37.5,17.2,0.149,36.5,83.3,19.0,0.133,664.4,0.491,1
97.25,289.36,1233.62,0.362,0.343,4.63,300.6,1444.5,32.3,216.8,0.714,36.5,95.4,28.6,0.845,219.7,0.635,1
58.9,217.81,685.79,0.503,0.459,5.66,420.4,2299.4,44.2,224.7,0.194,32.0,86.8,9.6,0.222,241.1,0.066,1
108.39,389.53,1452.93,0.386,0.337,5.99,268.8,1131.8,27.8,354.5,0.349,25.6,95.3,23.5,0.378,87.8,0.591,1
16.68,58.91,279.61,0.135,0.103,2.19,102.5,21.8,14.2,86.2,0.438,18.6,44.7,8.8,0.453,1433.7,0.312,0
59.96,162.56,625.56,0.107,0.086,2.28,117.4,1837.2,36.7,260.3,0.677,32.3,54.7,42.0,0.662,1411.7,0.8,0
14.78,32.17,143.09,0.112,0.103,2.61,220.3,2495.6,19.4,357.7,0.163,26.0,44.5,15.4,0.17,522.5,0.257,0
113.4,377.87,1264.1,0.478,0.429,6.77,424.4,140.6,4.5,338.1,0.54,24.2,93.8,20.2,0.52,22.9,0.701,1
4.66,34.02,111.08,0.277,0.261,1.21,71.2,1532.2,34.1,127.6,0.38,24.8,73.1,28.3,0.481,1690.4,0.843,0
115.43,252.29,884.14,0.441,0.366,7.55,683.2,1002.3,44.3,50.9,0.612,19.6,90.4,14.3,0.812,3.2,0.155,1
9.64,40.7,143.04,0.139,0.129,1.58,138.9,1415.7,28.7,27.6,0.666,21.8,42.6,17.1,0.792,1202.9,0.91,0
14.75,74.04,210.01,0.275,0.253,1.59,106.4,776.5,31.7,21.5,0.238,32.2,56.1,41.0,0.26,850.0,0.226,0
18.95,45.94,248.08,0.238,0.225,1.73,199.0,1885.6,36.3,31.7,0.499,25.0,70.6,38.3,0.565,1739.4,0.683,0
22.93,88.39,428.38,0.475,0.382,6.37,457.8,242.2,12.1,352.6,0.44,19.1,91.4,12.9,0.506,529.3,0.814,1
108.78,329.74,1541.2,0.425,0.361,5.93,327.2,233.8,5.7,355.3,0.476,23.9,83.2,21.3,0.478,607.5,0.065,1
11.48,64.72,267.09,0.16,0.122,0.93,103.1,1355.1,28.6,41.6,0.656,35.7,54.4,23.7,0.768,441.1,0.901,0
3.35,27.7,142.39,0.178,0.154,0.81,77.5,809.2,38.1,29.5,0.292,35.9,55.8,31.8,0.309,920.2,0.387,0
89.31,250.14,978.77,0.418,0.375,5.49,548.4,2308.6,15.3,239.2,0.294,33.1,75.2,34.9,0.304,363.0,0.551,1
21.56,81.5,394.31,0.146,0.116,2.76,297.9,489.0,5.3,294.8,0.566,19.7,74.1,42.1,0.611,4641.8,0.729,0
289.38,976.68,4031.97,0.543,0.426,4.63,479.7,1941.8,40.6,273.0,0.429,36.4,96.7,26.5,0.499,11.0,0.394,1
249.37,740.26,3345.19,0.516,0.453,6.94,748.4,2436.8,42.9,3.3,0.491,35.8,78.4,34.5,0.597,77.2,0.546,1
49.6,151.14,376.54,0.18,0.149,1.95,113.8,823.6,37.2,156.5,0.605,20.8,42.1,39.5,0.78,1181.4,0.225,0
7.03,41.13,224.74,0.128,0.107,1.87,167.1,2294.6,19.7,259.2,0.342,26.3,52.3,39.2,0.354,733.5,0.21,0
178.28,487.54,1921.61,0.454,0.383,6.32,594.4,799.1,32.4,292.6,0.307,28.3,88.1,40.4,0.33,454.1,0.918,1
13.68,57.47,198.82,0.189,0.161,0.87,55.3,1389.8,23.4,249.9,0.369,18.0,66.2,17.9,0.39,506.4,0.31,0
17.68,66.14,215.84,0.254,0.201,0.73,87.6,10.9,5.0,118.7,0.117,23.8,64.2,31.3,0.058,22.7,0.886,0
59.44,187.82,496.67,0.406,0.351,6.21,649.9,668.0,21.1,97.5,0.633,23.5,80.5,32.5,0.675,588.6,0.172,1
117.33,331.4,1479.82,0.377,0.288,5.53,626.3,141.0,6.7,298.5,0.352,28.7,93.5,14.2,0.437,218.7,0.543,1
63.24,180.84,808.41,0.355,0.274,5.82,303.4,84.4,13.1,195.6,0.371,18.1,93.8,42.1,0.429,518.6,0.098,1
194.16,622.36,2273.94,0.548,0.489,7.9,339.7,2489.2,41.8,91.6,0.611,27.0,79.3,33.1,0.789,145.1,0.673,1
54.44,116.72,455.3,0.107,0.096,1.95,82.5,1914.6,16.7,312.2,0.233,24.6,67.7,11.3,0.216,157.6,0.738,0
4.97,34.6,161.04,0.267,0.214,2.16,235.7,847.8,16.0,294.0,0.197,29.1,52.4,9.1,0.202,1754.2,0.668,0
99.84,278.94,1147.76,0.389,0.306,7.79,651.9,1705.9,20.7,177.6,0.691,25.5,88.5,33.3,0.761,1.9,0.812,1
167.43,421.2,906.95,0.356,0.27,8.01,517.5,1322.1,32.0,291.7,0.701,21.5,82.0,26.8,0.789,1122.9,0.244,1
9.7,55.38,205.52,0.123,0.102,1.16,121.6,2295.5,17.7,37.2,0.616,33.3,53.2,35.8,0.655,104.3,0.173,0
133.11,293.79,1244.44,0.498,0.424,7.82,715.7,630.1,30.6,326.7,0.198,20.2,97.4,17.7,0.205,0.4,0.524,1
26.73,78.03,350.36,0.322,0.3,0.76,68.4,1286.0,36.6,352.0,0.638,29.3,67.3,16.1,0.776,686.4,0.16,0
17.17,61.05,245.29,0.299,0.225,1.28,133.0,26.1,5.7,3.9,0.707,21.2,43.3,14.0,0.835,2742.7,0.354,0
35.84,125.42,297.13,0.158,0.132,2.76,213.7,1821.4,38.0,312.1,0.655,34.0,54.0,7.5,0.744,427.4,0.186,0
12.96,69.44,240.75,0.322,0.269,2.86,151.4,1449.4,30.6,270.7,0.361,27.4,61.7,13.3,0.444,2282.6,0.634,0
0.33,16.91,106.88,0.27,0.251,2.11,239.6,1561.9,17.7,307.8,0.16,31.9,54.4,30.4,0.205,884.1,0.124,0
17.76,88.27,233.81,0.166,0.131,0.54,58.6,1817.3,35.1,106.9,0.348,23.2,60.9,16.3,0.358,443.8,0.226,0
2.42,28.08,175.5,0.111,0.085,1.61,96.2,959.6,24.8,343.8,0.103,19.7,59.5,17.7,0.149,713.5,0.896,0
86.95,196.11,595.85,0.51,0.421,5.25,347.8,399.4,2.0,299.9,0.438,25.0,76.1,13.0,0.549,30.4,0.544,1
145.67,346.08,1183.55,0.531,0.463,5.11,539.8,468.6,4.6,148.4,0.107,26.5,76.5,24.3,0.119,245.4,0.689,1
47.0,124.67,414.02,0.411,0.379,5.4,636.4,1832.5,23.2,283.8,0.464,33.1,93.7,26.2,0.514,281.3,0.361,1
179.91,653.91,2120.4,0.525,0.422,5.62,573.4,2485.5,39.6,153.4,0.392,23.4,85.4,44.0,0.512,337.0,0.405,1
8.72,52.04,209.52,0.119,0.095,2.56,113.2,1128.7,31.9,118.7,0.323,36.3,61.1,24.6,0.426,81.8,0.64,0
12.5,38.65,135.2,0.311,0.253,2.18,158.5,437.9,13.6,52.6,0.295,36.4,55.5,33.1,0.354,65.2,0.172,0
208.97,598.83,1520.13,0.455,0.352,7.39,754.8,183.7,10.5,334.0,0.639,24.8,82.7,25.5,0.706,376.5,0.292,1
11.69,52.51,235.63,0.252,0.239,2.09,161.9,1208.5,36.4,83.4,0.432,22.6,57.2,41.0,0.49,1245.6,0.108,0
70.43,230.07,738.48,0.504,0.432,5.4,507.9,1793.4,24.1,184.0,0.287,33.3,96.5,18.3,0.343,151.4,0.571,1
12.23,45.08,179.76,0.295,0.237,2.09,89.5,1509.3,43.5,190.2,0.543,27.5,49.8,32.6,0.58,1315.9,0.331,0
108.35,258.64,874.59,0.433,0.356,7.62,433.8,735.9,40.1,12.2,0.49,27.9,87.8,17.2,0.597,922.2,0.784,1
15.06,55.46,178.12,0.263,0.243,0.51,51.0,1490.2,44.0,286.8,0.307,33.8,41.2,37.6,0.337,1358.5,0.805,0
87.15,284.48,785.23,0.418,0.37,8.36,463.0,1362.9,44.1,249.7,0.742,26.6,95.7,17.0,0.849,93.6,0.068,1
124.37,406.7,1410.56,0.521,0.448,4.76,560.6,549.9,28.2,104.3,0.605,28.0,97.8,12.3,0.673,30.4,0.151,1
177.08,505.51,1511.66,0.523,0.468,4.38,303.5,1028.9,17.9,335.8,0.549,33.5,87.7,42.1,0.698,5.0,0.139,1
4.97,27.67,153.76,0.234,0.211,1.07,59.4,2190.0,30.2,357.0,0.163,22.6,40.1,40.9,0.148,1237.2,0.324,0
98.17,350.91,936.49,0.438,0.346,3.91,217.4,1883.7,18.6,242.6,0.191,36.5,97.3,31.3,0.259,379.1,0.797,1
161.49,540.83,1331.68,0.436,0.341,5.43,293.1,2324.7,29.7,269.5,0.475,30.4,85.0,14.6,0.539,134.5,0.644,1
96.21,231.6,731.98,0.432,0.408,4.49,304.5,2231.1,31.5,21.4,0.695,31.2,85.2,17.5,0.811,571.6,0.721,1
121.29,245.11,780.3,0.45,0.355,3.69,319.2,626.0,32.3,156.7,0.404,37.2,84.4,33.7,0.469,14.9,0.053,1
173.05,495.1,2163.38,0.365,0.308,4.63,512.0,2156.7,15.3,8.9,0.192,19.4,82.0,10.7,0.256,196.3,0.742,1
31.44,84.3,223.35,0.311,0.294,1.86,213.4,1541.5,40.7,258.9,0.449,22.7,74.1,19.2,0.491,1392.5,0.784,0
62.79,166.75,812.0,0.408,0.34,7.18,631.6,2405.7,28.8,299.1,0.713,30.7,94.1,44.7,0.841,516.5,0.249,1
119.76,258.78,1193.36,0.35,0.299,4.25,385.0,497.7,6.4,42.9,0.471,20.6,80.9,31.1,0.503,221.5,0.693,1
173.73,625.13,2146.26,0.487,0.443,8.18,668.3,866.2,18.3,33.8,0.648,26.0,85.7,8.6,0.715,1192.2,0.271,1
5.36,33.38,168.35,0.191,0.156,2.68,179.2,1007.6,37.4,296.4,0.659,30.1,63.5,38.8,0.706,171.3,0.383,0
7.17,23.15,138.26,0.152,0.127,2.51,207.2,69.1,11.3,182.6,0.234,21.0,67.4,6.0,0.271,736.9,0.078,0
158.62,534.06,1514.82,0.494,0.403,4.31,229.7,1204.3,37.2,304.7,0.449,25.4,87.0,43.9,0.443,652.6,0.766,1
104.11,337.91,961.64,0.417,0.336,4.2,276.6,2360.1,42.8,142.5,0.146,28.7,79.3,43.9,0.266,208.4,0.329,1
13.49,72.56,186.31,0.292,0.246,0.63,35.3,2040.1,36.9,62.8,0.191,32.9,65.8,18.2,0.207,533.2,0.18,0
63.44,236.52,861.32,0.423,0.38,4.28,458.9,506.2,33.4,133.5,0.363,18.9,80.2,27.0,0.407,276.6,0.892,1
11.48,39.71,149.32,0.126,0.116,1.18,62.4,713.2,36.2,100.5,0.144,21.4,68.3,8.6,0.204,1981.1,0.326,0
12.53,68.65,355.6,0.188,0.158,2.04,203.6,2440.7,37.2,183.3,0.182,25.2,51.3,17.9,0.235,1782.9,0.722,0
6.77,28.14,119.16,0.167,0.136,0.7,31.8,159.0,12.1,320.7,0.246,19.3,62.7,30.9,0.24,918.9,0.839,0
6.14,32.78,170.4,0.137,0.128,0.96,88.8,1140.6,40.1,128.7,0.565,28.2,57.0,27.5,0.683,883.3,0.894,0
188.78,455.07,1187.77,0.42,0.343,4.57,462.9,2218.6,31.6,264.7,0.174,34.7,86.9,6.2,0.234,567.4,0.403,1
4.98,35.81,201.9,0.195,0.176,2.18,104.6,1746.4,34.0,230.0,0.605,29.7,41.4,14.0,0.551,1006.7,0.289,0
177.89,512.55,1884.55,0.493,0.444,5.02,510.6,2456.0,27.7,80.2,0.464,36.5,94.7,43.9,0.543,181.3,0.186,1
113.01,399.35,1250.75,0.414,0.315,8.46,734.6,2438.1,43.6,114.2,0.739,28.7,90.2,35.9,0.696,360.0,0.543,1
118.23,364.03,1585.35,0.374,0.293,8.4,797.5,1883.2,30.5,74.3,0.15,28.7,92.7,34.6,0.116,115.4,0.889,1
61.71,141.26,455.59,0.431,0.373,7.64,747.5,1221.1,21.4,273.0,0.62,34.4,94.1,22.7,0.68,215.7,0.823,1
5.44,42.41,130.22,0.298,0.275,1.87,99.4,1563.7,24.6,46.2,0.406,37.2,44.6,11.0,0.502,336.6,0.34,0
292.63,956.5,4317.41,0.376,0.327,7.62,790.8,1986.7,19.4,208.3,0.128,35.9,96.0,36.3,0.192,380.2,0.324,1
90.37,240.79,785.26,0.461,0.414,6.65,681.8,739.2,18.8,61.7,0.642,21.3,96.0,11.1,0.656,57.7,0.897,1
23.02,61.5,229.86,0.326,0.292,1.74,160.0,1151.6,42.9,71.1,0.438,37.9,42.7,40.8,0.455,956.4,0.924,0
116.25,379.16,1152.26,0.36,0.305,6.64,533.8,1671.6,35.0,1.9,0.374,25.1,75.8,7.3,0.366,579.9,0.219,1
92.08,328.6,1183.86,0.426,0.367,7.71,832.7,685.7,15.0,158.7,0.521,24.7,78.8,34.2,0.598,37.2,0.879,1
55.79,206.59,737.16,0.482,0.368,8.18,903.3,1646.3,39.4,291.4,0.352,32.4,97.3,19.2,0.393,598.5,0.605,1
209.15,471.36,1725.12,0.405,0.379,7.27,485.3,373.6,7.4,31.7,0.404,27.7,87.7,27.8,0.516,408.7,0.237,1
122.77,331.42,1253.67,0.439,0.389,8.32,687.8,1054.5,18.3,304.7,0.309,19.8,85.1,9.3,0.335,160.9,0.815,1
9.04,48.27,184.09,0.329,0.257,0.51,38.7,263.8,3.8,303.7,0.28,34.7,59.8,7.3,0.293,835.8,0.475,0
101.77,361.96,1033.06,0.518,0.414,8.13,601.5,2110.6,26.0,83.6,0.392,35.3,92.1,40.2,0.442,131.4,0.361,1
158.1,585.64,2308.45,0.514,0.386,4.63,492.0,763.6,24.6,314.4,0.381,34.9,76.1,43.8,0.452,291.3,0.246,1
23.47,89.67,353.46,0.213,0.171,2.16,201.2,2316.3,28.9,297.6,0.164,29.0,40.1,37.1,0.201,712.6,0.502,0
2.53,28.28,89.01,0.206,0.167,0.74,58.0,1972.0,34.2,235.6,0.282,23.9,55.4,26.9,0.339,1789.8,0.835,0
4.88,44.03,163.29,0.175,0.155,1.61,166.0,795.1,31.1,299.3,0.197,35.1,63.2,25.6,0.2,1734.5,0.842,0
109.08,277.49,1233.91,0.52,0.44,7.62,880.0,1512.8,23.5,26.5,0.308,36.0,76.7,42.7,0.346,18.8,0.171,1
107.98,284.98,1228.61,0.36,0.33,5.51,399.7,1107.2,36.7,114.9,0.431,36.4,92.7,12.2,0.36,165.3,0.094,1
3.94,29.04,169.55,0.239,0.183,0.78,39.5,2017.1,44.7,103.9,0.469,31.5,63.9,38.9,0.548,547.5,0.782,0
199.78,375.27,853.88,0.518,0.462,7.56,858.8,1718.9,44.0,281.4,0.64,28.7,83.3,43.3,0.6,39.4,0.254,1
33.4,94.24,352.14,0.345,0.319,1.96,228.5,1638.0,44.9,270.6,0.417,18.1,59.6,26.8,0.484,57.4,0.795,0
69.11,258.27,587.24,0.391,0.326,3.89,282.9,1818.5,29.6,320.8,0.228,20.5,88.0,12.9,0.237,432.4,0.369,1
36.6,113.32,448.8,0.444,0.358,5.83,535.7,1058.9,16.3,103.9,0.4,27.7,83.6,22.7,0.458,351.4,0.499,1
104.42,233.46,980.24,0.543,0.455,3.85,181.7,1040.5,36.9,170.6,0.721,32.5,94.6,28.2,0.833,287.7,0.62,1
7.21,22.47,114.69,0.335,0.304,1.17,51.2,884.6,34.9,6.8,0.659,19.0,64.5,15.3,0.748,2637.2,0.715,0
12.19,47.87,143.47,0.195,0.183,1.39,66.3,409.1,6.3,356.5,0.559,28.8,49.8,41.6,0.68,5825.9,0.485,0
21.93,72.99,271.54,0.331,0.253,2.79,284.5,912.4,26.1,148.0,0.362,27.1,73.2,27.3,0.423,3815.7,0.334,0
2.51,40.51,190.8,0.322,0.276,1.01,77.3,1583.1,44.8,200.8,0.282,20.9,63.6,14.6,0.249,894.9,0.726,0
103.86,239.94,835.73,0.42,0.369,5.51,509.8,792.4,17.0,191.7,0.397,26.3,96.1,17.8,0.582,407.2,0.816,1
31.29,127.45,536.75,0.387,0.292,6.07,511.8,492.4,9.3,140.1,0.533,25.1,92.2,30.8,0.528,40.6,0.871,1
103.23,342.59,810.9,0.45,0.354,4.75,263.7,2393.8,37.2,83.9,0.675,34.4,76.7,40.5,0.792,621.6,0.646,1
106.81,268.89,1081.23,0.418,0.319,4.35,457.9,1459.0,33.5,268.6,0.715,21.9,93.6,19.0,0.771,570.0,0.107,1
107.64,376.0,1395.49,0.358,0.289,7.31,417.6,90.3,6.4,135.4,0.6,37.7,91.8,6.9,0.695,13.2,0.341,1
186.62,391.52,1176.26,0.495,0.392,3.84,209.6,1955.9,25.7,242.1,0.511,36.0,79.4,11.0,0.569,96.5,0.178,1
172.79,385.1,1475.51,0.497,0.421,8.28,740.8,1689.9,19.9,262.9,0.143,32.6,79.3,5.0,0.142,7.4,0.735,1
120.61,426.52,1593.12,0.474,0.417,3.54,387.6,978.6,44.8,261.4,0.513,34.0,95.2,35.5,0.554,259.5,0.577,1
8.66,33.62,179.19,0.175,0.16,1.94,212.4,1746.3,30.4,29.4,0.587,19.9,73.9,14.9,0.682,2678.2,0.909,0
8.2,23.7,92.35,0.25,0.202,0.54,40.5,2286.9,41.0,350.9,0.648,33.4,69.3,35.5,0.703,1623.8,0.775,0
5.01,34.3,125.25,0.145,0.11,1.91,181.4,547.0,26.8,273.4,0.383,22.0,60.3,41.7,0.342,2044.3,0.141,0
109.97,259.9,1244.74,0.442,0.332,4.44,470.4,1325.7,22.3,215.0,0.118,35.7,85.5,14.6,0.145,273.8,0.812,1
115.35,401.02,1250.12,0.362,0.333,3.67,210.4,1931.2,29.6,103.8,0.202,26.0,86.6,37.4,0.274,68.3,0.672,1
5.12,39.94,145.82,0.149,0.138,0.86,61.6,217.2,4.9,54.5,0.347,31.7,53.3,20.6,0.412,122.6,0.512,0
116.46,318.48,1409.56,0.448,0.345,5.62,509.5,1881.9,42.3,285.9,0.546,33.5,95.4,30.6,0.603,467.7,0.761,1
50.14,152.43,398.3,0.415,0.312,4.88,522.5,1912.0,20.8,142.0,0.43,28.2,94.3,35.5,0.399,108.3,0.15,1
19.3,74.01,259.31,0.162,0.148,0.81,54.1,1386.4,18.8,328.2,0.522,26.4,61.6,23.5,0.572,450.2,0.124,0
38.93,104.42,324.28,0.204,0.179,1.22,109.6,1964.1,19.8,338.6,0.471,26.4,47.2,12.0,0.511,2852.6,0.251,0
60.1,163.57,775.62,0.407,0.351,5.24,234.3,1679.3,24.1,20.0,0.711,35.4,75.7,5.4,0.687,199.0,0.166,1
135.42,268.84,848.84,0.44,0.377,4.39,502.7,817.6,33.0,208.9,0.612,37.5,85.7,5.4,0.594,195.8,0.432,1
78.0,218.58,873.83,0.446,0.404,8.46,944.4,374.3,14.3,138.1,0.63,32.1,81.1,25.4,0.602,522.8,0.877,1
98.01,286.37,1054.9,0.437,0.353,6.23,708.8,2406.0,25.9,147.0,0.552,27.3,93.7,39.3,0.632,227.8,0.537,1
146.07,514.22,1146.88,0.46,0.38,7.56,888.1,1443.5,42.6,221.8,0.153,22.7,95.1,24.8,0.162,76.1,0.888,1
112.28,355.94,1116.11,0.507,0.388,4.32,464.8,1783.9,28.8,279.8,0.737,28.1,85.7,15.4,0.828,6.7,0.942,1
134.01,419.39,1328.4,0.361,0.312,5.02,285.6,1356.7,29.7,197.9,0.146,20.7,89.9,10.6,0.238,4.6,0.109,1
142.05,336.73,1577.58,0.512,0.483,6.6,570.7,1860.5,41.6,272.4,0.332,35.7,80.3,18.2,0.344,3.4,0.053,1
8.85,60.44,293.93,0.327,0.264,1.24,67.5,390.5,4.7,347.5,0.625,34.7,57.9,40.7,0.637,3068.5,0.707,0
3.98,26.8,173.8,0.148,0.139,1.5,62.6,561.8,33.3,148.0,0.303,33.5,43.2,24.4,0.372,558.5,0.927,0
15.64,66.71,244.17,0.161,0.144,1.56,80.1,2135.8,31.8,160.0,0.51,20.4,40.7,10.0,0.55,1665.8,0.754,0
145.27,306.38,918.08,0.545,0.434,8.15,875.0,146.1,9.3,242.4,0.682,28.4,89.3,14.5,0.789,336.5,0.562,1
104.73,321.78,1090.98,0.353,0.312,5.27,524.8,1146.3,28.0,14.2,0.63,27.0,75.8,44.8,0.718,771.9,0.777,1
202.1,584.43,2144.07,0.485,0.399,6.08,612.9,485.4,10.2,42.2,0.466,22.6,93.1,26.4,0.465,271.7,0.731,1
36.86,118.69,462.18,0.237,0.184,0.68,49.0,1427.5,32.1,54.2,0.435,31.2,56.9,9.0,0.45,2895.3,0.376,0
18.91,102.41,486.42,0.177,0.136,2.53,106.5,1169.4,34.7,208.1,0.237,36.2,46.9,19.0,0.218,358.6,0.893,0
10.14,58.82,303.04,0.284,0.214,2.28,149.1,1848.7,28.2,195.9,0.487,29.5,45.9,6.7,0.542,12.8,0.101,0
6.67,41.15,131.65,0.119,0.109,1.21,92.4,778.2,27.1,110.1,0.55,36.3,50.2,6.4,0.682,2460.2,0.232,0
93.24,253.55,1053.33,0.373,0.346,7.72,530.2,1059.2,30.6,207.0,0.496,34.9,76.8,37.4,0.561,956.1,0.28,1
42.04,118.28,480.27,0.22,0.186,2.76,221.2,593.7,27.8,347.1,0.255,26.3,53.1,6.5,0.315,3244.4,0.199,0
24.85,89.27,384.04,0.284,0.242,0.97,86.6,266.0,5.7,310.3,0.661,19.0,52.3,37.7,0.822,502.7,0.68,0
124.12,327.62,1227.48,0.49,0.435,7.72,381.6,574.7,41.2,129.4,0.449,27.1,81.0,5.6,0.527,165.5,0.644,1
6.39,24.85,192.54,0.145,0.129,0.69,78.2,2247.1,17.2,342.5,0.163,27.2,56.6,31.7,0.127,182.8,0.919,0
146.14,432.27,1519.52,0.351,0.286,6.39,541.8,1214.0,16.8,127.7,0.196,25.6,92.6,37.2,0.165,176.1,0.635,1
147.56,307.59,773.79,0.426,0.333,3.78,410.2,1348.5,23.7,206.5,0.658,22.4,80.3,15.6,0.683,19.6,0.52,1
8.82,42.77,192.01,0.148,0.123,2.44,190.2,1854.7,17.6,247.0,0.3,27.8,44.9,17.1,0.292,1912.4,0.365,0
172.46,550.82,2432.46,0.423,0.376,4.19,413.1,2162.0,31.2,219.2,0.465,33.2,76.9,42.9,0.439,164.1,0.888,1
79.99,225.54,944.21,0.448,0.408,6.72,750.1,67.6,8.5,304.2,0.404,28.2,90.6,15.1,0.439,357.7,0.514,1
93.49,355.16,932.44,0.456,0.35,4.77,420.5,320.1,9.0,203.5,0.435,24.7,89.3,10.7,0.442,141.8,0.544,1
5.72,57.56,259.34,0.341,0.296,1.79,130.0,1074.2,34.5,134.9,0.56,20.6,41.5,12.9,0.68,475.4,0.728,0
135.77,420.34,1161.94,0.495,0.377,7.31,628.8,506.6,21.4,196.4,0.596,31.5,89.7,10.5,0.732,935.0,0.458,1
12.25,64.64,230.02,0.309,0.282,1.47,78.6,1191.4,24.9,336.5,0.731,35.3,47.4,7.5,0.795,467.8,0.492,0
34.79,113.62,415.81,0.232,0.205,1.62,155.7,1540.6,24.2,255.7,0.556,28.1,57.2,36.3,0.584,913.6,0.312,0
16.31,69.02,272.72,0.151,0.135,1.43,61.3,1230.5,42.7,100.9,0.304,20.6,51.4,13.4,0.284,4371.4,0.614,0
179.15,345.24,791.11,0.385,0.347,6.9,525.4,1701.6,41.6,7.1,0.522,22.6,78.2,34.4,0.57,209.8,0.082,1
16.79,63.91,312.48,0.118,0.1,2.77,231.9,57.7,2.8,217.6,0.479,32.2,50.6,6.0,0.597,1271.3,0.156,0
29.3,140.81,615.55,0.271,0.219,0.79,56.7,1358.8,25.9,53.1,0.448,20.7,43.9,13.4,0.531,2402.2,0.762,0
62.84,169.79,657.17,0.504,0.457,7.09,557.5,1802.7,28.9,181.3,0.106,28.2,93.3,12.5,0.169,263.9,0.704,1
8.26,15.12,72.86,0.308,0.279,1.05,56.7,2491.6,32.0,88.5,0.625,18.6,47.9,9.6,0.714,2347.4,0.661,0
47.63,155.13,448.68,0.264,0.205,2.85,131.7,272.0,6.5,323.1,0.707,24.0,44.1,34.9,0.777,1401.0,0.134,0
3.44,26.78,123.96,0.163,0.151,1.99,149.9,39.0,6.4,46.8,0.279,21.6,67.7,33.4,0.36,423.9,0.128,0
10.31,32.1,185.72,0.233,0.185,0.86,98.3,733.8,28.9,354.3,0.144,26.7,40.8,38.1,0.09,848.3,0.359,0
5.02,63.91,325.88,0.257,0.209,1.49,81.3,828.7,42.6,39.8,0.216,31.1,57.8,30.8,0.175,2890.9,0.368,0
21.43,98.15,351.29,0.322,0.256,1.68,105.5,2022.4,27.3,217.9,0.748,25.5,54.2,27.1,0.817,1008.6,0.45,0
153.19,436.14,1010.53,0.459,0.433,4.37,482.4,636.5,36.0,186.9,0.516,31.4,80.1,43.2,0.557,10.3,0.712,1
3.99,20.93,71.08,0.216,0.175,1.04,63.7,623.2,44.9,261.1,0.343,27.5,53.9,22.0,0.404,2487.5,0.885,0
28.16,107.29,519.5,0.183,0.173,1.76,124.4,2177.4,31.6,81.0,0.276,33.3,47.9,34.3,0.244,1279.2,0.177,0
158.25,324.61,1123.4,0.394,0.346,7.53,362.5,1078.6,29.5,154.3,0.742,20.7,77.8,12.9,0.843,788.5,0.477,1
23.77,78.14,278.61,0.146,0.114,2.15,94.0,1648.3,23.1,1.6,0.222,30.8,55.0,36.9,0.201,66.3,0.273,0
158.91,330.96,1151.28,0.458,0.394,5.8,538.1,528.0,21.9,241.3,0.224,35.5,88.6,33.7,0.23,62.4,0.832,1
21.87,83.39,213.77,0.292,0.271,2.78,144.3,1509.4,31.7,115.0,0.382,36.1,60.7,17.7,0.527,452.7,0.71,0
3.27,26.23,147.61,0.22,0.189,1.35,114.0,2237.4,35.3,345.1,0.34,36.1,59.6,43.5,0.373,482.9,0.462,0
9.49,43.54,158.92,0.229,0.177,1.56,116.2,1831.1,27.8,165.2,0.208,36.3,63.5,40.1,0.227,89.8,0.917,0
3.75,41.04,188.97,0.324,0.262,2.23,106.1,357.5,3.9,249.7,0.572,35.7,55.7,36.3,0.639,364.5,0.499,0
1.66,9.29,96.13,0.16,0.127,1.65,122.9,337.8,7.7,62.8,0.737,33.5,69.8,25.2,0.798,1804.4,0.219,0
4.71,27.76,124.61,0.182,0.141,1.97,117.9,263.6,4.0,290.2,0.257,22.0,51.4,27.4,0.367,3260.5,0.061,0
10.12,34.1,217.08,0.177,0.144,1.69,184.1,2298.3,17.2,5.4,0.491,28.0,51.5,38.8,0.533,850.2,0.214,0
45.24,145.61,666.28,0.265,0.234,1.27,77.5,1528.3,18.0,19.3,0.251,23.4,48.3,29.5,0.296,821.7,0.948,0
12.83,40.33,149.48,0.241,0.199,1.6,153.6,53.3,2.2,279.8,0.42,24.9,43.0,25.2,0.366,2236.5,0.909,0
17.19,60.54,303.85,0.218,0.183,1.28,121.2,2098.1,32.9,145.6,0.623,35.8,51.4,18.1,0.669,96.2,0.891,0
8.49,47.23,164.24,0.267,0.217,1.62,89.9,823.1,20.3,19.3,0.418,37.1,69.1,25.2,0.52,3895.6,0.11,0
199.46,561.47,2502.36,0.547,0.519,5.57,470.5,1693.9,25.3,141.0,0.64,20.2,76.3,5.4,0.623,571.2,0.191,1
145.27,291.53,1143.63,0.386,0.334,4.16,446.5,2131.1,19.4,57.9,0.472,27.6,92.2,40.0,0.46,93.6,0.854,1
10.63,29.71,129.16,0.203,0.186,2.25,107.9,1887.2,25.1,168.4,0.738,24.5,60.5,31.3,0.87,268.0,0.756,0
211.76,595.55,1742.5,0.436,0.365,7.18,637.5,2055.9,36.9,356.2,0.448,24.5,87.9,33.9,0.512,279.6,0.649,1
80.18,193.55,578.94,0.37,0.29,5.58,299.1,2012.6,26.2,4.5,0.579,29.6,93.4,24.2,0.641,368.8,0.774,1
3.47,43.24,247.63,0.123,0.114,1.41,83.6,381.3,10.2,280.4,0.24,27.4,47.8,43.7,0.279,1299.8,0.581,0
234.01,503.49,1578.07,0.459,0.414,7.73,710.1,975.3,42.8,132.3,0.244,38.0,90.7,33.4,0.23,931.0,0.521,1
124.64,290.44,874.44,0.396,0.323,4.35,395.9,2286.6,24.2,282.4,0.332,32.1,77.6,44.5,0.268,356.0,0.164,1
0.76,33.57,162.12,0.214,0.186,0.87,81.4,243.5,4.8,160.7,0.243,37.5,65.1,44.6,0.221,7726.6,0.687,0
10.96,33.18,149.04,0.274,0.211,2.62,218.7,2441.3,22.9,270.4,0.109,20.3,65.5,25.1,0.021,2484.5,0.473,0
97.87,351.36,974.79,0.368,0.278,7.8,800.9,573.9,32.1,197.9,0.241,29.5,77.5,40.0,0.27,223.2,0.927,1
165.91,401.67,1209.61,0.503,0.459,6.43,591.2,1548.8,18.6,268.2,0.419,37.5,95.3,25.6,0.471,283.7,0.133,1
13.14,56.13,188.68,0.21,0.197,0.9,51.6,824.4,33.1,184.7,0.535,24.6,54.2,13.5,0.598,340.0,0.527,0
13.39,40.49,155.13,0.324,0.265,0.61,29.6,2457.0,20.2,241.4,0.461,28.4,63.3,6.3,0.401,1747.6,0.508,0
14.29,73.57,325.4,0.213,0.185,2.49,101.8,1316.1,26.8,165.5,0.223,32.8,45.3,19.3,0.307,1339.3,0.856,0
13.92,72.03,223.18,0.243,0.217,1.89,76.8,382.3,1.5,84.8,0.184,33.5,57.7,33.4,0.2,255.4,0.619,0
83.42,282.2,719.15,0.359,0.323,7.04,341.6,2118.4,38.9,272.6,0.638,35.2,84.0,13.1,0.675,90.1,0.195,1
8.9,39.51,106.39,0.216,0.183,2.73,204.2,1009.9,20.5,179.6,0.605,32.9,58.2,28.6,0.619,4251.7,0.583,0
6.16,50.01,173.82,0.22,0.192,1.48,60.0,2131.4,43.9,141.0,0.258,37.6,72.6,21.5,0.336,1790.7,0.746,0
69.67,200.04,497.73,0.545,0.481,5.68,400.8,1114.4,18.6,356.8,0.438,32.8,90.4,36.2,0.51,17.6,0.081,1
14.08,56.1,206.15,0.141,0.109,1.74,177.5,2333.2,27.4,19.2,0.538,19.2,62.6,39.8,0.545,2129.2,0.684,0
24.62,102.76,334.51,0.188,0.165,1.06,53.4,148.2,5.9,261.1,0.551,32.5,41.3,26.1,0.655,122.9,0.103,0
50.47,207.74,868.67,0.524,0.447,3.89,401.2,2458.7,18.5,149.1,0.396,25.4,85.8,28.8,0.337,111.4,0.499,1
77.84,171.36,496.03,0.393,0.324,7.19,396.6,1165.3,24.4,119.9,0.412,28.1,87.0,8.4,0.464,385.6,0.206,1
115.79,366.25,1379.56,0.447,0.359,4.84,281.9,929.2,28.6,322.3,0.414,26.7,79.3,34.0,0.568,484.6,0.523,1
190.96,416.76,940.5,0.451,0.396,5.8,345.2,113.9,1.0,279.3,0.468,29.4,91.1,7.1,0.478,179.5,0.491,1
21.91,66.69,303.31,0.178,0.14,1.69,111.6,577.6,38.6,7.4,0.403,35.8,45.6,26.0,0.338,52.6,0.625,0
7.16,34.16,229.52,0.238,0.217,1.83,146.5,788.3,40.7,264.9,0.415,21.5,51.9,10.7,0.544,1408.3,0.772,0
110.92,305.76,1122.34,0.435,0.341,4.78,451.3,1823.1,24.2,3.0,0.633,33.8,80.8,18.8,0.759,65.9,0.68,1
8.43,54.61,203.51,0.31,0.28,2.49,254.0,1746.5,15.5,17.0,0.234,37.2,52.1,25.8,0.253,4991.1,0.621,0
7.06,44.09,151.16,0.264,0.241,0.66,27.4,2214.8,36.6,91.7,0.401,31.6,47.4,37.2,0.478,1285.2,0.547,0
12.36,53.6,298.98,0.131,0.123,0.93,48.1,2349.9,20.2,353.1,0.548,32.8,46.5,5.1,0.55,823.8,0.754,0
9.38,44.99,172.41,0.141,0.119,1.99,198.8,1819.6,26.7,140.9,0.456,25.7,56.8,14.1,0.579,9.1,0.895,0
16.22,35.93,142.15,0.173,0.132,1.43,145.5,1729.2,39.1,204.9,0.293,28.2,52.7,32.0,0.339,1847.0,0.33,0
9.49,55.85,302.13,0.268,0.237,2.51,290.0,2249.7,33.3,281.3,0.165,32.7,51.5,13.9,0.198,1497.8,0.204,0
11.49,39.25,175.46,0.165,0.133,2.1,133.1,336.1,2.9,94.3,0.533,28.7,74.1,9.5,0.568,889.7,0.527,0
3.45,35.17,212.82,0.216,0.166,2.98,172.7,202.7,14.6,338.0,0.562,18.6,58.1,28.4,0.678,3254.1,0.574,0
93.09,284.69,623.58,0.533,0.491,4.09,351.1,1772.2,26.5,166.1,0.141,30.5,79.9,12.7,0.188,141.3,0.366,1
125.45,409.29,1232.41,0.384,0.299,5.49,254.4,781.2,16.0,315.9,0.57,37.1,79.3,12.2,0.692,311.5,0.474,1
190.9,405.47,1347.48,0.441,0.376,7.81,765.6,1066.3,15.4,162.9,0.636,32.2,79.5,25.5,0.697,208.3,0.857,1
130.91,368.73,1340.52,0.442,0.401,5.36,419.8,1523.5,22.6,326.6,0.682,35.8,82.1,26.8,0.721,315.2,0.284,1
14.64,54.22,198.36,0.328,0.259,2.71,262.6,2377.4,34.4,309.8,0.741,22.2,67.2,26.0,0.839,5557.2,0.904,0
8.69,43.97,243.28,0.271,0.252,1.51,79.8,2184.9,36.4,123.8,0.483,28.3,65.5,38.5,0.568,6.0,0.341,0
130.41,304.31,1188.57,0.46,0.375,6.08,469.3,1837.6,25.3,31.5,0.739,26.7,85.9,7.7,0.878,338.1,0.22,1
225.68,726.61,2133.72,0.472,0.391,3.74,252.7,1082.5,40.4,22.7,0.457,30.8,90.9,10.2,0.506,260.7,0.328,1
122.35,278.77,1096.16,0.372,0.289,4.57,355.5,1983.8,43.3,168.2,0.538,20.9,82.3,16.6,0.607,365.2,0.861,1
23.86,69.52,282.18,0.104,0.092,2.23,188.9,457.8,10.4,14.7,0.547,26.8,72.2,21.7,0.585,736.0,0.576,0
5.48,51.85,261.13,0.121,0.102,1.07,101.7,2021.0,25.6,223.9,0.58,31.9,62.1,7.8,0.645,1184.9,0.205,0
7.16,17.38,87.27,0.138,0.131,0.86,93.6,1193.4,27.2,290.9,0.601,28.5,68.0,11.8,0.716,736.9,0.898,0
14.73,69.71,284.66,0.274,0.243,2.92,171.1,661.3,23.3,312.1,0.467,20.5,46.5,33.2,0.441,68.5,0.877,0
91.5,305.72,856.11,0.37,0.334,5.27,390.5,1164.5,34.4,340.4,0.6,28.8,80.1,23.1,0.629,210.4,0.776,1
86.82,185.72,779.02,0.364,0.287,6.97,342.0,1973.8,42.3,30.3,0.264,32.7,87.1,42.4,0.204,540.5,0.293,1
39.63,106.85,416.71,0.187,0.167,1.16,77.6,1646.9,27.8,315.4,0.436,31.3,52.6,18.7,0.479,829.2,0.823,0
119.85,388.03,1375.63,0.538,0.464,6.71,472.6,351.0,11.7,36.1,0.215,33.7,81.7,43.5,0.256,79.7,0.592,1
113.47,330.65,1463.43,0.488,0.405,6.02,453.2,1731.8,20.9,356.6,0.378,24.9,86.2,28.1,0.297,135.4,0.74,1
16.45,66.76,210.49,0.144,0.13,2.74,312.4,2084.4,36.7,39.2,0.353,33.6,42.2,15.0,0.321,2297.1,0.394,0
12.42,32.69,125.68,0.216,0.204,1.5,169.3,385.1,5.1,358.4,0.118,30.0,61.0,5.7,0.138,4240.3,0.424,0
10.14,49.11,177.79,0.104,0.08,2.74,124.7,163.5,14.9,148.1,0.283,32.8,41.8,43.4,0.207,6730.9,0.186,0
8.23,44.74,266.31,0.248,0.225,1.64,120.1,151.1,12.1,266.4,0.557,27.1,70.6,32.2,0.627,497.6,0.32,0
19.93,82.62,338.16,0.296,0.276,0.77,50.7,65.5,11.6,63.1,0.394,21.9,55.2,29.9,0.461,398.1,0.358,0
32.24,87.0,387.02,0.151,0.123,0.97,66.8,54.6,2.3,29.7,0.7,37.8,57.0,17.1,0.789,2923.1,0.288,0
3.05,8.99,66.32,0.177,0.145,1.11,110.8,2014.3,19.2,242.1,0.363,34.2,49.9,24.9,0.362,4425.7,0.309,0
10.8,48.03,134.71,0.133,0.121,2.79,155.9,1849.5,30.5,199.1,0.399,33.2,74.1,5.2,0.506,4217.7,0.48,0
104.92,242.17,585.85,0.457,0.43,5.68,570.9,2354.5,40.1,326.9,0.605,36.4,85.2,26.7,0.688,26.7,0.64,1
19.1,44.28,188.63,0.241,0.226,1.07,121.0,896.0,42.8,245.1,0.156,37.5,54.2,15.0,0.169,842.2,0.134,0
127.38,370.26,1144.75,0.368,0.28,6.02,574.9,1775.1,16.8,229.2,0.701,25.4,96.7,30.2,0.735,345.4,0.23,1
29.28,100.0,318.62,0.343,0.317,2.95,215.4,1033.1,42.6,234.9,0.421,19.7,64.7,5.9,0.519,795.0,0.14,0
37.29,139.81,535.38,0.472,0.41,7.95,357.8,1405.2,20.3,144.3,0.58,31.9,87.4,42.7,0.685,74.9,0.725,1
19.28,65.43,311.69,0.127,0.106,1.61,77.7,1103.0,33.1,259.8,0.56,35.3,73.9,36.3,0.656,1224.3,0.854,0
6.3,25.41,102.15,0.238,0.219,1.63,158.6,1044.0,28.1,321.9,0.299,31.8,55.1,44.0,0.263,637.7,0.764,0
50.82,148.13,682.74,0.468,0.426,4.93,242.0,621.1,36.0,249.0,0.75,29.1,78.3,13.6,0.817,987.0,0.506,1
143.14,505.92,1089.44,0.408,0.347,5.13,375.2,1456.7,30.9,40.7,0.125,28.9,84.3,16.2,0.116,132.6,0.145,1
96.69,294.02,687.67,0.458,0.381,8.06,884.7,660.7,26.7,162.8,0.704,20.8,85.9,16.3,0.771,101.8,0.732,1
7.76,41.25,239.02,0.21,0.178,0.72,60.0,359.1,13.8,145.3,0.163,22.3,57.4,7.9,0.217,2503.6,0.948,0
27.57,67.68,268.85,0.207,0.168,2.75,184.3,1876.7,15.8,174.4,0.301,21.4,55.3,35.2,0.443,1213.5,0.694,0
96.67,324.84,1461.26,0.539,0.478,7.19,420.3,1618.1,22.1,104.9,0.685,26.2,91.3,16.6,0.709,135.0,0.082,1
96.51,199.59,661.72,0.388,0.36,4.69,390.5,739.9,37.4,201.0,0.239,28.6,82.1,22.7,0.173,379.7,0.43,1
114.44,344.36,1567.49,0.482,0.386,7.67,515.2,1579.7,33.5,289.6,0.141,28.0,95.4,26.5,0.159,506.5,0.269,1
76.38,225.47,634.28,0.39,0.357,5.15,601.0,75.9,2.5,120.7,0.571,23.7,89.6,30.8,0.674,104.9,0.83,1
11.13,39.64,152.47,0.265,0.218,0.66,26.9,2471.0,31.1,331.5,0.287,21.9,42.8,25.5,0.338,881.4,0.627,0
149.15,381.18,1765.57,0.379,0.294,6.1,704.8,442.3,1.1,99.4,0.359,30.0,89.5,9.2,0.369,39.8,0.898,1
20.25,70.86,243.05,0.316,0.239,2.91,165.4,2354.6,17.1,180.5,0.391,24.6,64.9,27.4,0.334,43.9,0.801,0
12.57,34.07,136.49,0.326,0.276,2.48,213.1,180.0,8.2,235.7,0.54,19.9,58.6,7.2,0.686,1429.8,0.715,0
19.39,58.44,197.0,0.266,0.229,2.6,158.8,1773.4,41.4,295.0,0.577,29.9,46.3,14.8,0.539,73.2,0.376,0
89.64,304.67,1332.12,0.513,0.385,4.21,443.6,563.1,37.0,240.4,0.317,33.8,82.7,36.0,0.464,462.3,0.35,1
17.71,50.6,204.19,0.154,0.136,0.7,67.2,2413.5,17.6,317.2,0.688,19.1,53.6,19.2,0.769,1458.3,0.758,0
55.43,149.54,547.48,0.256,0.219,0.87,51.2,794.8,23.3,299.2,0.239,24.7,67.4,37.8,0.162,801.4,0.84,0
220.85,599.34,2451.49,0.5,0.474,7.95,677.6,108.6,13.3,73.4,0.594,21.9,89.4,18.0,0.617,158.4,0.129,1
14.2,79.01,386.17,0.245,0.189,1.46,164.6,93.5,4.2,133.5,0.57,31.9,68.4,7.6,0.699,329.3,0.33,0
85.83,177.26,595.35,0.396,0.353,7.61,441.0,2140.3,44.5,10.5,0.44,35.6,82.9,19.1,0.41,548.6,0.229,1
5.82,53.5,273.62,0.241,0.191,2.23,233.9,183.5,6.8,103.5,0.731,21.6,53.2,28.1,0.709,477.5,0.08,0
24.04,90.97,375.83,0.269,0.213,1.68,174.2,2071.7,19.7,5.4,0.404,36.6,55.3,26.6,0.363,12.4,0.058,0
81.94,210.7,816.26,0.536,0.404,5.37,378.9,383.8,10.9,247.3,0.658,23.6,92.5,39.0,0.773,2011.3,0.405,1
17.52,57.84,169.97,0.244,0.183,2.14,92.0,697.8,32.6,255.6,0.141,21.8,52.7,32.6,0.129,1711.9,0.372,0
23.02,103.71,345.46,0.285,0.224,2.35,125.4,2453.3,40.9,281.7,0.359,37.5,54.7,22.5,0.413,187.9,0.633,0
9.42,43.49,224.73,0.199,0.156,2.59,202.0,1815.1,29.6,51.2,0.24,33.6,72.0,35.6,0.207,1106.4,0.065,0
30.46,108.3,320.6,0.326,0.245,1.06,82.0,373.5,12.0,116.8,0.657,25.1,48.1,11.4,0.804,2108.2,0.907,0
123.51,337.44,1006.12,0.52,0.465,5.85,283.7,683.4,40.7,226.2,0.378,29.4,87.8,25.3,0.385,300.8,0.825,1
9.38,48.94,262.45,0.281,0.239,2.39,150.4,1194.7,16.9,307.2,0.443,28.9,52.8,12.9,0.477,3796.8,0.128,0
163.86,582.74,2099.84,0.529,0.439,4.36,306.1,2213.8,39.7,305.7,0.533,20.7,93.5,32.6,0.584,308.8,0.905,1
18.5,77.23,200.74,0.203,0.157,1.99,210.0,1780.5,18.5,145.2,0.364,36.8,65.2,17.9,0.451,1076.1,0.93,0
89.42,267.51,1105.47,0.495,0.404,5.7,637.4,1740.7,18.3,119.0,0.335,29.4,96.1,36.7,0.418,806.6,0.051,1
159.71,490.76,1785.28,0.351,0.296,4.7,414.7,906.4,19.8,167.1,0.319,32.7,91.7,14.7,0.354,101.0,0.573,1
113.93,293.25,1279.81,0.355,0.337,8.22,508.6,1639.1,42.6,57.5,0.601,33.9,79.0,41.3,0.743,36.7,0.215,1
3.32,40.18,171.83,0.133,0.114,1.11,105.6,440.5,5.2,82.9,0.741,29.4,44.8,28.2,0.866,561.1,0.885,0
8.96,34.16,163.6,0.297,0.224,1.33,154.0,1427.4,24.6,6.5,0.312,24.8,53.4,27.7,0.307,4073.9,0.779,0
37.48,133.07,477.88,0.216,0.171,1.4,68.4,1404.9,16.7,269.1,0.538,28.8,71.9,44.7,0.55,1836.6,0.098,0
83.01,183.6,366.99,0.407,0.334,5.98,373.7,1722.7,18.5,358.2,0.671,37.6,96.6,13.2,0.705,352.2,0.937,1
144.13,478.39,1066.21,0.518,0.435,3.55,297.1,614.3,20.7,27.9,0.74,34.1,96.9,14.6,0.768,552.2,0.635,1
82.67,241.92,639.58,0.444,0.393,7.7,518.3,300.8,3.0,54.1,0.476,38.0,90.6,38.9,0.481,167.3,0.538,1
18.84,69.84,320.87,0.187,0.162,2.05,224.0,2418.6,17.4,73.5,0.219,20.8,59.7,32.0,0.233,1179.3,0.497,0
143.71,272.35,1179.91,0.51,0.435,8.45,514.5,391.5,14.8,196.1,0.453,20.0,97.2,31.3,0.451,27.0,0.858,1
179.22,424.73,1419.51,0.415,0.38,5.25,580.7,849.5,23.9,139.5,0.526,32.1,92.8,39.2,0.505,1367.0,0.764,1
21.98,81.1,234.11,0.142,0.112,0.62,66.0,2179.1,31.4,28.4,0.412,31.3,48.3,42.4,0.438,4104.7,0.418,0
12.41,62.1,180.76,0.229,0.175,1.34,71.5,1489.9,32.2,1.8,0.3,24.4,67.0,28.5,0.366,722.0,0.509,0
108.91,288.28,803.66,0.541,0.497,4.85,230.3,546.1,23.6,121.7,0.303,26.7,80.7,15.0,0.373,6.5,0.19,1
103.71,357.81,1595.53,0.446,0.376,5.81,547.4,1204.7,17.4,159.0,0.62,21.6,85.7,15.7,0.806,261.5,0.845,1
64.45,194.61,722.68,0.464,0.399,7.27,523.3,2103.8,33.3,248.3,0.728,25.5,90.4,40.0,0.749,230.1,0.14,1
4.48,29.52,194.41,0.24,0.221,1.14,66.9,2473.2,34.7,352.6,0.547,36.6,41.6,10.9,0.492,1128.5,0.619,0
101.67,261.79,925.12,0.373,0.35,5.17,585.1,1611.3,35.9,148.9,0.396,25.3,90.9,21.7,0.464,496.3,0.242,1
4.2,18.99,153.54,0.235,0.202,0.79,37.0,641.4,42.8,187.4,0.307,22.1,60.0,11.4,0.323,1926.9,0.381,0
11.83,46.23,253.61,0.328,0.299,1.06,113.1,2033.2,16.1,263.8,0.205,23.3,57.6,32.4,0.251,2132.7,0.603,0
14.82,40.76,138.04,0.327,0.281,1.09,92.6,2023.7,21.3,150.2,0.294,28.1,74.4,31.6,0.342,3727.6,0.435,0
112.34,247.23,848.3,0.404,0.306,4.66,232.1,2224.1,32.2,215.1,0.111,27.5,78.1,40.9,0.202,186.8,0.629,1
150.13,362.12,1564.95,0.381,0.358,5.17,361.9,349.3,5.1,132.6,0.318,19.9,90.7,20.6,0.289,88.4,0.586,1
185.72,659.39,2170.71,0.422,0.386,4.99,413.2,919.1,16.5,356.5,0.216,20.2,78.3,14.2,0.251,520.8,0.118,1
5.58,60.27,235.13,0.22,0.198,1.79,96.2,591.6,26.8,80.0,0.117,22.8,69.4,19.6,0.104,2215.7,0.602,0
194.0,659.84,2258.52,0.519,0.435,7.49,376.2,548.5,32.2,269.6,0.178,32.6,95.1,32.9,0.043,428.5,0.444,1
14.53,66.05,274.3,0.297,0.279,1.27,78.7,919.7,35.5,32.8,0.686,27.0,65.7,8.9,0.799,8.4,0.409,0
241.96,655.13,2216.01,0.481,0.408,4.86,412.7,128.4,11.4,97.6,0.277,20.4,83.3,8.3,0.386,497.3,0.317,1
4.4,45.4,148.23,0.303,0.271,1.46,148.4,2121.6,33.6,251.5,0.45,31.6,52.8,42.9,0.513,3778.1,0.724,0
65.38,180.46,837.82,0.338,0.26,2.88,336.2,2131.0,26.1,110.4,0.262,18.3,72.8,8.4,0.342,887.4,0.296,0
14.12,45.25,107.29,0.318,0.253,0.67,34.9,2358.9,31.7,110.6,0.525,29.9,62.6,43.5,0.512,372.6,0.164,0
16.36,66.67,271.11,0.119,0.099,2.42,98.4,185.0,13.7,74.3,0.204,24.9,74.5,34.0,0.237,2018.4,0.9,0
46.52,107.39,327.02,0.394,0.341,7.94,941.7,1432.6,22.5,30.4,0.392,19.0,86.3,24.3,0.435,626.9,0.179,1
96.7,315.48,706.1,0.472,0.43,7.07,360.1,26.1,9.1,127.8,0.245,20.5,96.3,7.5,0.279,1122.8,0.14,1
8.51,48.28,234.69,0.332,0.265,2.68,268.1,1478.5,31.6,34.3,0.454,33.0,40.8,22.2,0.441,297.1,0.746,0
73.61,180.99,866.86,0.385,0.349,3.66,373.4,252.7,11.5,354.9,0.164,22.9,86.8,40.9,0.255,1212.6,0.28,1
2.23,27.83,128.14,0.319,0.296,1.78,83.0,971.7,43.2,108.7,0.482,23.5,67.2,30.4,0.61,2878.1,0.351,0
146.95,332.78,920.46,0.432,0.395,5.32,558.4,816.4,36.7,191.0,0.575,27.7,78.5,18.3,0.633,34.7,0.921,1
171.93,406.19,1391.6,0.391,0.342,3.76,225.7,833.8,33.9,98.4,0.392,21.1,77.9,24.5,0.455,249.1,0.399,1
79.98,208.59,480.48,0.451,0.411,7.29,753.8,487.6,2.8,82.8,0.718,37.4,97.3,29.3,0.782,415.9,0.272,1
1.02,19.7,115.92,0.316,0.293,2.4,157.1,270.6,10.8,258.7,0.239,25.6,68.3,14.6,0.186,378.1,0.269,0
29.45,67.16,204.22,0.477,0.411,7.09,709.3,50.4,14.1,130.4,0.164,26.9,87.6,35.0,0.117,123.5,0.372,1
267.43,745.34,3020.78,0.365,0.332,3.98,426.6,1879.9,34.4,59.5,0.156,19.5,85.7,31.4,0.293,112.6,0.781,1
15.56,57.89,187.76,0.328,0.274,2.25,91.0,2291.2,43.9,72.2,0.317,29.2,41.4,31.2,0.297,1590.8,0.311,0
4.61,24.95,119.19,0.307,0.263,2.44,200.1,2238.0,34.8,315.8,0.194,34.0,73.0,35.6,0.156,1556.4,0.901,0
106.43,259.78,1154.38,0.441,0.335,6.51,438.7,1587.0,20.2,203.5,0.106,26.4,97.0,34.4,0.101,60.7,0.415,1
35.45,122.76,578.54,0.492,0.456,7.51,807.8,311.7,14.1,237.9,0.248,21.3,76.5,26.0,0.365,401.0,0.225,1
140.46,396.62,939.55,0.419,0.326,8.38,659.2,1424.1,32.4,31.4,0.253,18.5,88.5,39.5,0.218,364.1,0.195,1
230.44,720.83,2011.09,0.532,0.428,3.91,276.1,254.2,12.6,208.2,0.182,24.9,96.9,24.7,0.329,148.3,0.466,1
85.88,199.94,818.25,0.501,0.408,6.71,347.6,1286.9,30.4,67.0,0.352,35.2,92.7,18.3,0.457,509.7,0.869,1
7.53,37.67,161.78,0.289,0.223,2.12,132.5,2145.5,37.0,43.8,0.723,20.0,46.6,16.4,0.733,3085.5,0.485,0
25.29,90.58,449.0,0.218,0.204,2.69,321.2,506.0,43.8,174.7,0.695,37.1,43.6,9.9,0.825,1541.0,0.28,0
8.69,62.7,224.3,0.325,0.307,1.53,166.4,2333.2,26.2,214.2,0.112,35.5,41.4,34.6,0.07,600.3,0.612,0
135.06,308.31,655.1,0.51,0.471,8.47,546.5,971.6,32.4,130.6,0.633,18.8,96.4,6.3,0.656,526.4,0.1,1
23.21,70.27,198.41,0.135,0.11,2.03,181.3,553.2,40.6,248.2,0.246,19.6,54.2,37.3,0.286,2175.0,0.661,0
117.14,376.41,1330.58,0.404,0.307,5.27,631.0,1258.9,41.4,298.0,0.449,26.9,92.2,39.1,0.547,393.8,0.749,1
157.67,458.06,1830.9,0.352,0.277,4.57,434.8,2174.5,39.7,222.3,0.404,19.6,97.7,30.0,0.441,103.6,0.259,1
95.37,228.79,928.77,0.354,0.32,7.41,497.5,683.7,31.8,281.8,0.739,37.1,85.3,15.1,0.805,84.1,0.246,1
5.62,31.54,181.43,0.267,0.215,1.78,76.8,439.1,12.6,305.4,0.491,18.5,68.5,13.0,0.509,521.4,0.863,0
157.87,470.42,1215.03,0.525,0.487,7.74,804.8,1602.6,20.1,356.3,0.51,36.8,77.5,7.9,0.569,541.7,0.459,1
18.96,73.61,312.19,0.248,0.228,2.64,166.1,1733.7,21.1,209.7,0.708,30.9,46.8,41.0,0.786,627.5,0.184,0
86.85,206.28,887.3,0.504,0.402,6.45,331.9,189.4,14.3,40.1,0.204,28.9,78.2,24.9,0.239,76.4,0.088,1
9.78,47.85,270.0,0.179,0.159,0.61,29.9,639.5,27.1,148.7,0.421,31.1,58.8,20.3,0.512,581.4,0.768,0
14.57,68.11,267.05,0.231,0.193,2.57,124.9,307.3,10.0,268.3,0.18,20.6,65.9,44.7,0.156,2313.8,0.133,0
72.56,156.56,609.94,0.546,0.433,8.2,402.5,1779.6,27.6,313.6,0.171,33.0,97.9,8.2,0.218,286.7,0.458,1
9.82,45.08,194.78,0.275,0.239,1.72,139.6,1326.2,43.5,75.5,0.563,23.2,66.3,36.3,0.626,2664.9,0.301,0
15.23,84.7,340.92,0.229,0.211,1.84,186.5,2239.0,22.2,216.8,0.491,33.5,50.3,39.5,0.557,900.3,0.815,0
109.97,337.24,988.37,0.409,0.382,5.06,564.3,1695.0,39.4,262.8,0.173,34.5,91.5,36.9,0.278,24.7,0.525,1
97.53,214.32,822.6,0.456,0.347,4.83,458.4,689.6,38.5,355.7,0.439,26.7,89.0,39.8,0.477,53.6,0.724,1
59.43,142.15,572.11,0.375,0.313,4.37,208.1,852.2,24.9,137.7,0.716,27.1,91.0,17.2,0.77,155.4,0.712,1
77.03,247.7,688.08,0.498,0.433,4.75,550.3,1054.5,29.1,15.7,0.19,22.3,93.7,43.1,0.176,941.2,0.542,1
35.86,107.48,377.29,0.424,0.347,7.85,317.6,254.9,7.1,346.1,0.208,29.7,91.2,40.2,0.201,300.3,0.42,1
19.87,71.21,306.36,0.302,0.245,1.66,166.1,2304.1,40.6,16.6,0.535,19.7,52.5,31.0,0.602,4747.3,0.722,0
24.46,90.31,413.52,0.118,0.107,2.32,274.6,1750.3,35.5,85.1,0.248,23.8,54.8,41.3,0.142,2069.6,0.77,0
11.53,57.85,285.2,0.122,0.111,1.27,141.7,1815.8,42.7,198.6,0.592,21.3,52.6,38.2,0.569,468.7,0.81,0
246.38,760.85,2444.96,0.514,0.46,8.42,819.6,1652.5,33.6,31.6,0.699,35.7,91.3,37.7,0.74,55.7,0.776,1
161.99,356.32,1365.1,0.457,0.425,4.63,379.6,1113.4,27.2,339.5,0.105,32.0,84.2,8.6,0.062,162.4,0.794,1
8.31,58.14,187.49,0.32,0.272,1.86,223.6,954.8,33.7,205.2,0.309,33.0,45.0,26.0,0.393,729.2,0.795,0
3.08,32.35,147.81,0.316,0.286,0.75,67.9,1379.2,33.4,130.2,0.478,33.8,46.1,18.7,0.591,742.6,0.822,0
116.0,228.12,635.78,0.457,0.344,4.67,496.9,1846.8,31.6,129.1,0.435,20.7,85.3,12.4,0.481,142.9,0.411,1
14.98,56.05,170.7,0.304,0.288,2.93,159.6,896.6,24.2,4.2,0.455,35.5,67.3,29.8,0.507,660.2,0.654,0
80.64,192.87,746.82,0.38,0.355,5.94,541.5,1237.8,35.0,291.7,0.549,31.0,96.0,31.3,0.602,5.3,0.933,1
138.78,383.24,1726.59,0.384,0.352,6.73,276.4,1634.6,39.0,147.2,0.624,22.0,93.6,18.3,0.608,1923.4,0.078,1
63.96,172.08,530.12,0.468,0.406,4.34,454.3,699.3,43.8,3.6,0.282,36.7,92.5,28.5,0.25,31.8,0.546,1
21.86,82.32,400.13,0.166,0.143,0.68,50.0,2084.7,29.9,287.4,0.587,26.8,57.6,37.5,0.548,2240.6,0.083,0
103.28,365.64,1317.83,0.427,0.333,6.62,401.5,541.5,37.6,329.7,0.15,25.2,95.9,33.4,0.126,94.2,0.567,1
249.7,828.67,2139.68,0.376,0.286,3.99,242.1,2157.8,39.1,231.3,0.556,23.7,83.4,16.8,0.67,427.3,0.832,1
76.48,225.95,455.11,0.426,0.341,8.05,952.6,21.8,7.8,353.5,0.643,30.8,85.2,44.9,0.743,1627.1,0.753,1
141.9,471.26,1855.66,0.426,0.332,4.39,480.2,1612.8,26.4,192.9,0.706,27.0,75.8,39.9,0.743,13.9,0.715,1
313.58,755.03,2869.78,0.474,0.409,5.69,586.8,1189.3,36.5,30.4,0.518,21.5,90.0,35.6,0.549,320.0,0.199,1
70.81,223.51,613.04,0.428,0.349,4.04,325.2,625.3,44.3,348.0,0.305,33.4,96.7,44.4,0.278,156.3,0.544,1
12.17,62.43,231.05,0.194,0.16,1.22,87.8,2372.2,33.2,107.1,0.525,21.2,43.9,38.6,0.608,954.1,0.391,0
80.46,188.94,872.36,0.405,0.306,5.13,448.1,540.9,37.1,257.6,0.215,25.8,80.1,35.8,0.321,875.8,0.281,1
117.88,245.41,642.69,0.376,0.324,3.87,323.5,1233.9,22.1,181.0,0.553,29.3,79.5,38.9,0.697,246.1,0.833,1
8.64,50.06,245.83,0.179,0.157,2.71,300.9,1401.2,34.6,63.3,0.67,18.9,69.5,9.1,0.793,2247.0,0.444,0
86.37,188.47,549.32,0.359,0.293,8.4,990.3,2388.5,16.0,140.3,0.72,32.0,92.1,28.2,0.731,52.1,0.17,1
172.23,539.74,1766.77,0.391,0.303,7.85,899.2,1598.0,39.9,145.3,0.22,19.5,94.4,17.3,0.236,165.5,0.748,1
255.33,884.19,2893.13,0.415,0.37,7.01,711.6,190.2,2.1,271.8,0.502,18.7,91.8,24.4,0.552,905.8,0.193,1
4.72,24.66,130.42,0.204,0.158,2.45,177.7,1046.6,17.0,100.5,0.738,26.7,70.1,39.9,0.736,2206.4,0.526,0
3.75,31.95,131.78,0.181,0.166,2.04,205.7,2165.0,20.3,357.4,0.507,27.4,43.5,17.8,0.609,4629.6,0.63,0
78.33,260.16,754.06,0.406,0.349,7.98,817.4,1904.8,29.1,297.4,0.713,24.5,88.9,8.8,0.745,364.0,0.83,1
140.18,350.36,1382.35,0.473,0.377,3.69,197.8,137.4,11.9,223.5,0.385,26.1,86.3,7.4,0.55,516.8,0.519,1
34.23,129.08,393.82,0.189,0.176,1.25,132.0,1462.6,16.0,187.9,0.614,19.7,57.9,17.6,0.637,369.1,0.091,0
57.98,191.95,709.27,0.439,0.342,5.76,650.4,296.6,2.9,267.3,0.155,30.4,87.1,15.1,0.194,189.8,0.65,1
74.55,164.23,742.21,0.44,0.383,5.51,551.6,255.1,10.4,343.3,0.236,32.9,79.2,5.6,0.175,46.6,0.344,1
101.16,210.78,915.5,0.466,0.407,4.97,469.7,2405.8,24.6,359.2,0.176,22.2,96.3,18.7,0.134,30.0,0.338,1
49.0,199.19,526.11,0.402,0.305,4.49,257.7,1752.0,15.5,312.6,0.137,21.6,90.4,28.3,0.084,858.5,0.189,1
10.23,48.11,221.98,0.248,0.216,2.97,270.5,281.1,1.8,11.1,0.388,18.7,41.9,23.0,0.494,32.8,0.416,0
17.23,68.82,290.82,0.348,0.309,0.96,86.6,852.3,42.6,347.8,0.655,27.4,41.7,6.2,0.707,8.3,0.596,0
23.88,76.38,227.86,0.311,0.29,2.36,165.1,1701.7,29.5,263.9,0.281,31.8,58.3,11.3,0.282,1391.2,0.054,0
243.87,723.05,2226.95,0.445,0.397,5.01,245.4,2264.8,28.6,220.8,0.253,32.3,82.9,20.3,0.371,40.6,0.557,1
12.24,40.23,181.22,0.15,0.127,1.74,129.9,176.5,3.2,64.1,0.593,18.7,59.8,37.6,0.572,519.5,0.905,0
15.15,64.55,266.57,0.237,0.219,1.93,219.7,217.2,6.2,45.4,0.271,37.4,69.2,26.3,0.383,898.7,0.735,0
18.71,83.31,382.66,0.153,0.126,1.42,145.5,288.1,11.0,164.9,0.496,37.7,50.0,27.6,0.535,377.3,0.377,0
142.69,450.66,1920.01,0.493,0.454,8.11,553.9,1366.2,16.0,259.7,0.204,34.5,86.7,24.0,0.285,622.9,0.843,1
81.93,207.25,873.56,0.542,0.498,3.61,201.3,1165.5,16.7,268.6,0.363,31.7,87.7,40.2,0.348,273.8,0.667,1
7.54,40.89,210.92,0.146,0.127,2.68,205.8,419.2,12.0,197.4,0.455,25.4,49.1,36.0,0.548,35.1,0.227,0
33.95,84.11,427.59,0.123,0.1,2.88,289.9,1344.1,38.8,290.1,0.748,25.8,62.1,35.0,0.835,770.9,0.778,0
119.66,239.4,882.7,0.373,0.323,4.18,396.8,862.6,26.0,208.3,0.656,36.2,81.2,43.9,0.617,249.9,0.697,1
24.22,77.37,321.91,0.1,0.093,2.46,271.7,427.5,14.6,155.0,0.109,23.5,68.0,5.8,0.001,2847.2,0.484,0
17.81,67.13,348.61,0.252,0.221,2.34,152.0,92.4,9.1,131.8,0.513,35.5,42.1,27.9,0.645,1149.5,0.116,0
15.95,54.28,166.48,0.325,0.299,1.12,88.9,257.4,11.7,104.0,0.519,21.0,47.6,12.9,0.452,144.0,0.165,0
27.26,105.91,297.41,0.148,0.121,1.65,100.2,974.6,25.0,295.6,0.458,24.5,52.1,44.7,0.521,682.6,0.592,0
5.16,22.31,147.63,0.196,0.158,2.21,225.0,1290.0,21.5,78.8,0.118,26.5,69.2,15.8,0.079,698.9,0.316,0
6.79,46.81,249.57,0.329,0.264,0.82,60.5,568.4,36.4,323.8,0.282,30.4,61.7,9.7,0.254,2193.3,0.587,0
20.54,64.81,206.47,0.276,0.234,2.71,201.3,1953.3,16.9,111.0,0.232,32.9,62.6,6.4,0.33,5324.6,0.136,0
60.08,155.55,671.1,0.519,0.434,3.73,392.4,1429.3,29.6,153.5,0.123,20.8,81.1,31.0,0.127,564.4,0.722,1
8.54,48.99,204.92,0.195,0.18,1.63,160.7,1924.7,26.5,53.5,0.675,26.0,47.5,5.9,0.703,367.2,0.905,0
114.97,324.46,1217.67,0.389,0.3,6.11,475.3,1000.4,37.2,40.2,0.482,25.4,76.0,6.5,0.526,924.6,0.449,1
141.61,518.51,1285.44,0.418,0.36,3.86,270.8,2227.7,34.2,50.6,0.269,24.0,84.8,15.9,0.405,31.1,0.9,1
17.2,79.28,418.17,0.139,0.115,0.59,56.0,2003.0,41.7,263.4,0.675,27.0,58.1,33.8,0.75,2000.9,0.396,0
117.81,274.67,1245.86,0.456,0.428,8.31,959.2,1387.5,36.8,247.4,0.652,32.6,76.0,30.8,0.685,338.4,0.52,1
12.1,48.85,187.74,0.27,0.245,0.88,64.8,1710.4,27.5,252.8,0.249,29.2,73.9,18.4,0.294,8716.2,0.903,0
79.31,189.41,815.0,0.509,0.426,6.07,261.7,377.3,6.9,306.0,0.252,28.1,90.5,15.4,0.215,106.0,0.53,1
5.59,45.67,239.91,0.115,0.101,1.92,211.3,1932.9,28.5,73.5,0.217,28.4,42.3,40.3,0.271,2702.2,0.401,0
28.56,96.3,362.77,0.344,0.309,1.91,101.9,1521.7,20.0,93.1,0.223,32.2,74.5,22.2,0.293,296.0,0.215,0
8.98,38.23,208.13,0.163,0.125,2.49,278.6,506.1,18.4,346.1,0.576,29.1,52.7,11.5,0.612,255.8,0.917,0
94.97,354.53,1652.31,0.38,0.336,5.49,583.5,689.3,16.5,38.4,0.256,32.2,78.5,17.9,0.28,185.6,0.191,1
59.56,148.84,415.31,0.368,0.287,7.95,738.0,2291.6,31.3,100.6,0.64,28.1,83.7,18.7,0.717,664.1,0.569,1
201.9,603.26,1355.05,0.399,0.314,4.52,486.9,495.3,13.6,346.2,0.729,31.8,89.9,26.0,0.806,183.7,0.902,1
25.77,70.77,245.2,0.341,0.287,0.73,44.6,1094.5,34.7,197.1,0.136,35.0,69.9,30.3,0.197,150.1,0.059,0
42.88,137.34,548.0,0.468,0.442,4.76,516.3,2103.2,41.6,334.0,0.444,19.6,95.9,25.2,0.533,188.7,0.236,1
3.85,33.51,106.66,0.171,0.161,2.78,236.3,793.2,42.4,290.2,0.123,33.1,55.1,10.9,0.122,270.7,0.347,0
97.91,257.3,666.75,0.395,0.367,7.78,421.7,417.1,13.0,341.9,0.314,34.3,89.4,33.1,0.311,33.6,0.731,1
15.87,64.98,313.78,0.232,0.176,1.63,98.4,1239.5,34.1,266.0,0.708,32.9,43.8,7.8,0.726,1213.8,0.168,0
10.25,62.72,297.92,0.126,0.116,2.66,274.8,484.9,8.0,94.2,0.338,22.6,46.8,27.3,0.335,2827.7,0.778,0
17.85,77.69,356.21,0.332,0.301,1.22,130.5,2459.4,37.6,273.4,0.548,20.3,42.4,21.4,0.544,2892.3,0.361,0
12.03,42.93,262.07,0.253,0.215,1.72,189.7,1633.0,36.5,141.0,0.449,36.3,53.5,12.7,0.557,4445.8,0.808,0
243.91,815.11,2468.95,0.408,0.333,7.43,407.1,1269.1,20.9,57.6,0.482,24.8,86.4,34.1,0.55,407.9,0.893,1
23.69,102.89,438.16,0.222,0.2,2.62,293.4,1102.1,20.2,89.1,0.746,21.7,56.0,19.7,0.777,2560.6,0.365,0
121.99,404.12,1016.34,0.523,0.404,5.39,428.3,1547.0,18.4,105.5,0.633,31.5,88.7,24.5,0.702,46.0,0.643,1
7.24,34.34,164.97,0.231,0.204,1.53,183.1,900.2,18.7,37.1,0.698,35.4,61.2,33.0,0.762,3768.2,0.343,0
129.66,461.57,1209.24,0.453,0.4,4.21,328.7,550.2,22.4,144.8,0.534,37.7,76.3,38.2,0.622,509.9,0.425,1
23.45,86.29,273.79,0.24,0.207,1.14,68.8,654.3,25.5,339.3,0.362,28.9,73.4,11.7,0.442,324.6,0.37,0
5.41,29.33,97.82,0.198,0.184,1.11,49.7,280.3,8.8,70.1,0.346,35.6,70.8,20.7,0.445,2516.1,0.341,0
113.54,336.33,1233.2,0.377,0.308,5.53,515.5,2240.2,37.4,352.1,0.73,27.7,81.0,8.2,0.749,354.2,0.48,1
15.59,56.69,317.36,0.266,0.225,2.75,111.2,2372.9,19.2,175.1,0.294,28.8,71.0,7.6,0.253,854.6,0.057,0
14.72,64.43,171.05,0.298,0.269,2.27,242.8,616.1,22.6,273.0,0.221,29.3,42.2,26.4,0.29,1859.5,0.296,0
113.91,407.97,1373.88,0.406,0.363,8.06,523.0,2445.4,32.8,40.3,0.184,35.5,76.4,28.8,0.167,12.0,0.665,1
253.39,773.53,2924.7,0.391,0.337,7.2,671.9,1382.3,37.7,310.4,0.454,22.8,77.9,11.5,0.48,5.3,0.276,1
13.47,51.29,236.27,0.201,0.162,2.62,209.8,610.0,39.6,208.1,0.559,32.9,43.8,11.0,0.62,246.5,0.258,0
10.35,54.04,267.54,0.345,0.279,1.57,145.8,1269.1,26.5,46.7,0.418,24.8,60.2,31.3,0.477,1432.9,0.312,0
179.6,435.93,1107.24,0.49,0.44,7.06,312.4,201.6,10.8,179.6,0.686,20.0,96.2,38.4,0.72,1325.3,0.926,1
25.77,102.65,283.48,0.296,0.223,1.98,110.6,360.0,11.7,244.4,0.58,37.5,73.6,44.5,0.702,1553.5,0.518,0
21.14,62.07,238.61,0.132,0.116,1.72,191.5,564.6,23.3,148.6,0.212,36.5,56.5,16.4,0.261,2803.8,0.726,0
13.62,70.87,253.03,0.306,0.245,2.81,206.5,2283.5,17.5,116.8,0.72,28.1,68.3,41.6,0.871,1019.4,0.179,0
84.02,284.55,790.26,0.514,0.454,4.02,342.8,2373.4,28.3,109.2,0.526,21.1,94.9,34.3,0.615,516.0,0.307,1
56.14,150.54,432.56,0.445,0.351,7.13,546.0,1028.9,44.6,192.3,0.212,35.3,75.8,6.1,0.272,1170.9,0.744,1
6.47,30.82,189.24,0.344,0.284,1.68,190.0,612.6,26.2,158.1,0.385,26.0,44.1,16.7,0.489,520.7,0.673,0
1.88,52.93,135.83,0.335,0.302,2.33,130.6,816.3,23.9,266.9,0.398,28.3,52.1,22.8,0.488,5354.7,0.705,0
21.33,64.37,253.99,0.176,0.159,1.19,127.4,837.1,39.7,341.6,0.51,37.8,72.9,18.6,0.641,2768.1,0.444,0
85.81,234.51,1097.53,0.394,0.312,7.46,334.1,1386.8,42.5,64.7,0.72,27.3,76.8,41.2,0.685,2374.9,0.773,1
3.58,10.54,98.0,0.202,0.167,1.36,148.0,432.0,9.8,183.1,0.353,21.0,51.8,42.0,0.36,818.3,0.701,0
12.54,51.72,230.87,0.145,0.123,2.67,299.9,1447.2,30.7,176.3,0.481,31.3,58.0,18.7,0.475,119.2,0.6,0
139.55,480.98,1486.39,0.48,0.416,5.91,609.8,932.1,41.7,144.2,0.353,29.0,81.0,21.0,0.304,136.4,0.72,1
11.85,35.88,167.56,0.345,0.31,2.34,145.4,1566.2,32.7,269.1,0.686,21.6,47.7,36.1,0.79,558.8,0.459,0
44.59,141.82,600.09,0.485,0.366,4.59,225.7,1418.3,23.9,164.6,0.722,21.8,80.2,11.3,0.894,30.2,0.211,1
1.68,18.21,105.08,0.338,0.261,1.38,110.9,1154.5,43.1,33.8,0.581,36.4,42.1,10.0,0.621,2511.7,0.84,0
21.36,68.57,285.83,0.118,0.092,0.88,81.8,306.7,3.6,180.8,0.27,18.8,67.4,34.8,0.299,2791.9,0.623,0
2.84,20.61,125.29,0.11,0.087,2.22,233.9,401.7,4.6,271.6,0.502,30.5,72.6,26.1,0.571,686.5,0.267,0
206.09,558.28,1306.96,0.486,0.367,5.03,405.1,872.6,25.1,345.1,0.264,33.8,80.5,12.3,0.257,343.8,0.858,1
133.12,347.32,742.17,0.49,0.458,4.23,354.0,1853.4,34.8,41.0,0.473,25.5,88.8,39.4,0.53,401.0,0.895,1
118.41,320.77,1305.19,0.524,0.41,5.41,621.4,843.9,40.1,228.2,0.353,20.8,92.2,21.7,0.481,59.2,0.43,1
8.37,48.01,155.57,0.226,0.173,1.39,61.1,706.4,44.7,127.2,0.597,36.4,50.3,29.7,0.626,1066.5,0.594,0
139.92,361.88,1580.59,0.462,0.39,4.04,265.0,1986.8,21.1,81.9,0.683,23.2,84.6,44.4,0.723,314.6,0.805,1
17.01,75.54,313.33,0.29,0.272,0.82,61.7,2182.1,39.2,215.3,0.109,21.6,56.0,42.9,0.094,1441.6,0.67,0
13.93,62.64,255.36,0.158,0.149,1.22,110.9,1813.3,18.6,142.0,0.694,19.3,72.6,9.4,0.745,1804.0,0.427,0
89.11,229.3,971.3,0.482,0.426,5.72,272.5,1125.2,35.4,26.1,0.268,35.9,91.8,34.9,0.304,157.6,0.101,1
2.2,33.8,165.38,0.176,0.139,1.1,121.5,538.9,18.2,322.5,0.57,28.8,51.7,35.8,0.574,1162.2,0.395,0
25.75,85.48,362.14,0.28,0.21,2.89,188.8,2487.2,31.8,155.9,0.246,25.8,70.9,38.3,0.271,258.5,0.939,0
10.07,41.94,186.94,0.342,0.279,1.88,103.0,851.9,30.7,346.9,0.324,33.4,61.7,41.5,0.334,285.0,0.28,0
58.46,186.59,663.79,0.17,0.132,2.33,203.3,1087.4,41.8,80.2,0.499,28.5,53.6,36.5,0.566,1301.0,0.567,0
16.12,65.55,330.54,0.247,0.223,1.9,97.6,1310.1,31.1,20.1,0.203,24.1,65.0,25.2,0.253,505.0,0.197,0
226.62,755.16,3258.89,0.472,0.445,3.54,234.7,1415.8,36.5,10.7,0.251,25.8,87.5,24.4,0.283,334.3,0.504,1
11.72,56.56,217.44,0.139,0.107,2.56,278.4,60.6,3.8,221.6,0.411,33.2,40.8,35.8,0.48,2458.7,0.671,0
50.72,131.08,589.65,0.534,0.443,7.69,792.9,2244.1,19.2,301.5,0.177,23.3,78.5,27.4,0.144,390.8,0.754,1
73.21,226.15,1002.19,0.453,0.422,4.94,308.8,2202.1,18.5,230.3,0.188,28.7,90.3,6.7,0.205,90.9,0.622,1
29.34,88.62,372.34,0.348,0.312,2.7,198.9,320.5,5.6,296.5,0.535,35.3,51.2,12.0,0.594,878.4,0.104,0
11.77,48.33,250.04,0.127,0.118,0.71,57.5,2124.1,24.7,186.4,0.749,35.5,69.3,10.0,0.816,309.3,0.513,0
21.07,63.1,255.3,0.213,0.199,1.02,87.0,400.7,1.5,40.8,0.741,35.9,54.7,9.5,0.792,1084.7,0.439,0
52.25,172.02,427.39,0.363,0.302,6.14,393.3,614.6,16.2,290.0,0.424,33.3,85.3,21.3,0.459,46.9,0.262,1
6.46,25.23,118.71,0.108,0.096,2.9,239.7,1302.7,22.5,130.7,0.594,28.2,60.2,10.1,0.686,509.2,0.814,0
111.72,286.64,1194.02,0.407,0.363,7.05,718.2,2442.2,15.2,249.4,0.505,28.0,81.4,22.6,0.522,192.2,0.545,1
10.13,50.54,195.9,0.242,0.212,2.38,225.9,1209.0,20.7,41.1,0.104,37.2,63.0,41.8,0.12,2910.2,0.695,0
139.57,357.46,885.07,0.455,0.371,5.38,624.5,968.8,26.8,101.4,0.686,33.4,96.6,21.4,0.794,32.4,0.878,1
18.49,94.97,318.68,0.255,0.234,1.73,102.4,1301.0,37.6,149.2,0.61,22.2,52.2,24.9,0.71,105.6,0.184,0
20.83,85.99,316.87,0.137,0.124,2.53,238.9,590.1,44.9,348.6,0.249,24.6,56.9,8.4,0.229,23.1,0.773,0
257.13,907.77,3855.5,0.519,0.436,5.39,625.5,2330.4,21.0,229.5,0.73,24.6,96.5,41.1,0.813,317.2,0.557,1
157.84,537.97,1804.07,0.5,0.417,3.78,180.1,2338.7,36.0,249.6,0.346,33.5,97.6,37.2,0.384,25.9,0.4,1
5.29,45.5,190.26,0.295,0.222,2.6,220.8,1693.7,25.6,280.0,0.354,27.3,69.1,23.1,0.403,1256.5,0.817,0
123.11,285.72,793.8,0.523,0.48,7.66,909.2,395.3,14.7,177.4,0.533,32.6,82.4,25.9,0.623,216.5,0.05,1
11.66,63.98,273.95,0.243,0.196,2.08,93.5,1219.2,25.0,56.0,0.525,18.9,55.7,42.3,0.545,1592.9,0.584,0
105.9,339.22,1467.87,0.542,0.458,6.36,439.1,961.4,24.3,110.4,0.538,31.3,95.6,22.0,0.641,1486.5,0.76,1
194.66,522.95,2100.9,0.418,0.348,6.06,283.6,2489.7,31.1,88.8,0.116,24.3,88.4,9.9,0.103,585.9,0.6,1
13.56,51.14,238.04,0.283,0.251,2.81,244.4,139.7,11.4,322.8,0.317,22.4,64.6,28.7,0.361,1576.4,0.624,0
8.15,38.59,189.28,0.203,0.168,2.81,304.6,653.1,25.6,262.2,0.108,31.3,59.6,18.2,0.109,3086.7,0.82,0
24.26,69.79,193.68,0.269,0.211,2.14,127.2,1234.3,21.1,198.9,0.321,20.1,73.4,18.7,0.421,1055.3,0.093,0
149.52,537.91,1276.55,0.521,0.482,6.05,341.0,2064.5,35.9,87.7,0.647,31.3,86.3,41.4,0.718,121.9,0.122,1
108.42,315.77,1071.99,0.541,0.425,7.65,630.6,1825.3,41.8,56.1,0.27,37.9,97.0,31.7,0.334,289.2,0.82,1
13.76,40.98,172.39,0.107,0.081,0.71,48.7,2390.9,39.9,212.9,0.215,36.3,60.7,33.7,0.196,2037.6,0.207,0
42.93,119.76,351.09,0.301,0.237,1.48,157.2,534.3,41.4,46.4,0.7,33.3,40.6,33.6,0.763,1234.3,0.453,0
124.28,394.41,1399.4,0.403,0.339,7.12,361.2,266.4,6.1,163.0,0.248,24.8,81.2,30.1,0.3,31.2,0.083,1
119.56,388.97,1204.79,0.431,0.36,7.27,822.1,1479.0,17.4,209.3,0.409,24.0,96.0,43.4,0.371,161.1,0.205,1
169.91,501.91,2122.1,0.502,0.457,3.92,411.0,1087.1,38.8,128.1,0.318,37.4,89.0,14.6,0.331,281.8,0.205,1
37.0,111.91,347.82,0.213,0.168,0.81,33.3,836.2,27.4,333.7,0.156,20.0,46.0,23.5,0.137,234.1,0.784,0
17.07,68.88,352.71,0.154,0.14,1.67,104.0,1940.6,28.5,33.0,0.248,22.2,54.4,32.0,0.203,4178.8,0.465,0
14.41,60.11,201.96,0.149,0.114,2.78,314.7,1376.6,26.9,152.0,0.508,34.6,62.2,10.9,0.461,1003.8,0.77,0
113.26,406.69,1360.69,0.463,0.391,4.33,469.0,810.9,20.1,322.9,0.154,27.9,92.0,14.9,0.185,109.2,0.293,1
9.47,40.07,189.41,0.241,0.223,1.66,131.6,1349.1,43.2,63.6,0.126,36.0,62.1,17.3,0.1,886.1,0.7,0
109.92,218.92,819.65,0.387,0.322,7.19,602.4,2332.1,36.9,226.1,0.204,25.4,83.7,20.0,0.121,709.5,0.488,1
9.54,37.22,196.77,0.326,0.307,1.13,52.3,662.2,24.7,209.2,0.289,24.1,57.8,18.7,0.353,809.5,0.467,0
101.31,211.55,893.67,0.477,0.418,6.81,707.6,1135.4,32.8,325.6,0.563,29.9,92.5,7.2,0.588,360.1,0.717,1
40.26,102.72,295.06,0.404,0.364,6.36,293.1,726.6,30.8,318.6,0.417,31.7,77.7,19.9,0.428,847.4,0.366,1
108.78,332.2,1079.25,0.374,0.318,4.24,387.7,1443.0,29.3,329.3,0.424,31.4,81.1,12.4,0.526,75.2,0.29,1
17.84,44.08,180.11,0.323,0.27,0.72,35.3,2255.8,43.9,209.1,0.342,23.1,56.2,8.6,0.323,204.2,0.518,0
4.41,40.21,143.91,0.19,0.145,2.23,166.5,1634.8,28.5,64.4,0.611,34.9,42.0,15.4,0.684,529.5,0.649,0
13.89,53.47,256.53,0.268,0.208,0.53,36.5,494.1,11.2,49.2,0.127,27.2,69.3,14.3,0.167,1427.3,0.091,0
72.56,173.92,566.26,0.488,0.422,6.71,491.0,331.6,2.3,277.4,0.482,19.6,96.5,10.6,0.563,245.4,0.273,1
239.27,573.2,1869.71,0.427,0.373,4.53,390.8,97.4,14.5,150.9,0.723,29.0,83.7,10.2,0.691,100.3,0.541,1
98.04,295.02,847.31,0.539,0.51,6.8,348.4,2103.2,32.2,89.2,0.471,23.7,85.5,33.8,0.563,0.5,0.549,1
76.91,189.91,528.89,0.367,0.338,8.36,483.5,1184.3,42.8,240.5,0.58,29.8,95.9,44.8,0.616,733.3,0.44,1
157.86,311.77,1397.16,0.358,0.329,7.81,378.3,1062.6,44.2,279.0,0.196,21.7,76.3,6.5,0.208,766.5,0.71,1
2.48,26.26,91.05,0.316,0.255,0.82,75.6,667.6,39.3,327.3,0.474,34.5,45.9,25.2,0.564,1877.9,0.633,0
114.27,281.14,862.81,0.506,0.422,8.25,364.8,1080.9,39.6,15.7,0.305,21.5,88.7,11.5,0.352,195.1,0.737,1
9.49,53.58,211.39,0.114,0.087,1.11,102.9,887.5,18.6,38.3,0.56,26.4,54.8,10.1,0.557,749.5,0.387,0
11.17,38.06,167.85,0.284,0.246,0.51,59.8,1861.9,42.1,244.7,0.217,18.7,61.0,11.1,0.31,37.8,0.696,0
112.7,374.37,1221.77,0.494,0.377,7.37,819.0,1770.3,43.5,53.6,0.475,31.0,76.7,31.7,0.525,24.1,0.857,1
24.16,69.63,295.23,0.124,0.104,1.43,94.3,1120.6,21.9,46.1,0.434,19.9,40.6,9.7,0.507,3055.1,0.531,0
17.86,65.36,377.12,0.183,0.158,2.77,158.4,1637.9,30.2,66.4,0.574,32.5,51.9,28.0,0.574,476.3,0.423,0
146.82,336.55,1364.18,0.537,0.427,4.87,568.4,1477.5,26.9,107.7,0.534,31.4,82.1,14.1,0.585,45.1,0.581,1
20.09,50.95,279.63,0.282,0.255,2.17,164.1,1606.2,37.4,318.9,0.582,26.4,68.5,43.2,0.624,1277.9,0.889,0
206.06,678.04,2553.07,0.444,0.393,5.03,343.2,1900.8,19.6,289.0,0.7,27.8,91.1,25.0,0.72,90.5,0.912,1
10.57,31.89,167.71,0.247,0.192,0.87,43.6,238.9,5.0,120.5,0.473,34.7,63.6,37.7,0.459,1050.2,0.489,0
3.57,32.69,135.61,0.225,0.213,2.94,156.6,2081.4,40.4,225.2,0.36,23.1,63.3,42.8,0.416,643.5,0.63,0
2.88,8.31,67.36,0.281,0.241,1.97,195.7,713.9,18.6,247.9,0.424,30.7,41.4,17.8,0.461,182.2,0.38,0
2.93,24.1,128.11,0.28,0.211,2.6,145.9,960.3,21.9,355.3,0.55,29.5,50.7,5.5,0.63,1297.7,0.375,0
207.11,550.09,1699.32,0.444,0.364,8.41,456.7,698.6,18.7,29.2,0.255,32.5,92.2,44.2,0.244,910.2,0.496,1
6.89,24.58,199.94,0.134,0.127,1.48,97.6,2068.8,39.2,129.4,0.225,26.1,65.7,12.0,0.217,2404.7,0.488,0
75.44,211.74,461.07,0.514,0.479,3.81,430.8,2175.7,15.7,340.6,0.158,35.6,87.9,22.3,0.179,401.1,0.789,1
4.03,31.63,178.28,0.14,0.109,2.07,180.8,359.8,5.5,191.6,0.361,22.7,60.8,22.4,0.431,740.4,0.118,0
191.78,676.42,2720.26,0.377,0.348,8.19,835.2,1309.8,31.1,282.0,0.15,34.1,93.3,10.6,0.168,125.0,0.77,1
79.62,237.51,981.91,0.387,0.338,5.06,493.9,960.6,21.5,82.9,0.175,30.0,97.7,24.1,0.17,151.0,0.415,1
132.0,380.13,1165.1,0.366,0.276,6.43,745.5,463.2,5.2,102.7,0.672,34.0,81.6,35.3,0.807,1321.4,0.636,1
17.2,82.95,339.28,0.107,0.096,2.0,190.3,1396.0,19.6,322.0,0.49,37.3,50.9,21.1,0.5,811.9,0.754,0
18.75,89.33,256.32,0.194,0.161,1.12,56.0,920.3,23.0,242.3,0.719,18.1,61.1,9.7,0.74,1020.8,0.711,0
29.82,108.22,376.15,0.324,0.268,1.49,83.8,1791.8,17.4,300.6,0.338,18.6,41.7,28.1,0.42,1943.4,0.672,0
185.64,600.8,2145.6,0.5,0.413,5.32,512.1,2092.3,38.9,77.1,0.335,18.0,78.7,42.7,0.462,750.1,0.831,1
5.81,20.13,110.88,0.255,0.222,1.14,65.3,43.7,10.0,86.8,0.656,24.3,70.9,8.1,0.767,313.6,0.084,0
6.6,50.71,168.86,0.146,0.13,1.71,181.2,1373.8,15.5,105.4,0.475,25.9,49.3,15.8,0.495,1444.1,0.65,0
152.4,506.58,2108.18,0.528,0.465,5.09,561.5,1456.3,38.9,297.1,0.468,25.5,95.2,42.4,0.559,809.4,0.697,1
26.26,116.15,470.66,0.323,0.258,1.43,104.8,802.1,32.6,78.2,0.463,19.0,63.8,29.1,0.438,462.7,0.568,0
71.93,173.83,675.48,0.361,0.322,3.64,257.2,2008.9,16.0,241.2,0.627,36.1,82.1,25.1,0.623,56.3,0.159,1
11.24,60.7,203.22,0.256,0.199,1.79,88.9,2274.8,21.8,116.6,0.538,20.6,54.3,17.6,0.636,605.6,0.41,0
36.91,118.86,385.03,0.195,0.184,0.62,71.8,1912.9,24.7,219.8,0.223,28.8,50.5,28.2,0.232,1440.9,0.548,0
119.01,241.92,969.4,0.549,0.464,6.74,532.2,1323.2,43.2,154.2,0.557,36.1,85.9,24.3,0.654,553.5,0.246,1
16.76,99.15,511.07,0.22,0.169,0.84,81.0,37.9,8.8,93.2,0.453,28.8,50.5,28.2,0.521,2677.3,0.847,0
102.03,278.68,874.39,0.502,0.435,5.45,286.9,1060.5,35.7,238.5,0.177,25.4,96.1,13.5,0.191,490.8,0.565,1
23.91,78.29,412.91,0.342,0.296,1.48,122.8,1737.5,38.3,249.9,0.306,32.1,68.8,25.5,0.32,4106.5,0.163,0
19.82,62.11,276.84,0.306,0.232,0.65,65.9,406.9,9.7,272.5,0.597,37.9,68.5,8.5,0.644,1531.3,0.126,0
142.71,341.47,1502.75,0.354,0.266,3.9,342.1,1941.8,18.0,296.0,0.704,30.0,76.0,22.4,0.781,296.8,0.469,1
111.12,237.48,618.48,0.354,0.336,4.08,287.5,1537.7,43.0,97.0,0.407,30.9,98.0,11.4,0.385,449.3,0.114,1
124.37,305.85,1250.74,0.514,0.425,6.34,565.5,835.7,28.5,139.7,0.564,21.6,78.1,13.5,0.652,574.9,0.632,1
13.5,64.63,326.4,0.116,0.093,1.36,162.6,2122.8,20.1,234.7,0.132,23.3,45.7,26.7,0.07,208.7,0.78,0
45.56,166.4,694.61,0.457,0.393,4.82,455.9,1611.4,38.0,243.4,0.435,33.9,78.5,39.0,0.596,395.8,0.62,1
6.39,34.62,235.44,0.305,0.229,2.53,203.2,765.6,41.5,357.1,0.428,33.0,49.7,24.0,0.526,723.1,0.092,0
14.21,51.26,178.77,0.134,0.101,1.21,131.4,501.3,37.0,74.7,0.747,22.8,68.3,33.6,0.784,1632.0,0.114,0
190.8,372.94,1293.38,0.383,0.296,7.12,553.4,400.8,6.9,208.9,0.748,28.1,85.4,20.6,0.898,98.2,0.16,1
16.5,50.18,206.48,0.33,0.301,1.75,133.0,2466.9,44.5,42.4,0.408,35.6,40.7,5.0,0.407,783.8,0.857,0
96.04,264.48,807.74,0.459,0.367,5.06,427.8,2173.7,18.0,45.2,0.205,21.6,97.4,37.0,0.29,14.1,0.78,1
39.66,165.41,533.09,0.246,0.209,2.46,161.3,1723.5,19.4,154.4,0.431,32.5,74.1,40.8,0.492,1004.7,0.528,0
46.19,162.84,531.3,0.169,0.134,2.06,94.2,1181.7,23.3,200.6,0.541,25.0,59.5,17.4,0.665,837.1,0.247,0
187.22,591.64,2236.72,0.465,0.4,7.17,502.8,2121.8,19.0,74.7,0.581,19.3,89.0,44.4,0.576,73.6,0.941,1
31.89,72.36,314.66,0.518,0.441,7.51,739.4,1761.0,28.4,20.0,0.219,23.6,85.1,7.8,0.294,2.6,0.473,1
116.02,391.29,1050.72,0.512,0.425,4.11,324.6,1397.5,32.9,122.8,0.59,26.4,79.6,12.5,0.555,398.0,0.867,1
66.0,146.26,562.71,0.5,0.419,5.51,597.5,1951.9,24.1,78.9,0.719,32.9,85.9,32.5,0.786,666.2,0.25,1
125.56,378.01,1102.36,0.437,0.385,4.23,230.6,306.9,2.0,31.9,0.212,20.5,79.3,32.1,0.129,470.5,0.642,1
156.21,415.55,1124.78,0.428,0.393,8.24,476.2,2187.3,31.8,297.1,0.41,35.2,97.0,42.4,0.429,315.2,0.772,1
130.41,381.28,1550.51,0.403,0.328,7.63,698.5,328.4,10.0,210.5,0.662,24.5,95.6,37.4,0.727,937.6,0.757,1
45.24,104.84,363.55,0.198,0.17,1.52,159.9,2261.7,41.1,260.0,0.298,21.0,50.9,12.7,0.387,533.7,0.606,0
10.76,36.37,205.31,0.312,0.288,2.27,217.1,557.4,18.1,274.2,0.143,25.4,51.7,15.0,0.129,2808.8,0.688,0
39.21,107.39,325.66,0.14,0.11,0.76,57.1,976.9,26.1,54.2,0.733,36.6,74.2,9.1,0.874,1628.3,0.169,0
157.92,323.42,1166.66,0.4,0.379,3.92,433.8,1902.8,22.0,96.9,0.567,29.3,91.6,16.1,0.699,93.3,0.236,1
94.31,301.66,799.75,0.466,0.42,3.66,344.5,293.0,12.9,20.0,0.197,25.0,78.2,25.5,0.175,110.2,0.212,1
2.89,38.95,139.03,0.122,0.101,1.62,173.4,2437.1,24.0,319.9,0.397,26.6,64.3,14.8,0.515,1073.7,0.543,0
85.26,291.18,912.47,0.393,0.324,8.13,912.7,1875.3,39.1,284.6,0.482,32.8,85.5,33.2,0.475,273.1,0.528,1
110.43,316.28,1305.39,0.508,0.402,3.98,327.8,658.7,22.0,99.6,0.697,18.9,88.0,41.5,0.666,177.0,0.883,1
3.29,19.6,91.09,0.129,0.103,2.05,178.2,2220.1,42.4,111.7,0.289,37.0,42.6,12.8,0.313,1588.0,0.734,0
135.79,288.58,715.98,0.419,0.363,5.08,474.2,113.2,7.4,210.6,0.632,34.7,91.8,43.9,0.684,204.5,0.21,1
81.22,200.88,497.73,0.536,0.402,6.89,812.0,37.1,4.2,214.7,0.101,35.7,90.6,42.7,0.08,1129.4,0.201,1
18.91,89.21,325.46,0.319,0.241,2.12,221.4,816.0,21.6,313.4,0.67,31.3,51.4,18.2,0.697,1986.5,0.278,0
245.12,624.47,1751.81,0.43,0.408,3.54,151.6,262.8,10.8,10.6,0.594,29.8,78.4,26.7,0.677,126.6,0.949,1
7.79,32.95,96.09,0.338,0.269,2.13,158.6,2051.6,18.5,332.6,0.712,24.9,47.2,33.9,0.701,2041.8,0.203,0
305.55,938.55,4233.62,0.53,0.486,6.78,742.4,967.4,36.6,312.7,0.357,24.0,79.0,38.5,0.416,14.3,0.389,1
259.93,772.25,1991.02,0.361,0.315,5.36,229.9,1552.8,19.6,182.5,0.729,19.8,94.8,13.8,0.792,66.3,0.332,1
117.31,408.57,1360.33,0.376,0.315,4.05,366.2,2059.0,23.8,41.6,0.617,18.7,76.5,30.7,0.618,355.1,0.052,1
26.51,88.29,467.2,0.167,0.15,1.27,147.4,391.0,3.5,223.4,0.193,19.1,62.4,36.1,0.176,1443.0,0.305,0
84.68,233.18,540.29,0.536,0.407,3.74,242.6,2434.5,34.2,223.3,0.251,21.6,96.2,19.2,0.214,186.4,0.239,1
170.52,573.74,2205.02,0.519,0.468,8.12,793.6,1632.3,41.9,32.1,0.623,21.2,97.4,38.4,0.724,584.3,0.929,1
6.36,25.65,111.65,0.172,0.158,1.34,87.1,172.9,7.0,335.7,0.398,33.7,64.3,30.8,0.417,1900.9,0.704,0
126.83,293.91,1320.49,0.452,0.365,8.05,734.3,1355.3,26.0,226.0,0.595,20.1,86.5,25.6,0.586,525.9,0.776,1
7.25,42.09,216.78,0.341,0.277,2.41,276.5,2178.4,17.9,195.3,0.397,33.3,51.5,11.5,0.467,22.4,0.81,0
172.68,559.56,1724.4,0.405,0.312,3.52,244.6,2245.8,23.5,208.2,0.506,26.8,78.4,43.2,0.581,167.8,0.272,1
20.39,59.51,202.79,0.173,0.159,1.49,174.6,1872.1,40.4,190.2,0.32,37.2,52.1,11.1,0.321,1115.7,0.863,0
26.51,103.9,369.28,0.23,0.21,1.12,78.8,2430.8,19.2,33.1,0.408,30.1,64.2,32.5,0.483,759.3,0.539,0
8.77,25.03,180.48,0.221,0.184,1.21,86.6,1252.6,26.1,276.2,0.651,29.2,56.6,6.6,0.705,1845.2,0.117,0
79.62,249.34,735.31,0.429,0.354,5.12,517.4,1013.6,40.3,1.6,0.424,30.9,87.7,12.2,0.507,23.3,0.595,1
15.4,59.91,322.46,0.233,0.195,2.81,193.3,560.0,21.6,296.8,0.547,27.9,74.0,32.9,0.531,343.8,0.144,0
258.39,741.3,3041.18,0.531,0.443,7.03,465.3,1149.2,19.7,52.1,0.234,29.4,79.4,22.8,0.295,529.5,0.541,1
10.09,43.09,197.05,0.209,0.174,0.98,53.9,2144.8,15.2,111.2,0.547,32.1,63.2,42.4,0.632,146.6,0.531,0
18.64,77.6,365.32,0.122,0.095,1.93,91.0,145.6,5.5,132.5,0.168,34.9,45.6,24.5,0.274,2221.6,0.629,0
182.86,555.69,1245.52,0.386,0.29,3.82,408.6,567.8,41.1,158.3,0.497,36.4,88.4,17.6,0.539,118.8,0.157,1
18.8,82.34,329.13,0.529,0.478,8.12,633.6,2429.3,20.7,168.2,0.453,31.8,79.8,44.8,0.49,365.8,0.84,1
14.32,60.83,212.13,0.257,0.211,1.56,143.6,1978.1,38.6,228.4,0.373,36.4,40.1,11.7,0.414,100.3,0.718,0
123.39,249.21,821.5,0.518,0.439,7.48,585.1,703.3,44.2,163.3,0.638,28.9,89.3,17.6,0.719,587.9,0.937,1
95.47,201.93,680.66,0.458,0.372,5.26,367.8,2097.5,24.2,271.3,0.477,22.7,97.5,40.5,0.524,328.5,0.057,1
82.13,206.43,731.06,0.398,0.329,5.97,434.2,369.3,4.4,40.5,0.265,24.8,77.7,39.7,0.322,97.0,0.574,1
25.21,99.7,347.69,0.115,0.088,0.95,44.0,1670.3,21.2,112.7,0.432,35.3,50.4,29.9,0.449,942.4,0.486,0
14.59,70.16,304.51,0.103,0.085,2.64,247.7,506.2,32.6,88.7,0.618,30.9,47.5,11.5,0.708,2225.1,0.411,0
135.95,432.36,1969.06,0.497,0.418,5.15,416.8,1332.3,24.8,112.6,0.658,23.6,80.1,26.0,0.766,419.4,0.281,1
15.35,45.44,208.43,0.293,0.268,2.94,133.2,1583.5,33.5,72.1,0.301,29.5,74.4,31.4,0.381,330.2,0.171,0
212.7,533.96,2043.35,0.513,0.418,4.05,365.8,1836.7,35.0,313.5,0.151,31.3,91.3,18.9,0.18,178.3,0.928,1
68.64,246.71,777.05,0.429,0.33,6.28,356.5,2267.9,36.5,176.9,0.265,38.0,91.4,42.4,0.309,84.3,0.833,1
71.64,273.62,677.71,0.499,0.45,8.34,426.1,1985.7,42.1,224.5,0.679,28.1,86.5,15.1,0.736,538.1,0.787,1
129.18,447.65,1000.07,0.509,0.42,3.6,425.7,752.5,18.3,271.2,0.531,36.0,91.0,13.2,0.574,59.0,0.169,1
39.96,146.62,537.76,0.363,0.338,3.85,178.2,2109.2,23.3,110.0,0.726,24.8,87.5,20.7,0.863,81.6,0.923,1
43.51,159.98,648.14,0.289,0.272,1.46,143.6,166.2,7.2,314.4,0.127,30.8,45.0,10.9,0.094,274.4,0.403,0
197.53,684.52,2537.6,0.527,0.487,7.18,687.3,1843.7,28.1,161.8,0.328,33.8,92.9,28.3,0.312,637.9,0.484,1
16.32,69.09,353.99,0.158,0.126,1.99,162.9,1213.4,27.9,229.8,0.366,36.6,72.7,7.4,0.423,929.8,0.625,0
33.62,137.43,506.87,0.259,0.207,2.96,138.7,1104.7,25.0,9.6,0.316,27.6,57.5,7.3,0.269,623.0,0.333,0
144.22,274.4,1026.32,0.387,0.351,8.37,530.7,1754.3,44.6,152.0,0.265,35.1,93.5,12.0,0.304,338.9,0.468,1
159.21,544.57,2333.99,0.369,0.31,3.6,190.7,161.0,12.8,105.7,0.398,28.5,92.4,10.1,0.418,147.7,0.539,1
57.03,160.65,510.11,0.396,0.32,4.85,575.9,2183.7,17.8,12.6,0.541,31.0,93.3,5.2,0.56,104.6,0.192,1
92.91,206.96,729.23,0.399,0.323,5.08,243.7,654.8,27.1,126.3,0.218,22.8,83.9,28.6,0.308,113.0,0.299,1
12.02,55.21,320.45,0.179,0.155,2.54,104.3,2037.4,40.8,301.8,0.614,34.5,58.6,29.7,0.678,2334.7,0.135,0
8.11,54.0,215.33,0.233,0.216,1.31,75.2,813.6,20.0,321.3,0.24,37.4,62.5,42.1,0.166,194.7,0.412,0
130.22,377.87,1555.41,0.379,0.331,5.35,550.1,1837.7,28.9,205.2,0.731,33.6,82.5,5.9,0.737,407.2,0.477,1
24.6,119.93,563.2,0.144,0.126,1.46,156.9,2299.1,38.2,354.0,0.608,23.4,44.2,8.1,0.718,3283.7,0.566,0
11.67,44.78,201.0,0.136,0.123,1.95,187.1,1731.3,17.6,332.5,0.311,19.5,65.2,21.3,0.327,297.8,0.828,0
17.8,63.89,159.86,0.311,0.281,0.5,37.3,594.7,39.5,241.1,0.48,19.2,69.0,18.9,0.621,2498.8,0.197,0
12.12,63.42,323.24,0.317,0.295,2.59,267.3,1752.8,18.3,72.3,0.349,32.3,74.4,26.5,0.332,304.2,0.124,0
7.07,31.93,202.94,0.281,0.22,1.26,118.5,1753.1,28.9,43.6,0.749,33.7,72.4,14.6,0.877,317.0,0.158,0
2.37,15.02,46.27,0.118,0.112,2.0,239.2,2311.8,43.7,237.6,0.41,31.3,68.4,27.1,0.502,34.8,0.194,0
18.9,71.9,327.48,0.327,0.267,0.63,47.4,648.2,30.3,146.6,0.542,31.4,74.0,39.9,0.517,31.8,0.101,0
13.88,40.46,212.54,0.345,0.278,1.58,86.9,2423.7,42.0,17.6,0.514,36.4,64.8,27.6,0.536,2566.4,0.689,0
211.34,432.86,1771.09,0.442,0.376,5.39,244.1,1716.1,42.5,324.6,0.296,26.9,94.7,34.7,0.391,1344.8,0.855,1
8.84,27.94,81.61,0.188,0.151,0.53,47.5,802.6,27.9,18.4,0.35,27.9,53.1,30.9,0.45,1126.8,0.813,0
29.35,119.68,414.23,0.201,0.16,2.47,283.5,1279.3,43.0,284.9,0.427,22.9,41.8,39.0,0.464,1637.9,0.809,0
133.99,326.86,1224.25,0.449,0.424,7.54,775.8,1906.9,17.7,195.6,0.261,38.0,91.3,10.3,0.286,99.1,0.304,1
26.66,96.91,374.92,0.17,0.131,2.54,250.1,128.1,6.6,153.1,0.229,36.9,48.1,10.4,0.195,1509.5,0.112,0
80.26,213.97,989.26,0.411,0.39,4.55,370.4,847.2,41.5,244.5,0.728,22.7,93.8,40.8,0.866,130.1,0.819,1
156.3,525.62,2375.08,0.446,0.39,6.82,371.0,2218.5,30.9,174.1,0.284,22.6,85.5,38.2,0.343,579.6,0.801,1
29.0,69.56,187.13,0.148,0.14,0.74,45.6,276.3,1.7,212.9,0.323,33.5,40.3,10.6,0.284,1576.8,0.141,0
25.89,74.13,279.0,0.327,0.304,0.98,61.1,1324.7,16.3,208.6,0.634,21.7,57.6,10.0,0.695,672.6,0.398,0
60.09,207.42,466.67,0.507,0.446,7.1,661.6,1443.2,35.0,216.4,0.61,22.0,96.9,38.4,0.722,177.0,0.364,1
91.44,337.09,1043.67,0.362,0.314,5.38,583.9,724.6,40.5,356.8,0.201,35.1,81.6,43.8,0.214,306.1,0.139,1
11.23,51.21,221.28,0.294,0.279,0.99,50.2,1016.8,35.4,105.5,0.205,29.9,54.2,26.1,0.255,879.5,0.915,0
40.95,118.8,434.96,0.43,0.367,5.32,227.1,2276.4,43.6,110.7,0.21,23.6,75.6,24.2,0.212,83.0,0.748,1
17.13,74.41,205.52,0.278,0.219,1.21,98.0,160.4,5.1,130.3,0.469,26.0,66.2,12.1,0.518,438.7,0.591,0
152.75,550.83,1413.64,0.538,0.51,4.48,500.9,411.9,14.6,324.9,0.635,21.4,81.7,6.3,0.72,167.2,0.379,1
14.26,62.34,205.75,0.231,0.188,1.34,157.0,2254.0,22.6,199.3,0.579,29.9,57.1,16.1,0.651,2012.1,0.925,0
139.45,366.02,1256.93,0.463,0.355,7.8,610.5,456.5,7.5,334.1,0.351,21.1,82.4,43.2,0.374,185.8,0.368,1
100.58,250.17,949.57,0.425,0.379,5.63,337.7,443.9,10.6,272.7,0.479,24.4,88.6,32.1,0.503,240.3,0.559,1
78.74,287.68,877.32,0.404,0.339,4.7,476.7,1465.3,26.5,90.5,0.558,37.4,84.0,9.6,0.65,155.3,0.621,1
100.42,327.23,808.57,0.455,0.377,4.92,263.6,2461.1,28.1,205.5,0.107,29.4,80.3,7.0,0.198,6.6,0.154,1
0.78,19.41,135.97,0.14,0.122,0.89,94.6,1122.9,33.1,29.1,0.635,24.9,40.7,34.8,0.725,1055.4,0.657,0
14.14,48.14,251.53,0.343,0.261,2.8,306.2,1310.8,22.0,201.1,0.61,36.5,55.3,18.3,0.587,478.4,0.216,0
26.91,97.79,304.97,0.149,0.132,1.92,124.7,2067.7,42.8,68.7,0.58,25.4,50.4,44.2,0.587,2898.2,0.806,0
13.96,57.57,243.92,0.301,0.256,1.06,57.8,1743.9,43.3,148.1,0.727,32.5,43.5,24.4,0.764,1590.2,0.285,0
42.96,119.53,315.17,0.505,0.429,7.33,358.5,2490.1,32.9,207.5,0.105,24.6,83.5,18.4,0.0,464.2,0.662,1
10.59,47.25,172.86,0.164,0.153,2.28,202.2,1535.6,35.2,69.3,0.636,24.1,70.4,14.4,0.762,230.1,0.152,0
44.36,114.56,449.02,0.205,0.188,0.6,70.9,1055.0,24.2,270.8,0.405,27.5,58.7,34.9,0.388,1104.7,0.534,0
110.83,280.83,884.44,0.455,0.39,5.32,403.5,840.6,22.7,172.5,0.593,29.1,87.8,23.5,0.667,26.6,0.192,1
107.0,374.67,1362.33,0.413,0.358,3.96,241.9,2468.8,23.1,314.5,0.12,26.6,87.2,33.7,0.119,477.0,0.442,1
97.54,220.18,1026.28,0.439,0.4,6.29,668.1,2022.9,27.2,111.6,0.138,34.6,83.3,28.8,0.151,247.5,0.636,1
158.67,497.67,1978.56,0.448,0.373,7.22,700.5,2051.2,42.9,275.8,0.182,31.8,95.6,42.7,0.18,1044.7,0.159,1
5.93,48.77,219.3,0.339,0.3,1.12,51.6,494.1,9.7,8.7,0.22,37.2,59.3,5.8,0.178,2339.9,0.421,0
46.08,177.16,567.91,0.119,0.102,1.6,97.2,1156.4,23.6,198.9,0.192,25.7,74.9,30.4,0.299,971.9,0.936,0
104.83,360.41,936.77,0.436,0.371,8.14,568.3,66.5,5.1,304.6,0.321,28.8,89.3,22.5,0.294,158.9,0.663,1
139.63,445.65,1834.23,0.529,0.501,7.72,442.5,1340.7,22.0,299.2,0.301,35.3,96.7,36.4,0.295,465.2,0.258,1
15.63,56.06,187.54,0.31,0.234,2.61,288.7,193.7,9.4,203.7,0.24,23.5,49.7,32.5,0.334,1656.1,0.465,0
74.03,225.76,540.36,0.422,0.352,3.7,203.2,500.5,27.1,223.6,0.2,33.0,81.1,20.0,0.211,1.1,0.229,1
5.88,28.07,109.84,0.238,0.223,0.93,96.6,712.2,29.0,276.0,0.539,29.8,41.4,19.8,0.603,1502.9,0.912,0
11.04,29.45,108.84,0.201,0.188,0.89,88.9,2044.8,36.5,195.4,0.409,29.8,45.1,6.1,0.48,392.8,0.506,0
65.51,214.97,777.95,0.515,0.463,5.02,205.6,265.1,12.0,288.5,0.719,23.2,80.3,44.6,0.861,18.2,0.231,1
181.54,428.71,1860.99,0.494,0.429,4.14,258.3,2269.5,27.1,216.6,0.636,23.4,86.4,34.9,0.709,132.2,0.536,1
99.91,236.32,1093.48,0.46,0.409,4.95,400.0,1420.1,15.7,54.4,0.589,36.6,76.1,11.0,0.602,829.0,0.153,1
6.42,29.36,158.6,0.327,0.262,1.71,98.6,280.7,3.4,276.1,0.156,18.8,55.4,27.3,0.09,4521.7,0.136,0
118.82,243.63,624.05,0.369,0.312,3.75,395.0,2467.5,18.4,128.9,0.691,28.9,86.4,42.0,0.779,30.4,0.112,1
16.52,90.26,321.84,0.268,0.229,1.1,55.9,15.1,13.7,318.3,0.733,31.8,66.2,10.8,0.847,412.4,0.365,0
41.14,147.96,379.41,0.243,0.185,2.83,150.8,415.7,7.5,138.6,0.147,21.6,54.5,39.8,0.093,1578.0,0.859,0
133.27,380.9,926.98,0.537,0.496,3.7,322.6,467.8,8.3,87.5,0.645,28.7,91.3,33.8,0.692,64.3,0.093,1
52.52,171.53,646.76,0.498,0.419,6.87,287.8,2171.8,41.8,109.1,0.373,36.1,95.8,18.0,0.391,281.6,0.927,1
154.16,454.32,1960.81,0.456,0.424,3.9,465.7,876.1,16.4,65.7,0.307,34.2,82.1,12.4,0.271,2.9,0.118,1
121.66,413.12,1553.46,0.54,0.447,6.74,555.5,2088.8,28.1,161.4,0.54,35.6,97.7,30.2,0.717,298.6,0.196,1
164.62,538.74,2191.55,0.516,0.429,8.47,780.4,114.9,4.6,269.3,0.305,26.3,77.5,22.4,0.236,69.9,0.171,1
163.81,377.08,1288.0,0.481,0.384,3.8,229.0,2396.9,24.5,237.7,0.172,30.3,81.4,16.3,0.196,754.5,0.297,1
8.13,20.2,116.73,0.203,0.178,1.11,129.6,2135.7,19.2,313.7,0.554,21.7,65.2,38.5,0.586,3145.6,0.92,0
13.21,67.05,338.84,0.104,0.089,2.93,195.7,1194.9,32.4,7.4,0.527,35.3,53.9,44.8,0.535,1213.0,0.167,0
12.96,85.36,387.82,0.232,0.216,1.34,67.5,390.7,11.8,273.5,0.612,21.0,65.4,26.2,0.674,504.5,0.929,0
7.71,21.02,99.05,0.133,0.111,2.71,207.0,567.0,32.1,219.1,0.464,20.4,56.5,8.5,0.566,1171.5,0.798,0
68.65,234.06,709.31,0.428,0.376,8.15,408.9,577.2,21.7,347.3,0.619,34.3,96.4,10.4,0.784,146.0,0.636,1
13.49,65.37,193.69,0.295,0.263,1.58,184.4,1760.0,22.4,299.2,0.105,25.2,50.3,36.8,0.128,202.4,0.682,0
28.48,99.27,435.71,0.281,0.228,2.05,164.7,943.4,24.2,101.0,0.6,32.7,46.2,42.6,0.643,1717.8,0.357,0
33.83,128.18,406.66,0.237,0.219,2.91,256.0,17.8,12.1,311.1,0.385,37.5,71.2,9.3,0.393,157.3,0.117,0
64.87,161.0,536.1,0.435,0.36,4.1,323.1,966.5,28.0,315.1,0.472,24.8,81.1,11.7,0.461,125.0,0.661,1
3.75,32.4,191.24,0.262,0.23,0.5,29.6,1433.9,36.1,296.9,0.678,36.9,64.5,41.1,0.822,875.4,0.206,0
97.94,335.18,1359.88,0.374,0.326,5.32,285.3,144.0,5.8,189.2,0.604,23.2,76.4,24.9,0.71,200.1,0.74,1
22.3,93.7,273.09,0.288,0.24,2.12,249.1,1382.4,15.7,305.8,0.523,33.5,57.1,43.8,0.555,456.2,0.302,0
25.81,92.94,240.28,0.324,0.255,0.96,63.0,1944.4,16.4,113.5,0.196,29.1,42.6,20.8,0.234,595.3,0.457,0
111.59,323.33,1294.02,0.428,0.372,4.78,213.4,1414.9,33.7,125.5,0.264,33.5,88.0,12.4,0.263,86.4,0.254,1
237.29,616.44,1974.18,0.381,0.315,3.76,302.3,835.2,28.7,233.3,0.326,22.8,82.9,9.6,0.431,18.9,0.704,1
12.08,66.98,222.15,0.133,0.11,0.51,30.4,909.2,25.3,9.8,0.707,33.7,74.8,26.3,0.806,873.7,0.54,0
127.54,450.51,2058.54,0.359,0.304,8.35,805.6,1081.7,38.4,234.4,0.603,32.4,88.2,29.3,0.715,659.5,0.661,1
104.91,306.27,1263.79,0.351,0.311,8.06,566.1,2120.4,29.7,115.4,0.425,20.1,97.2,25.5,0.486,728.3,0.673,1
13.35,63.29,270.54,0.156,0.14,2.02,231.5,89.0,8.6,322.5,0.593,30.4,42.8,29.2,0.654,1017.5,0.928,0
89.02,302.26,1166.08,0.478,0.4,8.28,620.0,892.4,25.1,148.7,0.271,25.7,87.6,34.1,0.316,154.7,0.526,1
100.61,287.33,722.74,0.468,0.362,7.5,705.5,2398.9,23.9,269.5,0.197,35.5,94.0,28.6,0.236,371.7,0.245,1
196.41,439.87,2019.47,0.453,0.411,4.88,526.7,2079.6,43.5,98.1,0.481,24.7,77.7,35.3,0.557,641.9,0.106,1
143.38,453.78,2145.52,0.495,0.438,5.12,558.9,345.8,6.1,118.5,0.376,32.2,97.8,28.5,0.422,1130.1,0.852,1
102.96,321.55,1224.76,0.497,0.453,5.51,464.5,893.6,24.9,66.8,0.398,29.9,87.4,44.0,0.448,94.1,0.101,1
79.65,198.73,796.18,0.537,0.437,7.43,774.3,54.8,13.2,86.8,0.21,30.4,83.9,31.9,0.226,422.2,0.545,1
68.3,235.62,941.24,0.399,0.372,8.13,486.6,1826.7,16.6,38.9,0.337,20.8,83.5,35.7,0.373,37.0,0.275,1
91.68,277.6,1076.34,0.507,0.407,5.7,502.8,267.9,8.8,222.1,0.734,22.8,93.6,19.0,0.794,0.8,0.867,1
107.23,267.31,888.57,0.548,0.443,5.01,213.6,970.9,44.4,302.5,0.151,30.9,96.5,14.1,0.141,755.8,0.531,1
236.88,722.66,2492.84,0.356,0.305,4.71,314.5,2258.6,42.0,102.2,0.74,18.7,97.4,24.6,0.775,335.7,0.503,1
123.37,278.71,835.16,0.425,0.403,4.78,323.6,350.4,6.2,108.7,0.495,36.0,88.7,33.2,0.565,1081.9,0.474,1
1.89,22.16,101.38,0.327,0.258,0.52,56.8,821.0,36.4,327.3,0.368,32.4,65.1,8.8,0.412,3267.0,0.695,0
32.64,121.49,481.99,0.514,0.472,4.67,363.8,2040.8,26.1,32.7,0.101,19.5,81.9,32.3,0.07,130.3,0.076,1
78.56,288.7,838.13,0.353,0.265,4.97,493.7,1584.3,29.4,33.0,0.384,29.7,90.9,29.9,0.483,367.6,0.582,1
16.11,33.38,185.17,0.165,0.131,0.67,51.7,1900.3,34.4,277.4,0.392,37.9,45.3,37.0,0.424,1051.3,0.423,0
128.79,440.42,1373.65,0.529,0.433,6.24,406.5,2397.8,26.2,90.3,0.253,19.8,97.8,43.5,0.353,12.6,0.314,1
1.94,23.1,119.88,0.274,0.241,2.62,301.6,2284.3,38.2,191.2,0.657,18.5,66.9,23.9,0.745,2274.6,0.757,0
19.75,67.36,223.33,0.163,0.126,1.4,126.4,723.6,25.4,164.8,0.344,25.2,57.5,6.3,0.272,2347.9,0.178,0
103.81,217.89,757.25,0.55,0.427,7.44,679.3,754.3,21.2,199.8,0.172,27.4,84.9,34.7,0.183,92.3,0.854,1
13.98,57.62,286.25,0.173,0.135,2.22,176.2,225.1,12.7,30.8,0.648,29.2,74.7,8.6,0.64,724.8,0.154,0
50.27,145.38,493.23,0.489,0.432,3.85,211.3,944.8,42.1,136.7,0.527,27.1,89.0,15.5,0.556,3.5,0.421,1
112.76,413.54,1399.69,0.43,0.332,4.71,502.5,1938.4,37.6,230.5,0.134,31.0,95.7,30.2,0.135,79.2,0.078,1
78.96,209.49,800.57,0.521,0.432,4.93,488.4,653.4,42.0,80.6,0.148,33.5,83.4,13.2,0.216,251.1,0.234,1
26.74,77.15,279.58,0.264,0.206,2.27,159.9,2071.8,42.9,54.1,0.734,19.2,42.4,42.0,0.829,2241.4,0.199,0
22.63,97.81,338.71,0.204,0.169,2.81,323.0,1437.2,15.4,158.0,0.664,26.4,57.6,9.1,0.723,397.1,0.478,0
198.87,485.17,1115.94,0.43,0.384,7.22,487.5,906.9,20.8,339.7,0.673,20.9,79.2,29.3,0.73,1286.3,0.306,1
153.24,499.16,1761.08,0.467,0.376,5.85,252.3,1051.4,26.7,341.4,0.163,31.0,93.1,37.6,0.127,47.7,0.126,1
90.37,241.06,964.09,0.37,0.323,7.98,485.9,1929.7,21.3,306.0,0.18,31.4,92.9,26.5,0.193,376.5,0.789,1
20.15,61.83,261.37,0.329,0.263,2.91,202.5,797.3,16.6,92.8,0.742,34.3,43.7,6.9,0.837,191.4,0.169,0
81.26,257.35,737.57,0.507,0.455,8.44,891.5,1794.4,42.9,249.7,0.744,35.1,79.0,31.5,0.853,150.1,0.945,1
100.67,196.1,538.5,0.356,0.322,7.0,721.4,1048.4,41.7,346.3,0.404,37.9,76.2,44.7,0.498,406.8,0.095,1
152.8,374.83,932.24,0.36,0.292,7.93,591.9,2041.4,20.7,244.6,0.575,19.4,82.6,41.1,0.672,1031.9,0.69,1
19.06,67.91,212.44,0.1,0.076,2.31,222.1,537.2,29.7,220.0,0.579,35.1,46.0,37.3,0.629,165.8,0.693,0
165.08,451.15,1414.5,0.384,0.298,5.86,341.4,778.7,44.3,42.2,0.744,36.6,84.0,12.0,0.758,504.7,0.365,1
205.75,633.35,1584.13,0.409,0.347,6.67,741.5,1248.7,32.7,269.4,0.607,36.8,94.8,41.5,0.633,277.0,0.807,1
117.31,320.42,1271.91,0.43,0.355,8.07,362.4,1874.9,31.2,276.3,0.308,18.7,77.5,27.8,0.314,625.3,0.249,1
15.83,62.06,307.51,0.31,0.254,1.96,141.2,402.5,3.5,61.6,0.528,31.2,55.6,32.7,0.547,1016.5,0.721,0
136.13,393.22,899.77,0.407,0.352,3.76,394.3,2259.3,18.8,143.5,0.414,35.2,91.9,23.1,0.365,85.7,0.842,1
253.86,631.04,2740.53,0.447,0.349,6.98,564.8,54.4,11.8,204.4,0.387,21.8,90.3,17.1,0.392,46.9,0.12,1
4.71,35.38,203.61,0.225,0.189,0.88,92.7,75.7,2.4,89.2,0.409,29.5,72.0,28.4,0.428,7557.9,0.413,0
131.53,472.45,1998.12,0.366,0.29,7.41,394.7,1127.9,22.3,353.8,0.685,27.2,96.4,20.8,0.654,115.6,0.909,1
75.79,238.49,586.95,0.523,0.495,7.46,448.5,2073.5,23.1,60.0,0.321,21.7,76.1,41.4,0.333,198.7,0.452,1
7.14,39.8,244.9,0.209,0.159,2.18,157.1,337.9,7.8,347.4,0.53,25.8,40.3,13.4,0.561,2738.5,0.589,0
21.13,91.24,462.65,0.177,0.134,2.02,219.9,1218.7,26.8,59.5,0.732,24.0,51.1,42.7,0.811,314.4,0.845,0
65.71,149.16,694.45,0.464,0.4,3.66,426.8,1078.0,33.8,178.2,0.315,35.0,89.1,24.9,0.339,225.3,0.753,1
27.97,91.01,429.05,0.146,0.111,2.34,104.1,1864.6,31.2,355.4,0.553,32.7,74.8,8.7,0.67,1948.1,0.324,0
46.22,109.15,269.23,0.356,0.325,8.07,930.1,542.3,16.0,70.2,0.19,18.1,94.5,32.1,0.261,630.2,0.688,1
5.08,48.01,180.33,0.132,0.121,1.71,163.6,1489.1,29.1,265.5,0.658,29.1,63.1,8.3,0.713,2810.0,0.65,0
62.23,135.49,624.58,0.45,0.376,5.02,394.8,2299.8,27.6,183.7,0.642,18.6,79.0,37.4,0.712,197.1,0.824,1
22.15,107.31,338.21,0.273,0.251,2.71,161.3,147.4,5.3,151.9,0.237,36.4,44.1,19.8,0.269,1022.1,0.53,0
118.28,286.72,888.67,0.503,0.451,6.39,400.9,2212.3,34.5,150.0,0.164,18.8,91.3,31.9,0.123,511.5,0.666,1
81.31,261.82,626.21,0.357,0.277,6.28,585.2,530.2,43.2,200.7,0.182,21.7,96.6,28.9,0.181,47.9,0.497,1
56.24,211.83,818.27,0.503,0.464,5.56,409.5,215.5,7.5,276.1,0.683,22.1,78.5,17.6,0.704,141.1,0.727,1
88.87,217.81,797.37,0.432,0.399,8.43,358.5,804.7,20.4,117.4,0.415,34.1,81.2,17.8,0.442,114.2,0.494,1
7.47,42.13,241.23,0.182,0.148,1.95,228.5,1280.4,34.5,358.5,0.587,27.4,64.7,44.1,0.65,4711.4,0.088,0
193.4,491.53,2136.94,0.5,0.453,6.55,611.0,899.2,19.5,326.5,0.417,21.3,91.5,28.9,0.355,558.6,0.485,1
9.06,49.61,199.49,0.257,0.239,2.72,280.2,340.1,2.0,177.0,0.667,20.8,49.3,40.2,0.758,407.7,0.945,0
25.79,127.25,490.95,0.174,0.157,1.73,158.5,1196.9,43.8,192.5,0.403,25.5,47.1,15.9,0.498,201.3,0.532,0
17.75,47.21,201.25,0.113,0.087,2.96,287.0,15.1,2.1,260.7,0.664,29.4,72.2,34.1,0.824,188.8,0.07,0
40.02,150.61,414.1,0.159,0.123,1.88,81.2,33.7,2.2,106.1,0.276,33.9,40.8,17.7,0.228,648.1,0.389,0
126.08,295.51,1269.09,0.442,0.419,7.58,539.4,2079.9,26.0,179.6,0.141,33.5,78.5,9.6,0.059,113.9,0.183,1
80.44,192.91,679.3,0.438,0.376,8.39,963.4,1425.1,36.1,123.8,0.286,18.8,90.3,30.0,0.394,853.5,0.532,1
3.11,30.19,108.99,0.227,0.199,1.36,158.8,915.2,20.1,153.0,0.501,31.0,66.7,19.9,0.53,5376.5,0.387,0
7.65,20.77,69.86,0.163,0.152,1.05,119.4,1013.3,42.9,288.7,0.661,18.3,58.8,9.7,0.714,602.3,0.551,0
68.55,230.33,883.01,0.526,0.396,6.23,747.2,1145.9,28.7,182.4,0.277,29.4,92.6,24.8,0.261,64.0,0.892,1
50.57,160.96,523.8,0.136,0.114,2.0,91.3,597.1,32.1,300.5,0.151,21.5,52.1,21.5,0.118,157.8,0.052,0
8.15,44.64,161.94,0.266,0.229,2.55,115.0,1820.0,26.5,69.3,0.381,35.2,72.3,15.8,0.418,1730.9,0.663,0
5.18,23.46,124.23,0.317,0.238,1.02,117.0,775.0,27.4,238.8,0.705,25.7,46.3,9.9,0.885,809.3,0.496,0
81.46,308.7,772.88,0.395,0.346,8.16,346.4,1445.5,26.2,310.3,0.382,34.8,93.0,29.4,0.415,293.5,0.878,1
97.54,192.37,684.95,0.43,0.396,4.79,531.4,345.1,4.4,67.2,0.309,36.3,88.3,10.1,0.364,96.4,0.064,1
51.74,108.63,485.9,0.307,0.234,2.84,312.6,78.6,6.7,172.6,0.551,26.0,43.6,37.4,0.553,802.7,0.61,0
15.56,66.04,334.68,0.178,0.162,0.78,65.2,381.7,14.6,326.0,0.371,29.9,60.2,5.7,0.4,1844.4,0.933,0
96.77,355.38,1504.44,0.36,0.34,3.97,438.6,888.0,25.1,342.6,0.554,36.6,91.9,38.9,0.618,46.9,0.613,1
125.68,422.6,1850.32,0.468,0.437,7.9,750.8,356.1,11.0,275.2,0.178,22.9,84.9,15.0,0.191,221.4,0.318,1
43.55,128.19,354.3,0.279,0.24,0.91,49.0,1651.6,28.5,237.0,0.397,19.8,70.4,29.6,0.413,1927.5,0.245,0
78.48,180.42,852.56,0.511,0.471,5.99,644.3,415.7,13.0,62.5,0.153,28.4,78.3,29.2,0.242,1018.0,0.849,1
9.45,37.64,154.77,0.206,0.186,1.03,74.1,2034.3,37.4,351.5,0.553,29.0,60.7,17.7,0.595,939.7,0.53,0
29.71,101.73,305.02,0.334,0.305,0.56,31.9,1991.9,15.1,5.7,0.594,26.7,57.6,29.1,0.644,1205.6,0.326,0
186.86,506.7,1185.26,0.451,0.374,8.4,992.6,716.2,21.2,194.3,0.192,37.4,97.5,23.8,0.223,533.4,0.857,1
11.92,66.49,327.68,0.104,0.088,2.33,221.0,1169.8,19.5,67.1,0.141,26.4,53.6,32.1,0.133,1052.9,0.522,0
184.73,532.74,1684.49,0.413,0.329,7.02,384.8,1710.9,41.2,340.5,0.365,29.1,87.1,18.2,0.447,519.7,0.582,1
2.98,6.24,88.79,0.103,0.078,1.87,204.8,1066.6,45.0,238.1,0.642,19.2,42.9,21.1,0.616,1003.6,0.708,0
4.97,30.79,118.97,0.234,0.203,1.53,161.7,204.9,12.5,316.2,0.248,18.9,47.3,34.8,0.246,1294.4,0.536,0
158.99,381.88,943.48,0.49,0.398,8.38,404.2,700.8,32.1,155.8,0.474,29.6,82.3,7.4,0.577,215.5,0.402,1
6.54,42.16,189.84,0.324,0.275,1.04,52.1,1288.3,39.8,265.7,0.221,36.3,62.0,43.2,0.259,245.6,0.209,0
98.21,219.84,496.5,0.539,0.508,7.25,419.7,2042.7,25.6,253.6,0.524,34.4,93.5,19.8,0.526,218.5,0.498,1
9.94,36.52,155.81,0.303,0.231,2.27,254.0,182.4,4.8,310.3,0.226,29.3,48.2,42.3,0.211,759.1,0.083,0
20.18,63.27,323.22,0.292,0.27,2.62,256.6,449.5,3.0,15.8,0.335,28.0,73.5,17.6,0.379,296.7,0.933,0
24.58,94.09,390.21,0.153,0.118,1.09,122.6,2328.3,24.7,193.6,0.57,33.3,49.4,37.0,0.533,1945.7,0.51,0
89.3,293.92,1230.83,0.395,0.348,4.8,516.9,802.1,22.7,271.6,0.519,18.0,87.6,10.7,0.584,197.2,0.786,1
28.38,80.92,245.82,0.259,0.212,1.13,93.3,950.0,17.0,354.1,0.383,26.0,58.8,35.1,0.452,1082.5,0.778,0
68.31,254.08,588.87,0.48,0.37,7.92,349.1,1668.1,42.6,254.5,0.329,20.0,80.3,27.0,0.354,31.7,0.858,1
8.58,49.79,224.93,0.132,0.119,1.03,101.0,927.3,42.0,215.3,0.679,27.7,59.1,29.6,0.768,1539.7,0.275,0
144.73,485.03,2047.27,0.432,0.384,6.47,578.1,584.6,40.6,185.3,0.196,33.5,75.7,38.3,0.311,99.3,0.135,1
2.19,12.32,87.89,0.343,0.301,0.79,46.4,2421.5,38.0,114.2,0.41,27.6,57.9,23.4,0.447,1531.3,0.132,0
35.16,83.85,432.34,0.383,0.361,6.14,699.9,1307.3,37.4,49.0,0.423,24.0,77.8,33.3,0.409,363.7,0.223,1
207.58,487.48,1582.23,0.539,0.407,5.74,545.0,933.9,36.2,332.1,0.317,27.3,97.6,8.7,0.305,517.4,0.409,1
124.51,274.26,723.14,0.477,0.399,5.37,559.8,1906.2,40.6,66.5,0.661,25.1,84.8,43.9,0.745,106.1,0.456,1
171.86,487.15,1620.6,0.508,0.438,7.0,714.7,264.5,6.4,258.7,0.106,21.3,79.2,25.5,0.101,197.5,0.051,1
154.88,550.33,1414.37,0.424,0.348,7.38,370.1,2256.3,38.1,284.1,0.646,33.1,92.4,38.2,0.702,298.4,0.382,1
116.45,314.23,1053.06,0.467,0.413,5.62,350.3,2031.5,41.1,309.0,0.26,22.0,79.6,6.7,0.361,124.5,0.825,1
10.92,50.98,146.52,0.267,0.248,2.36,238.0,947.5,34.5,114.9,0.11,34.6,66.2,10.7,0.103,2825.9,0.337,0
11.73,47.18,122.61,0.136,0.121,2.75,238.5,474.1,13.1,318.9,0.437,30.9,73.3,31.1,0.443,4.2,0.536,0
101.7,303.9,1326.24,0.448,0.387,6.37,318.4,2150.3,23.9,182.4,0.275,34.3,89.2,17.5,0.322,221.1,0.798,1
105.46,285.01,719.26,0.466,0.419,5.89,435.5,2390.8,25.8,63.5,0.39,20.8,81.7,35.5,0.473,764.1,0.198,1
10.24,44.33,167.78,0.363,0.28,5.3,313.4,129.2,5.8,37.1,0.304,25.8,84.8,36.5,0.392,25.8,0.511,1
13.91,55.04,298.94,0.245,0.214,1.82,181.6,2468.7,19.2,33.1,0.299,20.6,47.1,32.4,0.436,73.5,0.131,0
6.71,34.47,116.62,0.19,0.158,0.75,38.2,971.9,20.7,234.4,0.585,18.0,60.8,29.2,0.73,1596.8,0.722,0
20.53,75.47,308.37,0.111,0.09,0.85,75.8,2017.3,44.8,260.1,0.629,33.1,40.6,29.8,0.678,876.4,0.651,0
172.49,344.54,1464.01,0.526,0.448,6.69,282.6,1149.9,38.6,165.7,0.576,37.6,77.9,41.5,0.638,10.1,0.275,1
2.22,20.75,131.11,0.248,0.226,1.91,182.3,1309.4,18.4,64.5,0.445,30.9,58.2,41.2,0.461,2380.7,0.569,0
22.09,61.49,185.9,0.133,0.11,0.89,42.2,1344.5,18.5,341.6,0.508,20.2,73.6,31.0,0.492,1847.8,0.279,0
1.74,22.84,136.39,0.246,0.219,2.47,124.3,2408.8,26.8,150.0,0.734,36.3,52.1,19.9,0.878,252.4,0.34,0
6.72,30.15,157.03,0.176,0.152,1.97,154.1,1578.3,44.9,27.7,0.288,31.1,40.8,11.5,0.253,2390.0,0.682,0
153.35,570.22,2428.19,0.457,0.426,7.11,290.3,747.4,44.3,87.3,0.159,35.1,94.4,31.0,0.175,112.5,0.732,1
8.66,59.32,219.73,0.299,0.251,1.62,192.1,1570.2,29.2,217.3,0.578,31.3,51.7,20.9,0.649,318.8,0.191,0
181.72,407.23,1107.38,0.434,0.397,6.22,383.6,234.8,13.5,171.0,0.315,27.9,97.8,22.5,0.414,62.8,0.749,1
9.15,33.55,161.05,0.194,0.179,2.38,96.1,835.1,32.7,181.3,0.323,19.5,45.4,22.9,0.401,335.1,0.251,0
9.15,21.93,99.45,0.303,0.256,1.47,160.1,442.7,8.0,98.1,0.712,19.6,63.7,20.9,0.789,755.0,0.311,0
3.91,32.34,150.3,0.328,0.278,0.51,23.3,1519.0,22.9,0.6,0.278,37.5,42.6,38.3,0.273,108.8,0.821,0
16.65,67.04,329.08,0.179,0.146,1.06,117.1,1334.2,20.1,50.9,0.115,20.2,48.1,9.1,0.0,2430.1,0.657,0
11.25,59.61,311.9,0.113,0.096,0.95,98.9,1814.4,39.5,338.1,0.154,32.3,40.2,24.8,0.088,21.1,0.811,0
19.02,58.86,206.33,0.235,0.188,1.44,71.8,853.0,25.6,211.7,0.61,23.3,58.9,18.1,0.66,2329.2,0.066,0
101.22,305.0,1388.02,0.453,0.418,4.22,207.1,2463.7,16.2,59.4,0.637,37.4,90.2,36.0,0.741,79.5,0.83,1
40.63,119.94,372.0,0.247,0.198,0.95,94.4,806.8,40.7,67.4,0.39,28.2,61.0,14.3,0.389,1439.5,0.763,0
75.4,165.75,750.25,0.472,0.378,6.82,701.6,140.2,8.1,329.9,0.241,24.1,82.8,23.0,0.273,354.5,0.272,1
135.57,393.66,1504.28,0.389,0.362,5.3,371.3,683.4,36.6,77.3,0.59,24.2,96.0,36.1,0.638,502.7,0.918,1
58.46,178.61,511.67,0.447,0.382,4.31,474.7,1563.5,34.5,31.0,0.197,26.7,96.7,21.3,0.196,156.3,0.495,1
41.33,153.21,495.05,0.316,0.244,0.67,37.4,1903.2,27.4,338.5,0.188,18.3,41.7,17.4,0.205,7360.6,0.19,0
16.92,81.64,302.92,0.133,0.109,1.89,168.1,612.3,41.6,87.6,0.154,25.0,58.1,32.9,0.194,3055.2,0.94,0
11.53,38.21,222.69,0.213,0.19,1.18,86.8,1952.3,26.0,313.1,0.149,21.7,70.1,23.8,0.145,665.5,0.77,0
8.98,30.6,183.15,0.214,0.178,1.44,95.9,846.9,23.0,281.2,0.396,37.7,42.3,28.0,0.446,1045.7,0.408,0
107.62,391.25,1434.57,0.521,0.435,7.96,660.9,418.5,10.5,118.6,0.238,24.5,97.0,18.7,0.271,90.9,0.603,1
15.22,69.92,334.74,0.333,0.283,2.36,151.8,359.7,9.8,351.8,0.274,21.4,74.7,30.3,0.241,789.5,0.936,0
11.11,46.26,185.06,0.182,0.144,1.45,84.0,2047.4,16.0,336.4,0.448,37.5,54.8,31.6,0.562,2509.4,0.516,0
137.97,481.06,1921.3,0.428,0.358,6.02,501.1,599.2,23.6,110.0,0.392,20.1,83.1,22.6,0.509,492.1,0.621,1
125.89,367.11,1335.81,0.448,0.355,5.52,453.6,557.9,26.4,80.0,0.283,32.0,78.5,12.2,0.219,356.2,0.431,1
96.17,246.79,693.14,0.396,0.325,3.89,407.6,2208.3,38.8,18.4,0.731,20.0,90.1,16.2,0.802,60.8,0.891,1
4.59,24.09,193.83,0.32,0.274,2.28,210.3,918.0,26.9,331.4,0.194,18.2,68.8,18.4,0.19,1817.4,0.865,0
9.25,27.45,143.54,0.291,0.259,2.67,178.5,2475.9,43.2,317.3,0.501,33.5,68.4,24.1,0.568,3543.6,0.919,0
159.33,457.12,1864.17,0.468,0.411,4.37,414.9,681.0,37.2,246.4,0.693,18.9,95.1,42.3,0.86,1333.9,0.26,1
38.73,124.06,492.02,0.181,0.157,1.87,92.4,1654.2,39.6,329.6,0.123,26.4,41.2,6.0,0.154,34.7,0.473,0
28.46,107.89,530.77,0.178,0.154,1.89,103.2,494.3,10.5,103.8,0.515,32.5,60.2,13.0,0.506,5042.5,0.648,0
11.43,38.46,131.49,0.155,0.132,2.77,240.4,489.4,5.8,37.8,0.653,31.6,49.8,5.5,0.626,1615.5,0.763,0
12.28,64.74,302.57,0.26,0.227,2.68,226.9,2024.4,39.1,281.0,0.127,18.5,60.8,30.1,0.198,418.0,0.91,0
17.24,61.34,152.46,0.346,0.285,2.29,188.8,2315.3,20.8,351.6,0.565,18.6,50.6,14.4,0.639,775.8,0.395,0
6.81,50.18,185.7,0.142,0.132,2.55,231.8,2236.9,31.5,91.6,0.609,25.3,50.1,44.8,0.678,1542.9,0.263,0
81.73,238.47,717.4,0.36,0.312,4.12,215.4,2086.3,24.2,79.8,0.144,35.5,85.8,12.9,0.181,40.6,0.613,1
72.28,177.8,637.11,0.45,0.422,7.33,763.0,1462.4,29.9,338.3,0.131,36.0,85.7,23.1,0.164,93.5,0.95,1
291.93,538.12,2211.62,0.48,0.399,6.52,717.7,291.7,14.2,259.0,0.415,27.8,76.3,17.3,0.448,450.5,0.204,1
14.24,58.48,210.38,0.256,0.213,2.29,187.3,850.6,43.8,101.8,0.561,21.3,70.2,15.6,0.644,124.9,0.162,0
12.01,44.01,204.35,0.153,0.144,2.76,262.0,709.8,35.0,201.8,0.358,32.8,54.2,43.2,0.384,192.3,0.906,0
26.63,71.47,372.15,0.301,0.27,2.95,311.1,634.1,22.5,171.9,0.635,24.5,52.7,40.2,0.699,2249.1,0.238,0
115.04,403.37,1598.1,0.367,0.313,8.0,736.2,2433.4,22.1,264.2,0.639,37.5,77.2,5.3,0.681,58.2,0.481,1
158.29,378.27,860.05,0.436,0.39,8.03,600.0,382.4,11.6,152.7,0.204,33.6,77.0,19.5,0.154,34.3,0.553,1
3.2,45.19,131.18,0.143,0.119,2.04,193.4,1178.3,38.3,146.4,0.146,19.9,52.6,31.3,0.2,1719.8,0.825,0
101.67,324.12,750.42,0.547,0.493,6.37,729.5,2316.2,29.4,306.3,0.302,33.8,87.4,24.0,0.36,363.3,0.668,1
15.0,60.01,168.97,0.154,0.122,1.88,118.4,160.8,14.1,254.6,0.226,34.9,56.5,44.4,0.228,58.3,0.492,0
182.33,539.4,1582.45,0.486,0.457,7.38,768.0,1866.6,15.0,259.0,0.621,25.9,91.4,33.6,0.674,31.7,0.686,1
69.84,165.86,700.82,0.515,0.433,7.91,948.1,1527.6,29.9,97.9,0.446,20.6,81.5,29.4,0.421,454.3,0.687,1
97.03,304.11,859.41,0.417,0.321,7.14,721.1,906.9,29.6,164.0,0.529,28.5,90.3,20.8,0.579,126.7,0.633,1
180.53,385.52,1208.61,0.536,0.493,6.13,397.3,2346.1,44.5,214.0,0.593,33.1,88.2,11.8,0.579,682.1,0.85,1
127.43,325.7,1042.71,0.418,0.388,6.67,332.1,844.5,36.8,93.3,0.662,38.0,75.2,33.4,0.707,163.0,0.193,1
40.19,100.39,407.1,0.104,0.093,1.21,101.5,479.8,9.8,357.5,0.474,36.1,47.7,6.5,0.478,479.9,0.329,0
113.57,225.7,1034.16,0.35,0.307,8.46,416.9,1814.0,32.4,161.5,0.489,36.3,91.0,42.1,0.528,115.4,0.323,1
0.82,28.69,143.7,0.277,0.259,2.5,192.6,838.0,36.0,132.9,0.539,33.0,72.1,20.3,0.61,541.0,0.919,0
73.5,178.38,675.19,0.508,0.444,8.28,554.4,724.3,42.6,306.5,0.506,33.5,77.9,27.1,0.606,503.6,0.326,1
94.0,251.2,867.56,0.406,0.369,4.33,338.3,2328.7,16.9,89.1,0.683,25.3,79.9,21.2,0.772,240.6,0.205,1
58.21,195.4,769.5,0.373,0.315,6.76,440.9,776.3,16.9,288.8,0.149,20.6,92.5,19.6,0.093,311.7,0.419,1
13.83,51.38,248.51,0.134,0.12,1.89,203.3,1440.4,21.2,339.5,0.289,38.0,41.7,44.3,0.427,933.9,0.482,0
124.64,309.03,1077.13,0.365,0.347,5.28,395.5,1639.9,28.3,259.3,0.118,18.5,75.6,27.5,0.148,198.4,0.851,1
43.01,144.42,621.4,0.459,0.379,7.83,378.7,1218.5,25.5,179.2,0.665,28.5,82.5,40.2,0.784,322.6,0.708,1
78.74,208.68,699.97,0.518,0.463,7.41,679.4,784.9,16.6,44.6,0.421,31.1,82.2,12.8,0.532,220.8,0.542,1
11.28,54.3,339.71,0.3,0.234,2.21,225.6,1360.5,33.0,252.2,0.638,28.1,49.2,26.7,0.7,19.4,0.505,0
9.88,45.13,137.96,0.343,0.301,0.57,42.2,1005.2,40.3,300.5,0.48,28.2,49.1,24.4,0.496,1243.6,0.096,0
25.39,91.42,339.89,0.31,0.253,2.25,198.8,98.4,11.2,149.3,0.173,27.5,45.2,20.6,0.223,57.3,0.164,0
13.35,47.88,189.15,0.115,0.106,1.79,135.8,779.3,30.7,275.5,0.15,29.7,68.6,24.6,0.214,938.8,0.116,0
107.31,236.02,978.18,0.534,0.439,8.35,468.1,1470.1,44.4,194.4,0.126,27.3,97.5,14.7,0.166,101.6,0.925,1
29.55,113.83,321.25,0.221,0.185,0.66,58.0,41.6,7.9,279.4,0.285,29.4,56.3,36.7,0.371,274.9,0.856,0
125.04,373.09,1205.16,0.438,0.415,6.97,670.0,1628.4,23.8,96.5,0.701,19.6,97.3,29.3,0.824,440.9,0.509,1
17.46,56.76,274.17,0.101,0.08,2.48,148.7,87.2,12.0,1.9,0.588,25.9,47.7,9.8,0.697,544.8,0.152,0
7.42,29.57,105.71,0.255,0.22,2.35,227.6,1411.6,20.2,358.6,0.3,37.0,56.1,24.4,0.367,333.7,0.947,0
91.96,207.59,741.51,0.386,0.357,3.82,415.9,161.9,8.9,60.3,0.332,28.8,87.1,42.7,0.289,908.2,0.277,1
132.68,358.01,1147.98,0.392,0.319,7.31,828.9,2121.3,40.6,316.4,0.475,37.3,76.4,42.6,0.552,164.1,0.656,1
3.92,8.77,130.46,0.181,0.137,2.53,136.3,2277.0,26.0,32.0,0.669,25.1,57.3,44.6,0.731,1355.1,0.192,0
105.14,290.42,1117.38,0.508,0.472,8.05,429.8,1539.8,15.3,234.9,0.596,19.3,80.3,13.9,0.539,168.0,0.812,1
106.52,320.68,1422.61,0.445,0.389,7.36,806.2,325.0,8.5,20.2,0.674,18.4,92.1,37.1,0.749,131.1,0.437,1
20.2,64.32,307.65,0.191,0.152,1.19,112.9,2259.9,41.5,241.4,0.11,36.1,66.7,28.7,0.119,536.6,0.839,0
154.88,482.71,1186.51,0.425,0.342,8.34,420.4,1823.3,38.8,38.3,0.735,23.8,92.3,35.8,0.766,364.1,0.52,1
102.67,332.94,1238.82,0.392,0.357,4.84,385.0,2198.9,34.5,217.6,0.258,23.2,77.9,30.9,0.251,75.8,0.263,1
158.93,458.49,1040.48,0.369,0.324,7.14,719.2,1165.1,38.3,130.2,0.312,36.0,85.2,14.5,0.292,122.9,0.202,1
6.66,42.09,209.94,0.21,0.188,1.44,80.3,1060.0,24.7,189.1,0.519,21.3,71.7,8.7,0.563,643.7,0.142,0
113.3,288.88,931.29,0.387,0.335,4.11,463.9,1486.2,29.6,18.0,0.633,26.8,75.3,24.5,0.601,241.3,0.248,1
11.91,51.83,251.99,0.17,0.155,2.36,258.4,1144.4,26.5,127.2,0.322,37.0,46.8,20.5,0.31,264.0,0.713,0
8.76,58.79,212.58,0.129,0.118,2.13,186.6,435.0,2.8,280.9,0.55,30.7,70.5,21.5,0.665,1552.3,0.123,0
13.38,53.98,227.74,0.21,0.174,2.57,262.9,2065.0,22.4,279.1,0.701,37.3,65.7,28.2,0.799,906.9,0.227,0
19.73,52.19,187.28,0.34,0.317,1.99,103.1,484.2,6.7,238.0,0.451,22.8,57.7,35.8,0.442,1385.7,0.188,0
99.9,234.89,1090.48,0.452,0.385,7.32,438.4,1868.6,34.4,342.1,0.459,23.7,88.1,34.1,0.512,185.1,0.321,1
137.22,379.84,1310.32,0.483,0.378,6.59,672.0,2228.2,15.6,238.7,0.558,31.5,76.9,24.1,0.59,41.0,0.559,1
148.41,538.1,2060.83,0.389,0.309,4.62,348.9,1327.7,42.8,124.3,0.183,37.9,78.9,26.3,0.231,89.1,0.153,1
33.67,136.76,535.49,0.151,0.135,0.82,44.7,640.0,32.9,243.0,0.563,31.6,61.1,28.3,0.679,728.7,0.398,0
5.14,32.17,132.44,0.194,0.16,2.05,129.5,63.5,2.2,128.2,0.204,32.5,40.7,35.3,0.311,5560.5,0.779,0
17.14,74.76,346.87,0.251,0.202,1.02,91.1,1639.9,20.5,217.7,0.725,21.6,53.4,40.2,0.775,2104.5,0.083,0
148.62,511.39,1866.96,0.544,0.474,5.09,220.3,1387.7,33.8,241.0,0.217,34.3,75.1,26.1,0.241,363.2,0.359,1
10.86,54.57,199.73,0.142,0.128,1.06,55.1,1731.0,17.4,164.0,0.397,32.4,70.6,39.5,0.42,955.1,0.12,0
85.28,297.8,1050.79,0.485,0.374,7.71,433.4,2378.9,28.6,354.1,0.616,27.3,82.6,42.4,0.695,256.0,0.695,1
169.56,507.15,2200.27,0.442,0.371,4.56,506.2,1134.1,35.9,35.5,0.307,29.4,83.8,13.0,0.338,13.8,0.924,1
26.96,82.5,232.5,0.258,0.234,2.15,238.2,1684.8,34.8,182.5,0.44,30.5,40.8,23.6,0.447,1633.0,0.102,0
220.08,442.41,1357.41,0.44,0.41,4.27,243.7,364.7,13.8,322.5,0.144,19.6,96.1,18.2,0.228,53.3,0.549,1
4.96,24.31,144.75,0.308,0.232,2.24,197.2,357.5,9.1,158.3,0.578,37.4,41.1,10.6,0.591,220.7,0.196,0
345.32,669.37,1434.95,0.411,0.363,5.58,383.7,1238.4,25.7,220.7,0.168,30.2,92.0,15.6,0.182,72.1,0.883,1
98.56,246.5,947.0,0.523,0.455,7.2,316.9,1471.0,33.3,147.8,0.573,29.1,79.6,21.5,0.656,23.6,0.056,1
10.24,60.54,204.94,0.307,0.262,1.1,57.6,2461.6,17.7,344.4,0.179,28.8,68.0,25.8,0.16,23.8,0.389,0
20.79,46.59,168.69,0.184,0.144,1.62,65.6,1426.3,40.1,351.6,0.186,37.6,64.0,25.5,0.162,2256.2,0.701,0
58.91,219.13,810.53,0.358,0.321,6.34,753.4,2294.1,30.1,67.7,0.573,36.2,95.7,18.2,0.684,399.3,0.647,1
104.24,255.74,1127.97,0.405,0.336,7.1,653.2,1970.9,40.7,336.1,0.312,23.0,88.0,43.1,0.39,247.0,0.442,1
18.1,51.18,222.7,0.219,0.174,1.57,79.6,2249.0,34.5,184.8,0.291,18.7,72.9,7.1,0.416,1208.9,0.513,0
144.26,538.74,1325.1,0.414,0.381,6.72,662.7,2144.8,44.2,206.7,0.289,33.3,91.0,35.6,0.357,119.0,0.183,1
151.17,372.94,1059.19,0.493,0.4,7.28,648.1,1359.4,29.7,339.7,0.482,22.5,96.7,41.8,0.482,775.7,0.193,1
102.78,349.05,1577.18,0.548,0.433,4.33,244.9,10.1,3.6,265.1,0.429,20.9,97.2,35.9,0.399,215.9,0.753,1
25.58,94.65,275.5,0.228,0.185,1.88,149.1,1143.3,29.7,226.7,0.151,38.0,69.2,10.0,0.088,1435.3,0.453,0
70.08,233.29,646.3,0.434,0.341,5.63,499.9,556.4,20.1,316.2,0.523,26.1,94.5,39.8,0.508,130.0,0.413,1
40.25,98.93,500.95,0.383,0.347,8.07,556.8,1788.4,17.7,236.9,0.591,32.9,92.4,17.0,0.685,249.4,0.153,1
17.85,55.46,286.72,0.272,0.214,1.35,157.6,502.6,22.1,27.5,0.203,24.4,68.8,14.6,0.253,2217.7,0.726,0
30.19,91.66,399.15,0.12,0.108,2.93,139.4,1187.9,32.4,250.6,0.249,18.5,67.2,42.7,0.242,73.4,0.525,0
92.35,335.23,849.05,0.388,0.304,6.39,320.1,71.0,8.3,339.3,0.616,22.6,84.5,25.0,0.693,168.2,0.611,1
26.72,66.17,226.19,0.235,0.187,0.85,91.8,235.0,12.2,191.6,0.407,19.5,55.9,22.8,0.493,1188.5,0.323,0
64.06,175.78,467.05,0.546,0.447,3.56,213.5,987.3,42.7,193.9,0.312,20.5,90.0,15.0,0.411,116.7,0.215,1
4.5,29.0,134.28,0.132,0.124,2.76,139.4,1828.0,29.4,100.0,0.312,34.0,67.2,25.9,0.4,849.4,0.633,0
20.46,77.75,285.21,0.223,0.208,1.68,119.4,1687.3,30.1,202.5,0.73,36.5,47.4,24.8,0.78,1346.4,0.538,0
135.71,414.48,958.33,0.429,0.329,6.41,342.9,1074.9,15.9,337.6,0.368,37.3,82.7,19.1,0.434,348.9,0.089,1
10.25,46.42,192.18,0.135,0.11,0.88,70.5,484.9,14.0,102.0,0.572,26.0,45.7,18.5,0.621,1882.3,0.096,0
99.35,192.53,824.63,0.417,0.342,5.35,528.2,771.8,16.8,348.5,0.255,23.7,87.7,15.8,0.268,3.0,0.924,1
5.07,25.25,145.63,0.218,0.173,2.07,207.9,1240.0,23.7,255.2,0.408,33.9,57.1,34.2,0.474,1649.3,0.34,0
102.45,369.66,1398.12,0.486,0.407,4.12,264.7,2371.9,34.0,78.7,0.701,27.3,94.3,40.3,0.777,124.8,0.899,1
9.84,52.28,196.09,0.334,0.3,1.65,156.9,1604.2,34.2,253.6,0.146,34.4,66.7,28.9,0.099,1377.5,0.564,0
4.66,26.19,196.0,0.294,0.226,1.27,148.7,327.6,6.7,152.5,0.158,34.9,59.3,26.5,0.094,963.4,0.216,0
143.79,462.79,1589.79,0.411,0.363,6.94,281.6,2012.7,41.1,211.2,0.533,37.3,91.8,34.8,0.584,279.1,0.442,1
28.54,69.85,292.56,0.165,0.132,0.75,68.6,1805.6,25.0,310.0,0.138,24.7,63.2,28.1,0.294,1756.9,0.722,0
192.03,606.61,2684.74,0.383,0.336,6.91,552.5,2222.4,19.6,77.5,0.396,23.5,79.5,17.4,0.424,205.7,0.904,1
3.89,27.63,103.49,0.207,0.183,1.61,115.2,1531.9,16.3,161.3,0.393,28.8,44.6,22.4,0.377,603.1,0.92,0
201.06,688.17,2383.97,0.366,0.328,6.21,352.3,781.7,19.1,157.8,0.252,27.7,84.5,21.3,0.27,62.5,0.293,1
8.46,24.5,148.94,0.286,0.263,2.68,133.7,2120.5,43.7,248.3,0.473,37.0,57.6,21.7,0.534,154.1,0.23,0
124.5,291.5,702.92,0.472,0.439,8.27,940.4,1447.5,24.3,24.6,0.5,24.6,76.8,29.1,0.527,500.1,0.589,1
16.2,69.61,223.28,0.303,0.274,2.19,93.0,1759.8,34.7,67.2,0.156,32.5,63.3,26.3,0.222,6638.3,0.126,0
25.5,95.35,483.07,0.235,0.199,1.26,97.6,1179.7,44.1,158.6,0.528,25.2,67.8,6.7,0.612,5.6,0.668,0
15.79,51.19,210.28,0.269,0.204,1.27,71.6,2013.2,41.6,196.1,0.661,18.3,52.7,8.7,0.779,1005.1,0.581,0
4.21,37.43,203.19,0.155,0.145,2.27,117.7,1567.8,30.1,15.6,0.359,19.4,41.2,5.1,0.338,355.7,0.324,0
33.19,107.21,475.77,0.451,0.393,7.3,498.0,2227.5,17.5,159.6,0.108,20.9,97.0,40.8,0.149,135.5,0.241,1
6.88,39.44,152.24,0.183,0.157,1.43,93.5,881.6,36.6,223.5,0.432,26.1,50.2,20.7,0.485,270.3,0.947,0
39.28,103.71,378.69,0.494,0.394,3.93,302.7,2119.6,19.0,48.9,0.114,31.7,86.2,23.8,0.108,1017.6,0.413,1
12.91,56.15,197.68,0.209,0.185,2.61,207.5,1973.6,19.4,159.0,0.69,25.5,65.7,5.8,0.766,1247.9,0.622,0
2.18,4.72,51.38,0.123,0.116,2.36,190.0,931.0,41.4,266.2,0.39,34.3,61.1,21.3,0.451,1339.4,0.711,0
142.38,505.11,2179.39,0.539,0.44,3.56,179.9,2190.5,35.0,32.3,0.112,36.8,90.4,32.0,0.137,567.0,0.875,1
188.28,396.2,1648.82,0.397,0.361,6.71,360.2,1486.3,42.9,223.2,0.41,36.5,83.4,15.2,0.538,272.5,0.692,1
4.99,24.64,105.78,0.291,0.235,2.17,143.3,936.1,43.7,138.0,0.475,18.5,58.2,30.7,0.448,3132.0,0.846,0
5.71,18.85,99.4,0.335,0.284,0.98,45.3,696.3,28.8,162.3,0.689,18.4,64.6,8.2,0.781,561.7,0.333,0
7.59,25.51,131.68,0.137,0.109,1.4,149.8,228.3,10.0,129.8,0.246,33.2,41.0,26.4,0.254,801.4,0.113,0
102.67,280.03,833.88,0.509,0.434,3.76,179.7,240.3,4.4,30.3,0.472,30.5,88.2,44.0,0.609,703.4,0.459,1
56.56,147.61,564.89,0.51,0.43,6.16,358.9,1962.8,18.4,215.4,0.447,24.1,83.3,43.1,0.487,579.1,0.786,1
29.62,86.8,208.6,0.279,0.211,2.2,200.4,969.9,33.6,153.0,0.17,36.3,61.4,37.7,0.245,128.6,0.545,0
270.74,607.14,2606.81,0.547,0.452,7.65,875.3,1313.0,18.3,302.4,0.725,19.0,95.8,23.9,0.744,289.0,0.601,1
121.67,420.56,1177.9,0.366,0.279,3.93,199.4,2088.6,40.7,263.7,0.3,23.1,82.2,5.7,0.357,466.2,0.521,1
97.3,206.51,869.08,0.357,0.3,3.89,292.6,1640.3,42.8,208.7,0.571,23.3,87.9,28.1,0.613,378.2,0.075,1
79.4,303.75,1030.0,0.518,0.49,7.37,470.3,2356.3,26.7,85.3,0.61,20.1,80.5,8.7,0.717,856.1,0.362,1
4.57,32.52,157.89,0.114,0.092,2.74,215.0,1312.9,35.8,174.7,0.548,29.3,68.0,13.4,0.601,639.9,0.624,0
1.35,17.38,116.75,0.247,0.211,1.28,95.8,286.7,13.5,280.0,0.177,21.1,72.2,29.0,0.209,3562.0,0.357,0
7.91,56.15,223.05,0.186,0.144,1.62,139.4,874.5,16.5,42.3,0.346,31.2,73.7,20.6,0.436,1246.1,0.937,0
9.17,56.12,223.32,0.267,0.209,2.15,93.4,352.9,10.9,42.7,0.639,31.7,59.3,9.9,0.651,4.4,0.169,0
155.06,323.2,1158.39,0.369,0.303,5.19,551.8,1871.4,41.6,78.9,0.635,31.0,79.1,13.3,0.687,533.6,0.708,1
121.04,364.81,1201.12,0.544,0.461,3.7,157.8,1171.2,20.9,319.1,0.259,32.9,85.9,17.8,0.271,22.7,0.843,1
6.53,19.47,131.04,0.109,0.097,1.42,121.5,152.9,10.6,183.2,0.45,37.9,47.9,39.5,0.53,2852.3,0.637,0
20.57,85.86,286.8,0.337,0.283,1.54,162.0,51.2,5.2,351.4,0.633,34.1,57.7,42.3,0.793,561.2,0.304,0
55.21,177.93,543.68,0.247,0.186,1.12,55.3,148.2,7.1,318.9,0.498,27.2,67.3,44.7,0.546,1233.1,0.105,0
73.35,213.92,765.09,0.481,0.387,4.9,463.0,1683.8,19.5,83.0,0.239,23.8,83.2,39.2,0.323,819.3,0.757,1
8.54,29.25,122.11,0.254,0.192,1.48,83.9,510.6,39.1,354.9,0.619,22.4,68.8,43.6,0.701,220.9,0.19,0
112.78,233.51,1090.7,0.422,0.394,5.35,299.1,1946.4,26.0,176.5,0.64,34.9,85.7,25.8,0.655,1.6,0.66,1
5.22,38.79,250.29,0.282,0.213,0.65,28.4,1287.5,44.6,313.3,0.697,33.7,48.5,25.4,0.781,1599.8,0.494,0
4.71,38.67,167.24,0.155,0.118,2.26,157.1,1455.8,28.0,171.3,0.644,20.2,61.5,20.7,0.741,3394.8,0.833,0
76.9,278.42,680.37,0.514,0.416,6.68,744.4,432.4,1.2,340.6,0.512,36.9,75.1,17.0,0.539,354.2,0.454,1
135.1,272.51,1044.22,0.459,0.402,5.05,486.2,2195.4,19.3,267.7,0.402,28.6,78.4,31.2,0.502,286.6,0.381,1
26.1,89.7,238.72,0.312,0.257,1.13,96.2,1183.9,17.1,190.0,0.749,20.4,57.8,36.9,0.84,3649.3,0.438,0
194.92,633.87,2350.9,0.379,0.289,5.7,601.1,1036.5,41.4,251.9,0.738,37.3,86.8,43.9,0.754,300.5,0.254,1
115.36,341.42,787.18,0.37,0.34,3.83,409.2,1990.4,18.7,81.6,0.411,26.3,81.9,30.4,0.436,329.5,0.948,1
82.48,267.28,1016.19,0.482,0.429,4.61,403.6,91.0,8.1,307.8,0.593,27.5,77.7,36.2,0.655,0.3,0.636,1
5.98,38.35,172.78,0.346,0.287,0.74,47.9,1300.1,31.5,98.3,0.318,31.8,46.4,17.2,0.423,4427.0,0.084,0
135.23,378.76,1431.0,0.443,0.392,4.25,469.7,1803.3,34.9,213.7,0.226,24.9,83.9,17.9,0.239,285.2,0.352,1
3.11,31.54,112.74,0.138,0.111,2.12,144.0,1990.5,39.2,356.9,0.691,18.8,41.2,6.3,0.866,341.2,0.356,0
114.89,389.09,982.95,0.405,0.347,4.19,225.9,397.3,11.0,19.1,0.127,31.3,90.5,25.7,0.243,468.9,0.317,1
18.92,94.22,322.9,0.188,0.175,2.74,232.6,982.3,29.8,62.2,0.583,25.2,41.5,30.7,0.662,1223.2,0.551,0
4.52,41.29,134.61,0.187,0.144,2.8,130.7,808.9,38.5,247.3,0.648,30.6,74.0,23.0,0.798,2546.2,0.409,0
55.01,133.68,396.31,0.282,0.259,2.06,116.9,2480.4,27.5,229.3,0.57,33.4,48.5,17.6,0.6,239.9,0.874,0
100.57,278.78,677.34,0.428,0.389,7.99,861.5,1840.5,17.4,260.7,0.673,18.7,86.0,36.8,0.749,103.0,0.303,1
11.72,52.12,223.21,0.109,0.103,0.82,60.5,1069.5,33.9,7.0,0.279,30.9,63.1,30.7,0.243,1619.8,0.777,0
110.64,341.92,1328.74,0.401,0.342,5.49,433.9,545.3,16.1,245.7,0.611,34.5,82.7,43.6,0.703,7.1,0.733,1
113.68,349.65,1254.68,0.543,0.437,6.43,534.5,443.0,12.7,338.9,0.564,18.3,97.9,20.6,0.605,129.4,0.85,1
15.73,58.46,309.59,0.196,0.161,1.36,108.4,2487.1,30.3,144.3,0.741,24.5,40.5,41.8,0.886,1305.1,0.404,0
81.08,258.14,860.84,0.371,0.326,4.18,240.0,1462.4,24.2,176.5,0.693,31.8,80.1,42.7,0.794,410.6,0.164,1
16.56,45.22,147.35,0.254,0.197,1.72,194.9,1813.7,25.4,252.2,0.141,34.8,44.5,36.5,0.135,2792.5,0.826,0
177.85,581.56,2181.34,0.526,0.431,6.94,654.4,401.6,2.9,317.0,0.185,31.9,96.0,29.5,0.175,97.9,0.396,1
21.25,57.81,250.25,0.28,0.251,1.12,103.1,1874.2,29.7,271.3,0.749,34.6,58.0,29.0,0.924,1508.6,0.376,0
72.49,240.47,882.83,0.433,0.375,5.26,563.0,606.0,27.7,346.3,0.499,35.0,95.1,43.7,0.488,663.4,0.138,1
65.22,156.2,774.36,0.412,0.314,5.65,532.0,1907.0,26.8,266.1,0.161,33.9,93.4,22.7,0.118,14.9,0.793,1
119.93,272.82,918.84,0.548,0.465,5.25,260.8,2286.4,24.7,103.2,0.313,24.4,89.3,24.2,0.328,985.4,0.755,1
95.66,215.33,745.14,0.55,0.47,3.81,256.2,975.6,34.4,322.4,0.349,22.8,90.1,42.2,0.38,597.6,0.072,1
12.67,79.82,371.68,0.193,0.172,2.55,178.0,2259.4,27.3,182.9,0.147,27.6,63.2,41.5,0.094,2423.9,0.713,0
99.9,290.64,1138.01,0.507,0.381,7.31,685.2,1165.9,24.5,330.6,0.504,29.5,79.3,17.1,0.617,0.0,0.234,1
260.09,651.65,2251.59,0.394,0.329,4.92,474.8,2024.0,42.1,23.7,0.716,18.6,88.1,35.9,0.804,14.6,0.798,1
112.2,365.04,831.25,0.425,0.394,5.94,501.7,1141.4,20.5,233.0,0.557,36.2,77.0,26.4,0.762,545.6,0.073,1
15.54,97.31,466.44,0.287,0.216,2.8,201.7,368.0,12.8,4.8,0.658,25.5,65.1,33.2,0.803,1563.9,0.323,0
106.08,328.9,994.72,0.407,0.36,3.59,395.1,1674.9,38.3,53.9,0.701,21.2,89.0,26.6,0.71,586.9,0.146,1
107.05,315.48,937.98,0.395,0.314,6.09,513.8,821.2,18.5,109.1,0.738,22.2,77.2,20.0,0.845,454.5,0.662,1
176.09,343.68,1586.53,0.534,0.442,6.09,645.1,198.5,1.9,266.2,0.627,24.2,89.5,12.6,0.665,319.2,0.673,1
14.17,25.39,133.47,0.172,0.159,2.07,236.0,1632.6,25.5,151.0,0.436,25.2,72.2,17.9,0.44,2468.9,0.727,0
59.84,130.97,392.62,0.362,0.298,7.67,566.4,1451.7,23.6,159.5,0.146,36.3,78.2,8.3,0.129,483.3,0.535,1
31.13,104.22,359.88,0.32,0.275,2.76,174.8,2326.0,37.0,106.3,0.134,25.1,50.9,15.7,0.118,24.6,0.482,0
95.25,227.8,903.08,0.399,0.306,4.29,299.0,227.7,7.6,303.6,0.596,22.7,91.4,23.1,0.616,480.4,0.925,1
22.46,81.22,245.9,0.291,0.237,1.8,83.9,1081.5,35.7,346.9,0.265,25.7,47.7,24.9,0.255,2714.8,0.541,0
120.99,315.49,876.32,0.372,0.29,4.48,305.1,587.0,23.8,354.0,0.365,21.6,95.4,38.7,0.482,185.6,0.812,1
101.79,201.72,939.45,0.364,0.314,4.56,367.3,1216.2,40.7,187.9,0.622,27.7,96.8,7.7,0.714,465.5,0.355,1
4.68,33.7,204.05,0.21,0.177,1.82,103.0,2108.3,41.3,15.9,0.501,36.6,72.7,7.3,0.53,955.9,0.545,0
70.89,255.24,1036.6,0.417,0.335,6.14,332.8,2354.9,23.4,35.3,0.619,33.0,81.0,16.8,0.685,253.8,0.153,1
6.56,46.55,219.93,0.207,0.197,2.98,195.0,957.2,32.9,314.1,0.459,35.8,55.1,7.0,0.561,28.1,0.511,0
179.13,600.29,2388.81,0.543,0.424,7.52,361.3,1551.5,39.3,214.9,0.233,37.6,85.6,5.7,0.26,363.8,0.924,1
191.53,521.93,2261.22,0.431,0.395,4.52,358.9,597.1,17.2,65.0,0.608,25.7,79.3,24.3,0.6,649.9,0.332,1
174.14,564.74,1895.32,0.471,0.356,7.41,673.6,1907.3,32.1,193.3,0.558,21.6,92.1,27.2,0.657,37.2,0.054,1
118.53,246.94,988.65,0.37,0.34,8.41,732.4,2267.4,44.3,221.5,0.428,31.1,96.0,15.0,0.472,165.6,0.835,1
98.16,225.38,944.95,0.527,0.446,7.68,479.1,1195.9,25.9,308.6,0.462,31.4,85.9,42.8,0.491,274.5,0.467,1
23.4,93.59,466.73,0.194,0.178,1.1,119.9,2181.8,36.8,237.7,0.136,30.9,66.7,33.2,0.103,3573.9,0.11,0
0.89,14.89,129.06,0.185,0.166,2.46,119.8,2459.7,38.9,174.1,0.562,33.3,72.5,8.1,0.774,1275.1,0.638,0
112.26,324.12,1409.8,0.387,0.334,7.24,290.5,1524.1,37.3,217.1,0.585,22.0,82.9,43.2,0.592,135.8,0.756,1
189.41,643.88,1478.77,0.435,0.359,7.43,377.2,1406.1,43.5,48.2,0.533,18.3,80.0,29.7,0.567,482.5,0.516,1
82.91,256.67,675.07,0.409,0.362,4.98,488.0,959.8,38.0,88.0,0.39,28.0,83.7,10.9,0.448,222.2,0.164,1
189.56,414.79,1032.73,0.549,0.503,4.62,476.4,1968.2,43.0,190.6,0.116,20.9,85.6,8.5,0.113,153.5,0.9,1
22.32,76.31,229.11,0.253,0.215,2.5,253.0,2038.9,21.9,77.0,0.521,18.6,41.5,9.7,0.628,3593.2,0.295,0
129.83,286.61,720.18,0.434,0.362,7.94,523.8,35.1,14.8,354.7,0.592,27.2,85.1,25.5,0.653,27.2,0.673,1
13.79,63.26,197.26,0.339,0.264,1.52,166.8,638.3,26.3,197.5,0.343,31.6,59.3,24.3,0.407,3081.3,0.725,0
90.73,323.25,1496.38,0.398,0.37,8.44,937.7,89.8,5.9,51.5,0.366,28.8,89.5,39.9,0.402,273.6,0.466,1
2.49,16.23,90.05,0.176,0.142,1.92,203.0,1943.5,19.5,332.2,0.211,18.6,70.2,11.2,0.331,1345.7,0.805,0
25.64,87.25,313.96,0.315,0.244,2.54,251.4,451.5,8.7,255.4,0.519,21.9,65.1,15.3,0.538,501.9,0.507,0
16.45,68.52,336.79,0.181,0.138,2.06,220.7,279.8,1.1,14.0,0.605,26.6,51.8,36.2,0.611,389.1,0.25,0
31.92,89.22,236.35,0.349,0.314,1.88,174.1,1994.6,23.1,130.8,0.49,34.3,41.5,24.5,0.54,59.7,0.683,0
190.71,470.61,1380.18,0.39,0.345,4.86,569.7,1440.3,20.6,153.3,0.518,23.9,85.7,30.0,0.6,862.6,0.511,1
5.25,31.98,127.0,0.262,0.203,1.6,144.9,392.1,12.9,190.6,0.667,35.1,62.3,21.5,0.727,2521.6,0.712,0
2.74,46.5,154.99,0.138,0.118,2.99,159.1,2113.0,32.6,113.8,0.696,34.7,50.9,21.7,0.787,2063.7,0.494,0
23.72,105.49,548.95,0.252,0.197,1.65,90.2,1023.3,26.1,259.8,0.541,30.5,62.6,44.1,0.587,78.1,0.843,0
4.78,42.56,197.47,0.139,0.115,2.11,157.0,938.6,21.2,196.6,0.21,34.9,45.9,42.5,0.236,405.6,0.945,0
54.82,167.2,752.41,0.296,0.268,0.62,60.1,1633.0,39.1,16.9,0.175,31.1,72.3,31.7,0.184,2110.0,0.634,0
40.27,144.67,666.28,0.135,0.107,2.25,115.1,102.0,8.2,28.3,0.644,21.8,52.8,15.5,0.68,115.7,0.765,0
166.71,348.94,870.38,0.401,0.303,4.44,246.5,846.6,40.6,118.4,0.523,18.2,80.7,36.6,0.53,188.5,0.094,1
71.99,214.61,919.4,0.452,0.356,5.35,246.9,205.5,10.1,234.5,0.242,29.9,83.6,27.0,0.237,153.7,0.195,1
40.34,110.59,461.53,0.39,0.324,3.67,195.8,1841.4,39.2,233.3,0.236,22.1,84.1,30.2,0.238,319.6,0.133,1
7.23,29.89,184.75,0.258,0.206,1.77,102.0,693.3,34.0,67.2,0.135,30.2,63.8,29.4,0.218,984.8,0.573,0
48.37,177.46,499.75,0.287,0.257,1.97,167.2,2092.8,27.9,321.4,0.429,22.4,61.6,6.4,0.419,2293.0,0.279,0
104.57,252.01,818.12,0.457,0.415,6.44,457.7,1052.5,23.7,185.1,0.178,20.5,92.8,11.7,0.169,43.1,0.403,1
117.24,382.26,1097.85,0.522,0.417,3.74,177.8,2214.3,15.2,209.0,0.35,26.4,89.2,20.8,0.401,85.7,0.455,1
18.27,64.15,219.03,0.195,0.157,2.66,140.2,560.4,40.0,284.2,0.23,33.0,69.0,7.5,0.295,1063.9,0.513,0
24.66,59.33,255.97,0.105,0.09,0.67,54.8,1634.8,28.1,41.4,0.574,22.7,46.8,32.9,0.66,2943.9,0.851,0
16.28,56.83,173.66,0.308,0.277,0.8,40.6,2362.7,41.2,188.6,0.103,34.8,57.4,13.9,0.055,5089.8,0.359,0
11.95,57.73,238.86,0.192,0.181,1.07,105.2,991.4,24.7,250.3,0.346,35.9,58.4,42.4,0.431,29.8,0.245,0
5.96,16.35,110.2,0.117,0.095,0.75,35.9,403.4,1.8,73.6,0.129,23.1,70.9,40.5,0.176,37.3,0.168,0
151.2,375.82,910.22,0.441,0.411,8.34,460.5,1388.8,15.6,62.4,0.132,23.2,87.4,29.3,0.106,288.1,0.281,1
132.52,406.37,1130.68,0.434,0.341,4.02,442.4,1085.8,29.6,337.0,0.162,25.1,76.7,14.2,0.151,345.6,0.644,1
246.26,620.52,2782.45,0.418,0.317,8.35,690.5,1270.1,29.7,280.6,0.278,32.2,87.6,30.6,0.291,261.2,0.838,1
74.16,157.88,710.81,0.516,0.469,7.38,878.7,1194.9,34.6,9.6,0.609,20.5,86.4,11.0,0.683,100.5,0.212,1
152.43,383.15,1514.5,0.457,0.386,4.22,220.3,672.1,37.5,144.9,0.454,33.9,94.7,23.5,0.59,13.8,0.905,1
85.84,293.36,1292.28,0.471,0.361,7.57,349.9,1291.4,25.4,66.1,0.191,28.3,84.5,17.3,0.291,25.8,0.122,1
81.34,296.09,679.18,0.391,0.299,7.22,332.6,377.7,4.3,113.9,0.354,30.0,96.9,18.1,0.471,671.6,0.381,1
13.68,28.84,124.41,0.189,0.142,2.24,257.1,1461.5,28.7,103.4,0.693,34.3,59.0,16.5,0.76,31.5,0.461,0
21.88,79.44,235.26,0.108,0.088,1.82,166.8,1098.5,32.2,359.8,0.374,20.0,44.4,16.0,0.429,879.2,0.103,0
13.49,54.15,187.35,0.112,0.1,1.51,101.0,2431.8,32.8,351.2,0.716,35.3,73.6,24.8,0.792,2153.2,0.864,0
89.02,273.85,967.43,0.359,0.317,7.11,502.7,246.5,13.4,32.1,0.697,36.9,95.1,19.0,0.759,208.4,0.323,1
91.49,183.73,456.15,0.528,0.501,6.7,643.7,1882.1,35.8,86.7,0.358,31.7,92.9,15.0,0.359,31.4,0.618,1
4.93,28.3,135.87,0.142,0.123,2.52,225.2,879.7,25.6,280.7,0.522,33.4,74.4,14.0,0.67,1347.4,0.198,0
126.78,426.67,1792.01,0.482,0.372,6.95,476.0,1746.3,36.2,227.9,0.612,20.6,97.9,36.4,0.669,583.5,0.853,1
36.63,90.86,324.04,0.17,0.16,2.02,192.2,2394.6,41.8,28.2,0.217,28.4,65.1,9.4,0.166,3908.8,0.816,0
109.18,276.05,1250.13,0.427,0.379,4.7,316.5,2245.4,39.7,17.9,0.445,23.0,86.4,20.1,0.48,465.5,0.18,1
36.33,144.49,468.19,0.148,0.122,1.8,137.2,292.2,13.5,59.3,0.167,33.9,40.4,35.4,0.19,4232.6,0.549,0
8.33,44.04,219.99,0.294,0.235,2.33,252.2,2192.2,17.0,155.9,0.427,33.9,70.9,12.4,0.485,1841.6,0.193,0
11.91,33.36,201.97,0.313,0.249,2.59,128.3,983.5,35.4,311.5,0.183,25.6,40.8,18.7,0.21,2392.4,0.87,0
5.19,31.45,170.8,0.318,0.299,0.65,48.7,185.9,9.7,134.0,0.604,32.3,64.8,5.9,0.623,713.7,0.489,0
3.88,34.6,142.93,0.234,0.195,0.91,43.2,527.2,33.0,102.2,0.5,28.4,55.8,35.3,0.645,1945.5,0.15,0
33.0,106.01,306.36,0.338,0.286,1.95,84.1,81.1,8.2,107.9,0.521,28.3,42.3,36.4,0.564,7230.3,0.437,0
79.23,301.97,825.92,0.536,0.491,5.81,681.8,357.1,12.0,226.1,0.26,31.4,87.5,27.2,0.323,684.8,0.336,1
93.05,316.21,1246.41,0.418,0.394,3.84,326.0,1173.8,28.6,133.0,0.496,29.7,97.8,30.6,0.563,5.1,0.332,1
8.43,58.55,219.46,0.276,0.207,1.12,132.8,2363.6,21.4,164.2,0.587,21.3,42.0,13.5,0.593,1206.5,0.418,0
162.51,366.67,1331.61,0.501,0.475,7.98,867.2,2026.1,23.4,146.8,0.302,30.4,89.9,31.7,0.323,189.5,0.583,1
103.55,298.63,669.81,0.536,0.41,6.09,723.8,1333.2,24.0,138.4,0.716,26.6,85.2,38.6,0.831,50.9,0.678,1
39.39,126.21,423.46,0.337,0.309,1.11,127.7,816.1,33.0,59.2,0.345,27.0,46.9,12.6,0.36,671.5,0.211,0
3.03,31.09,156.19,0.29,0.272,2.71,299.2,80.8,5.5,333.2,0.333,34.0,69.5,35.2,0.367,609.0,0.307,0
9.5,47.58,213.2,0.114,0.098,1.83,178.7,152.5,14.5,48.9,0.35,33.0,54.5,31.4,0.395,2505.7,0.259,0
8.75,37.84,236.78,0.235,0.202,2.66,262.4,1831.5,30.7,212.9,0.687,32.4,70.1,22.1,0.738,2905.5,0.933,0
152.42,330.48,1038.45,0.484,0.428,7.8,900.3,1365.9,30.9,21.4,0.3,34.7,76.2,5.1,0.355,137.6,0.823,1
18.2,73.53,290.38,0.343,0.282,2.08,246.0,313.0,3.9,65.2,0.499,22.0,60.5,38.0,0.538,868.1,0.715,0
122.58,283.45,641.69,0.438,0.343,7.8,900.8,2156.8,39.5,117.8,0.272,28.0,78.9,18.8,0.283,476.1,0.242,1
179.31,410.76,1512.98,0.492,0.375,7.63,600.1,1299.4,26.7,70.7,0.604,37.2,84.6,7.4,0.725,699.2,0.48,1
8.97,40.75,149.9,0.327,0.303,2.64,291.2,2094.4,33.3,138.1,0.743,20.0,57.5,35.0,0.846,759.5,0.408,0
121.02,338.82,1338.61,0.43,0.37,5.57,450.4,1948.4,34.7,249.7,0.733,36.7,78.6,41.6,0.759,74.9,0.459,1
14.71,54.24,238.57,0.333,0.296,1.01,85.6,840.1,35.1,233.1,0.177,20.9,62.2,19.5,0.165,2787.1,0.935,0
78.51,281.44,795.96,0.447,0.365,4.28,452.9,1759.9,42.2,197.8,0.627,18.8,83.4,27.9,0.704,390.8,0.697,1
44.92,156.56,505.48,0.28,0.255,1.34,142.3,2480.9,32.4,109.2,0.521,21.9,52.5,21.8,0.62,1968.5,0.382,0
51.09,184.94,461.93,0.401,0.329,5.91,625.6,1872.6,21.6,304.2,0.592,27.0,91.6,17.4,0.608,508.5,0.123,1
153.65,529.4,1560.65,0.415,0.314,3.95,420.1,668.1,34.3,309.1,0.348,23.4,75.1,38.8,0.427,95.4,0.322,1
20.42,55.21,297.88,0.181,0.148,1.08,79.8,1483.7,22.1,79.1,0.326,27.1,68.1,8.1,0.398,488.9,0.132,0
91.39,247.09,852.17,0.449,0.414,8.47,698.0,1088.1,18.5,348.5,0.382,27.4,87.8,13.5,0.442,132.4,0.753,1
130.11,346.17,1192.0,0.425,0.393,4.56,274.7,757.0,33.3,59.1,0.748,37.8,94.7,11.8,0.781,39.5,0.161,1
105.15,267.48,982.52,0.53,0.497,5.49,422.8,717.7,23.4,93.1,0.206,29.1,81.4,41.4,0.191,168.3,0.18,1
58.48,115.13,411.94,0.491,0.418,6.47,756.4,1156.6,33.9,261.9,0.697,33.4,78.9,37.0,0.778,315.1,0.34,1
148.62,496.58,1461.79,0.449,0.423,4.5,473.7,782.8,39.6,260.2,0.45,19.9,76.5,35.0,0.531,176.4,0.667,1
5.9,27.18,145.97,0.166,0.141,1.24,85.5,377.8,7.5,85.0,0.528,30.0,42.0,44.2,0.604,1062.0,0.19,0
25.56,99.76,440.2,0.318,0.248,0.53,48.1,1894.8,16.8,186.8,0.157,23.5,66.7,10.9,0.153,1613.0,0.418,0
279.0,893.66,3541.1,0.385,0.327,4.65,280.1,739.6,17.5,9.7,0.638,23.3,91.1,23.0,0.719,197.1,0.236,1
30.73,114.1,552.44,0.116,0.107,1.81,102.1,939.0,44.0,207.0,0.158,37.9,51.9,35.0,0.324,1697.7,0.73,0
42.61,105.44,269.29,0.354,0.321,5.3,389.4,2258.6,17.7,332.9,0.545,24.3,75.1,32.7,0.52,103.5,0.365,1
183.5,528.9,1186.78,0.351,0.294,4.11,221.0,1658.9,42.7,63.6,0.514,35.4,83.3,11.9,0.554,1449.3,0.43,1
34.47,119.5,573.1,0.201,0.159,1.52,128.1,2322.7,44.3,5.2,0.743,27.2,63.6,34.8,0.771,2239.1,0.707,0
36.86,107.14,407.7,0.153,0.133,1.46,107.8,1507.3,17.1,280.9,0.67,25.6,57.6,22.8,0.728,985.5,0.445,0
71.07,243.45,1094.21,0.413,0.387,3.94,201.2,895.3,31.1,339.9,0.35,20.8,81.1,38.3,0.417,462.4,0.422,1
2.65,29.18,131.4,0.222,0.174,1.47,141.3,564.4,35.9,99.3,0.689,31.3,61.0,11.2,0.691,192.3,0.151,0
116.11,305.72,1017.64,0.547,0.501,6.21,606.3,2064.7,16.1,319.8,0.151,28.7,84.0,31.4,0.194,69.9,0.34,1
49.27,170.56,527.64,0.322,0.251,1.0,110.8,1128.0,30.5,164.0,0.278,30.4,50.1,7.8,0.307,30.0,0.789,0
204.92,402.61,991.4,0.358,0.334,4.44,430.7,1630.8,27.6,284.9,0.705,34.7,97.0,11.1,0.727,140.4,0.576,1
5.93,30.37,145.26,0.274,0.244,1.15,66.0,1857.4,30.2,108.6,0.445,33.9,57.6,25.7,0.489,344.2,0.293,0
96.38,275.89,629.86,0.461,0.356,3.94,366.5,623.4,31.4,334.5,0.297,20.0,85.9,13.5,0.274,796.5,0.841,1
27.57,95.79,388.6,0.191,0.151,1.03,122.1,2440.7,36.5,26.0,0.221,18.9,69.7,26.4,0.234,1575.5,0.839,0
68.42,232.18,983.71,0.489,0.457,4.01,433.5,596.5,18.7,316.1,0.366,28.5,78.5,33.3,0.444,286.2,0.464,1
13.21,67.72,237.9,0.26,0.221,1.76,131.7,1896.4,44.8,120.7,0.703,20.5,61.3,30.9,0.709,6760.4,0.571,0
211.97,576.72,1344.38,0.382,0.321,6.66,637.6,387.4,4.4,1.6,0.706,37.5,78.7,36.6,0.763,2.9,0.267,1
100.07,289.44,1339.98,0.428,0.326,4.44,183.5,2436.5,44.4,107.0,0.502,31.3,78.2,15.9,0.627,418.7,0.728,1
16.82,61.09,209.2,0.138,0.106,1.23,70.8,636.2,35.6,292.0,0.158,35.5,58.3,43.0,0.176,3082.6,0.192,0
21.87,89.35,363.2,0.206,0.183,2.1,151.1,1293.4,35.5,34.5,0.378,18.5,62.7,21.8,0.455,3884.3,0.711,0
16.29,71.25,337.14,0.315,0.285,1.39,101.2,928.5,42.7,239.1,0.463,27.2,61.0,8.8,0.496,3142.0,0.128,0
167.92,398.6,1121.7,0.399,0.369,6.82,751.6,2260.8,41.6,307.5,0.581,27.2,84.7,34.3,0.579,0.7,0.738,1
67.98,157.59,716.07,0.443,0.377,5.06,602.5,1309.8,21.8,111.2,0.693,22.9,75.7,31.2,0.676,253.0,0.234,1
53.71,216.38,801.85,0.367,0.299,4.18,319.0,1683.2,35.9,157.8,0.747,19.7,82.9,19.5,0.8,166.9,0.883,1
11.25,28.59,120.32,0.196,0.171,2.17,154.2,556.8,30.1,4.4,0.367,23.6,61.8,24.6,0.513,1025.6,0.455,0
5.86,30.26,190.27,0.321,0.28,2.7,136.4,2365.3,29.8,78.2,0.675,31.6,54.6,37.3,0.735,23.8,0.604,0
96.91,341.25,1287.23,0.463,0.35,6.23,366.0,894.1,15.4,71.4,0.638,18.7,84.0,34.5,0.673,235.5,0.778,1
10.75,50.65,218.94,0.252,0.236,1.51,77.2,258.8,7.1,301.1,0.479,28.0,66.5,9.6,0.538,3612.2,0.09,0
164.17,491.59,1655.22,0.424,0.372,4.83,326.8,553.2,17.9,321.2,0.47,26.9,92.1,12.0,0.484,329.9,0.736,1
4.29,23.77,145.17,0.268,0.201,1.84,183.4,493.4,11.6,193.7,0.738,23.3,59.4,22.1,0.813,1530.9,0.288,0
189.37,681.01,1938.98,0.503,0.474,8.24,344.2,279.4,5.3,209.6,0.344,23.9,89.2,25.6,0.391,452.6,0.239,1
31.17,59.39,180.1,0.282,0.266,2.06,226.5,1232.9,27.0,24.0,0.384,22.4,65.0,42.8,0.354,3288.9,0.747,0
31.13,107.15,358.83,0.244,0.229,1.31,128.3,785.7,42.8,199.9,0.427,31.0,46.4,9.2,0.538,607.3,0.479,0
125.05,360.12,1010.95,0.427,0.396,8.39,582.7,1241.1,39.1,92.3,0.566,27.4,97.9,16.9,0.626,94.1,0.852,1
69.65,234.08,518.6,0.477,0.376,4.67,382.9,207.3,9.5,137.5,0.441,33.5,76.4,23.5,0.56,261.4,0.222,1
111.96,249.6,602.46,0.462,0.436,8.46,412.3,1476.6,36.4,168.7,0.49,32.1,94.6,44.9,0.506,155.9,0.628,1
6.61,33.0,161.02,0.266,0.24,0.54,54.9,1582.9,36.8,210.2,0.349,29.0,47.3,35.1,0.346,1460.8,0.612,0
10.18,43.8,222.16,0.298,0.262,0.96,98.6,644.3,38.4,184.9,0.141,37.4,51.7,39.9,0.128,1225.8,0.795,0
181.42,442.32,1139.73,0.508,0.476,3.93,276.1,1427.0,34.7,44.7,0.495,25.8,79.5,19.0,0.505,100.6,0.662,1
106.84,361.22,1264.92,0.413,0.342,6.16,374.6,768.0,17.0,175.8,0.503,35.5,97.9,27.3,0.616,179.6,0.326,1
0.53,22.55,127.08,0.306,0.286,2.86,248.2,400.1,14.1,99.8,0.3,27.5,61.9,41.3,0.34,1131.4,0.587,0
6.41,20.61,129.73,0.328,0.286,1.04,68.3,1704.5,21.5,315.2,0.502,22.4,54.7,28.3,0.593,630.5,0.833,0
24.11,82.69,358.02,0.271,0.235,0.82,79.3,2089.8,32.8,58.3,0.502,30.7,60.5,36.4,0.565,1579.6,0.817,0
167.58,567.59,2478.74,0.479,0.421,4.56,442.6,392.4,12.4,235.2,0.334,27.9,91.9,29.4,0.395,396.8,0.831,1
7.08,44.87,219.98,0.192,0.173,0.95,112.7,2221.3,18.2,288.7,0.575,24.8,75.0,33.2,0.63,738.5,0.531,0
26.41,88.08,215.89,0.183,0.153,1.85,126.5,1500.3,29.0,29.4,0.483,35.0,67.1,10.4,0.539,869.6,0.737,0
47.42,156.49,491.14,0.281,0.266,1.76,78.3,1935.2,22.0,200.4,0.166,19.3,53.8,30.4,0.195,666.3,0.257,0
31.16,117.32,472.37,0.252,0.193,0.55,60.8,1736.0,39.2,85.0,0.405,24.5,73.9,22.5,0.469,660.6,0.899,0
9.95,65.9,259.56,0.139,0.13,2.91,118.7,2209.8,42.9,66.6,0.671,32.6,64.8,14.9,0.711,2406.3,0.532,0
169.82,440.11,1378.73,0.417,0.368,6.45,488.9,158.7,6.0,85.8,0.597,21.6,94.8,9.4,0.643,6.3,0.637,1
24.61,103.93,419.96,0.118,0.11,2.74,165.8,2467.3,31.6,121.0,0.192,27.9,47.4,13.2,0.232,6441.2,0.579,0
77.53,270.47,781.09,0.497,0.409,6.57,478.1,2201.4,17.4,301.5,0.719,25.2,96.1,35.2,0.838,384.5,0.167,1
2.39,30.39,178.38,0.179,0.164,0.9,48.3,117.9,14.1,111.9,0.263,24.6,51.8,30.3,0.382,685.2,0.809,0
244.05,739.55,2261.94,0.362,0.316,8.38,787.2,638.6,19.3,355.1,0.325,26.3,97.2,20.6,0.336,41.4,0.361,1
229.66,769.42,2752.57,0.514,0.471,4.37,371.2,1342.9,36.1,3.1,0.234,28.8,93.8,29.8,0.232,136.5,0.9,1
108.23,366.55,1691.29,0.505,0.412,8.29,599.6,2142.2,43.8,295.8,0.574,24.1,94.4,37.1,0.544,858.9,0.101,1
104.01,232.14,972.91,0.536,0.5,4.96,462.3,787.7,39.2,54.8,0.463,26.1,76.8,39.6,0.541,147.3,0.166,1
27.82,118.23,416.2,0.258,0.242,1.0,46.8,134.0,7.7,277.4,0.472,30.5,41.9,18.6,0.549,3407.1,0.276,0
7.38,41.09,229.18,0.21,0.177,2.31,250.9,1951.9,34.9,228.1,0.55,24.6,43.1,20.6,0.544,1171.7,0.428,0
181.7,480.16,1691.75,0.394,0.327,7.96,607.6,1090.6,44.9,213.1,0.483,35.4,93.0,20.5,0.534,448.2,0.454,1
138.91,453.77,1452.52,0.43,0.372,5.31,474.4,1904.9,16.2,76.0,0.321,34.1,82.4,21.1,0.418,141.7,0.104,1
124.89,391.21,1725.86,0.403,0.318,3.88,240.9,820.6,23.3,254.1,0.701,20.8,90.6,12.0,0.738,565.1,0.157,1
107.66,393.14,888.35,0.44,0.374,6.18,728.1,2048.7,17.4,178.9,0.475,35.0,90.9,44.5,0.528,403.4,0.256,1
319.21,798.02,2450.97,0.373,0.346,8.43,641.3,908.9,34.1,332.0,0.574,21.6,82.0,10.7,0.618,35.8,0.664,1
21.79,58.62,209.89,0.199,0.164,0.94,51.5,1196.3,40.3,77.8,0.2,20.3,66.7,10.4,0.232,99.6,0.168,0
11.89,44.7,190.03,0.15,0.135,1.85,97.4,2343.9,25.9,311.8,0.335,37.5,68.5,34.8,0.439,1349.5,0.716,0
134.58,364.79,815.56,0.448,0.392,6.0,373.6,378.7,4.5,267.4,0.604,29.0,89.7,12.0,0.709,108.4,0.626,1
52.73,181.06,716.2,0.409,0.328,5.42,551.7,1459.7,23.8,34.1,0.319,35.4,82.6,12.3,0.276,436.3,0.517,1
33.23,96.58,343.26,0.171,0.146,2.76,178.4,2036.5,31.9,191.1,0.572,22.9,65.0,21.1,0.678,1476.9,0.493,0
279.74,749.81,1690.45,0.441,0.406,7.87,366.8,1731.4,18.8,251.3,0.419,36.9,82.1,42.5,0.472,240.0,0.621,1
3.39,24.5,174.6,0.341,0.293,2.5,189.5,1072.1,20.6,29.0,0.619,36.0,44.3,11.9,0.675,2334.9,0.521,0
88.77,284.32,759.3,0.371,0.33,4.27,244.1,2008.3,17.4,132.0,0.581,28.8,89.7,40.4,0.712,23.3,0.082,1
8.13,27.57,140.89,0.337,0.305,0.5,57.1,1203.3,19.3,273.2,0.264,34.8,50.7,41.1,0.247,1084.2,0.594,0
33.79,119.72,361.84,0.271,0.206,2.71,189.6,1613.2,40.3,159.2,0.197,25.7,54.4,5.5,0.242,6912.0,0.194,0
94.67,238.85,922.58,0.357,0.271,6.95,453.0,846.1,20.4,75.6,0.34,30.0,97.4,14.3,0.344,638.3,0.823,1
20.09,57.22,262.42,0.346,0.267,1.17,88.9,153.1,10.3,56.1,0.271,31.3,62.4,22.3,0.302,351.8,0.057,0
138.59,471.16,2014.04,0.478,0.374,8.39,354.9,519.4,36.0,298.0,0.33,34.9,91.4,14.5,0.313,71.7,0.118,1
97.04,271.54,787.49,0.391,0.357,7.95,656.0,1174.1,20.7,24.1,0.144,31.0,94.2,10.0,0.135,531.7,0.678,1
73.87,230.32,833.68,0.518,0.434,3.58,426.1,2235.8,28.5,43.8,0.395,37.6,95.4,23.6,0.467,960.8,0.857,1
4.09,16.31,95.25,0.288,0.226,0.99,66.5,338.1,14.7,301.2,0.534,18.2,59.1,16.7,0.546,2248.9,0.868,0
21.89,74.24,315.77,0.184,0.158,0.51,58.4,798.3,42.4,241.7,0.326,34.7,49.2,8.8,0.323,168.3,0.583,0
6.87,29.47,146.79,0.126,0.113,1.29,64.2,832.1,16.1,84.8,0.544,24.0,59.9,21.7,0.588,819.8,0.768,0
129.58,429.95,1740.43,0.356,0.277,6.19,540.1,1948.0,32.6,59.8,0.535,20.2,95.3,39.2,0.661,0.3,0.439,1
121.74,384.13,891.22,0.539,0.441,5.19,278.1,1363.9,41.4,40.3,0.148,22.3,91.5,27.0,0.085,369.2,0.538,1
197.48,489.42,1218.59,0.361,0.285,7.89,870.7,1045.7,38.6,17.4,0.629,33.9,89.9,24.3,0.55,204.8,0.859,1
228.7,523.85,2105.27,0.478,0.421,4.35,426.2,166.1,11.6,76.0,0.171,26.0,87.4,31.1,0.17,167.8,0.522,1
137.83,472.73,1575.68,0.419,0.326,3.79,416.5,2426.5,31.1,276.3,0.429,31.3,82.3,14.3,0.389,619.5,0.734,1
139.38,502.92,1600.14,0.358,0.324,5.21,497.4,2019.8,16.9,221.3,0.679,31.2,91.4,15.5,0.756,131.6,0.47,1
0.47,15.05,107.53,0.265,0.21,1.16,108.4,150.2,4.4,258.8,0.696,24.9,61.3,17.2,0.746,905.4,0.452,0
77.03,176.2,572.39,0.377,0.287,6.46,531.4,125.6,2.9,350.6,0.36,28.6,77.4,26.9,0.36,64.7,0.322,1
26.4,84.16,340.9,0.209,0.195,0.94,78.9,639.1,17.2,153.5,0.1,28.2,47.2,19.0,0.172,5560.6,0.616,0
157.14,469.77,1384.4,0.416,0.34,7.04,722.6,136.6,10.3,333.2,0.47,26.7,90.5,33.4,0.517,171.7,0.838,1
114.64,262.78,977.36,0.498,0.424,3.86,331.6,1855.2,40.3,27.7,0.748,22.9,86.4,15.9,0.89,77.5,0.293,1
129.76,407.71,1103.87,0.401,0.309,7.27,542.7,520.7,29.0,283.8,0.535,27.2,95.4,30.5,0.632,32.5,0.317,1
6.22,38.4,201.95,0.121,0.102,2.59,249.9,2204.4,43.3,223.8,0.236,19.5,43.1,5.9,0.128,1498.8,0.052,0
11.09,54.89,283.08,0.192,0.152,1.35,158.5,1529.9,19.7,230.1,0.45,32.2,67.4,31.7,0.475,280.5,0.298,0
32.56,76.82,346.23,0.235,0.215,1.85,208.8,1219.2,35.1,0.7,0.463,27.8,60.4,30.7,0.43,392.8,0.9,0
10.21,51.87,211.47,0.299,0.267,1.75,115.4,289.2,2.0,73.2,0.592,34.0,58.4,38.0,0.661,3682.3,0.764,0
21.31,80.22,197.11,0.33,0.291,1.43,101.7,335.0,14.5,343.4,0.651,22.4,68.2,33.0,0.751,2913.2,0.764,0
68.35,150.15,420.31,0.385,0.349,5.03,586.7,311.8,4.5,234.4,0.649,26.0,95.2,6.7,0.752,504.4,0.818,1
131.32,351.47,856.88,0.518,0.419,8.05,471.8,537.3,20.0,329.4,0.66,36.4,90.4,39.4,0.697,222.5,0.871,1
12.58,60.27,133.15,0.116,0.098,1.28,64.0,269.4,9.7,51.0,0.681,28.5,44.7,12.4,0.807,1985.2,0.311,0
6.3,42.72,210.55,0.16,0.123,2.58,201.6,809.2,41.7,195.7,0.342,36.3,61.6,26.5,0.333,1782.5,0.527,0
11.42,38.0,222.66,0.105,0.08,2.68,202.8,2032.2,32.1,91.4,0.346,25.9,40.1,16.0,0.365,567.7,0.312,0
91.23,214.83,480.38,0.437,0.356,4.94,414.1,374.8,12.6,348.6,0.401,36.6,75.4,5.7,0.432,944.2,0.553,1
132.88,381.14,894.73,0.474,0.434,7.92,337.1,755.4,15.4,275.8,0.561,27.9,80.0,10.0,0.747,92.6,0.412,1
175.42,611.56,2571.33,0.364,0.317,3.9,220.6,1129.8,33.2,347.7,0.115,21.9,79.4,10.7,0.109,52.2,0.918,1
23.35,102.23,393.43,0.319,0.266,0.71,74.0,1538.5,41.8,11.9,0.359,28.2,52.5,27.1,0.375,1284.4,0.814,0
114.92,266.7,872.35,0.398,0.375,6.91,475.6,601.0,21.1,81.0,0.153,31.4,83.1,39.0,0.185,48.9,0.82,1
44.54,133.6,676.28,0.479,0.402,8.36,947.5,1538.8,44.9,329.5,0.525,32.1,85.6,43.8,0.532,491.1,0.074,1
4.64,35.38,198.69,0.222,0.187,0.78,66.3,467.8,10.8,57.2,0.297,28.3,57.0,40.8,0.353,1286.2,0.888,0
85.54,281.37,1083.16,0.41,0.389,5.9,246.1,1572.2,32.1,242.1,0.142,28.1,83.5,22.8,0.102,1068.4,0.898,1
3.72,37.81,192.8,0.191,0.148,0.68,80.4,1973.5,29.4,332.9,0.171,22.7,57.4,43.9,0.113,1372.7,0.829,0
125.39,433.11,1178.75,0.387,0.31,4.28,279.7,67.6,14.3,4.3,0.683,19.5,97.7,7.1,0.748,426.5,0.781,1
22.99,86.56,324.1,0.341,0.287,1.37,95.4,2340.9,29.7,192.7,0.652,19.1,56.4,38.0,0.767,157.0,0.134,0
78.76,268.57,713.47,0.464,0.401,6.29,710.1,1784.7,25.1,218.8,0.589,25.6,92.6,17.0,0.563,130.4,0.533,1
209.74,424.16,1427.15,0.384,0.299,4.69,516.8,2375.2,43.8,278.9,0.281,23.6,83.4,41.7,0.311,183.0,0.684,1
127.12,423.35,932.79,0.446,0.364,4.58,434.6,669.0,32.1,279.1,0.424,35.9,84.3,33.5,0.422,98.5,0.354,1
76.47,234.62,729.01,0.473,0.376,3.61,147.5,2346.4,16.3,198.1,0.712,18.8,79.1,34.7,0.813,412.6,0.144,1
14.27,76.99,285.09,0.239,0.22,1.78,71.5,1139.4,28.3,318.9,0.666,34.4,68.4,19.1,0.752,2192.5,0.106,0
7.01,51.17,162.55,0.281,0.258,1.76,95.3,387.5,6.0,95.0,0.553,28.2,67.0,8.0,0.599,117.2,0.307,0
2.62,12.46,72.54,0.219,0.174,1.4,141.3,1845.8,16.0,148.6,0.617,33.9,68.6,17.2,0.687,548.7,0.157,0
23.36,69.71,331.88,0.321,0.269,2.75,293.5,1739.8,35.5,238.9,0.114,21.0,57.4,26.9,0.225,853.6,0.896,0
66.72,199.77,662.17,0.422,0.372,3.89,225.7,2305.4,29.5,290.0,0.573,36.0,89.3,41.6,0.703,290.9,0.814,1
21.08,88.16,391.02,0.187,0.142,1.35,62.5,766.9,18.4,121.3,0.412,25.0,71.7,39.5,0.407,2470.9,0.564,0
75.93,265.6,1150.82,0.484,0.449,5.2,385.7,1576.8,25.1,124.4,0.223,37.6,97.0,22.6,0.198,241.9,0.084,1
225.29,793.98,2067.19,0.392,0.334,7.13,815.4,2400.6,30.0,167.4,0.723,33.3,94.7,7.3,0.791,244.3,0.321,1
143.21,405.8,1247.26,0.376,0.299,7.0,574.0,2182.2,41.2,103.7,0.666,35.0,92.5,36.1,0.654,255.9,0.112,1
12.27,34.34,189.67,0.348,0.289,0.52,50.9,2057.6,28.8,121.1,0.648,18.7,57.0,42.5,0.705,1426.9,0.238,0
152.4,310.58,1050.55,0.378,0.352,5.13,496.5,2197.9,42.1,226.4,0.366,18.2,85.9,31.6,0.46,59.4,0.684,1
209.9,474.93,2004.62,0.513,0.387,7.61,824.0,2112.3,37.7,79.0,0.244,21.7,89.1,8.3,0.307,258.6,0.774,1
18.94,77.74,299.98,0.169,0.131,2.72,323.2,954.1,34.4,185.4,0.525,32.0,44.4,5.8,0.58,1054.9,0.525,0
220.96,765.64,2766.29,0.5,0.395,5.79,685.8,48.7,10.1,347.0,0.425,30.2,96.0,42.8,0.52,922.8,0.27,1
144.44,350.54,1444.92,0.359,0.273,6.67,554.7,2469.2,36.9,329.3,0.539,33.9,80.0,41.3,0.559,459.5,0.629,1
35.14,130.89,362.7,0.236,0.188,1.88,125.4,1939.4,28.3,139.7,0.368,34.0,41.7,8.4,0.509,529.5,0.858,0
281.77,719.63,2543.43,0.475,0.434,5.67,584.3,572.3,27.7,94.6,0.702,34.5,84.5,23.6,0.758,464.3,0.269,1
3.14,31.6,138.94,0.321,0.274,1.18,113.4,1872.5,21.6,356.8,0.723,37.9,59.0,10.5,0.772,3757.0,0.079,0
15.03,81.93,278.86,0.227,0.198,2.93,301.1,917.8,31.7,78.2,0.616,30.9,52.5,22.7,0.625,2040.5,0.302,0
14.12,51.25,139.6,0.184,0.144,1.39,89.2,624.4,35.8,294.9,0.295,28.1,52.9,16.8,0.319,742.7,0.7,0
9.82,69.63,269.64,0.295,0.238,2.95,255.5,1419.2,23.0,344.0,0.205,25.5,53.8,35.5,0.308,69.5,0.336,0
18.29,58.87,315.7,0.128,0.12,0.8,43.7,36.6,6.2,359.6,0.385,37.3,64.0,43.6,0.482,542.8,0.872,0
7.66,42.28,123.21,0.218,0.173,1.46,84.2,2441.4,20.6,156.0,0.387,31.0,49.0,9.9,0.374,81.0,0.196,0
81.79,286.17,1117.35,0.502,0.468,6.77,470.9,2358.0,16.8,152.6,0.636,32.2,87.1,23.3,0.824,887.2,0.755,1
110.66,405.82,1043.42,0.451,0.398,6.53,632.7,1977.4,42.5,241.8,0.114,32.7,93.0,38.1,0.128,126.6,0.479,1
89.17,278.72,745.53,0.44,0.375,7.2,463.5,143.1,9.1,143.0,0.159,23.7,79.0,38.7,0.135,216.3,0.174,1
14.15,45.27,230.66,0.314,0.246,1.76,116.7,196.4,9.5,84.7,0.32,32.4,45.2,19.1,0.389,531.0,0.708,0
10.04,51.19,136.65,0.274,0.243,2.49,258.5,1624.2,39.5,109.6,0.179,22.6,56.3,26.9,0.236,94.0,0.06,0
311.03,601.94,1563.13,0.497,0.46,8.38,947.4,2001.5,26.9,30.5,0.348,28.4,76.1,33.6,0.378,101.9,0.617,1
22.98,67.57,231.1,0.342,0.268,2.16,231.9,144.7,11.3,84.0,0.238,20.7,51.8,44.0,0.233,737.5,0.837,0
21.56,99.9,326.73,0.311,0.234,1.68,92.1,1413.5,31.2,66.6,0.739,28.5,46.7,35.5,0.829,1090.5,0.061,0
100.93,232.07,721.19,0.374,0.336,5.47,419.1,1750.7,35.9,166.4,0.438,35.9,89.3,34.4,0.492,496.4,0.628,1
11.6,60.16,160.22,0.261,0.227,2.01,193.1,417.4,1.1,352.4,0.51,25.4,60.8,40.6,0.544,1694.6,0.078,0
77.0,255.71,860.19,0.39,0.332,6.2,601.6,447.2,9.9,244.3,0.633,27.0,96.2,39.9,0.766,639.4,0.814,1
116.83,392.81,1249.1,0.352,0.296,7.82,561.3,2329.1,26.4,68.2,0.433,30.3,78.0,15.6,0.532,5.8,0.837,1
32.28,79.65,322.89,0.271,0.23,1.08,79.5,1008.6,25.9,326.9,0.392,38.0,50.0,38.4,0.526,415.2,0.736,0
11.78,38.58,222.85,0.143,0.118,1.81,156.1,693.6,42.9,56.5,0.481,36.4,44.1,12.3,0.536,18.8,0.316,0
129.63,296.42,855.37,0.512,0.392,4.75,447.3,123.5,8.4,189.3,0.201,26.2,93.8,12.1,0.214,283.8,0.345,1
5.1,31.39,171.7,0.289,0.262,2.65,121.4,101.9,4.3,229.9,0.628,37.7,49.6,8.9,0.73,2919.0,0.29,0
35.09,94.02,305.74,0.322,0.272,1.69,155.0,652.9,28.4,130.3,0.513,32.9,51.7,30.4,0.565,528.7,0.82,0
104.5,324.39,731.7,0.415,0.38,8.45,684.0,1553.7,37.0,287.0,0.708,20.1,97.9,18.3,0.783,101.6,0.314,1
3.87,21.29,145.41,0.319,0.302,1.03,44.2,1516.8,24.2,48.4,0.587,37.7,40.8,13.2,0.684,1331.6,0.621,0
45.53,134.54,518.88,0.469,0.368,7.21,322.7,571.5,18.0,189.5,0.288,32.0,85.8,17.2,0.276,389.9,0.61,1
68.45,162.3,382.74,0.458,0.416,3.71,207.8,1859.0,39.1,121.8,0.634,30.8,84.6,29.9,0.67,315.3,0.299,1
44.43,158.99,466.58,0.338,0.32,3.0,205.3,1158.4,18.1,3.9,0.163,37.3,65.8,43.7,0.279,2556.1,0.798,0
13.43,68.37,238.68,0.304,0.272,2.16,217.5,2000.4,39.4,169.0,0.176,28.2,46.7,10.3,0.248,390.3,0.58,0
6.97,49.79,237.05,0.254,0.203,1.29,83.9,2311.7,31.1,144.0,0.685,21.8,44.2,15.1,0.615,495.2,0.339,0
23.58,78.39,375.81,0.332,0.308,1.23,124.6,601.0,35.4,64.8,0.201,23.7,62.1,32.8,0.184,1843.4,0.385,0
10.88,60.51,212.04,0.124,0.112,1.26,100.9,1126.3,23.0,136.8,0.157,29.7,73.2,12.7,0.255,253.8,0.76,0
159.36,411.62,1040.76,0.458,0.385,4.41,250.2,142.4,6.4,60.4,0.734,22.5,88.2,41.5,0.778,66.6,0.484,1
7.34,28.02,116.09,0.341,0.295,1.78,182.1,1909.1,41.8,158.8,0.368,23.6,59.2,27.8,0.394,820.5,0.745,0
234.46,749.97,3067.59,0.431,0.385,6.65,649.9,813.2,20.4,152.3,0.585,36.4,77.5,28.8,0.606,1127.9,0.482,1
100.19,345.55,1144.75,0.501,0.388,4.79,205.3,1631.5,39.6,221.0,0.586,26.1,83.7,43.1,0.669,321.4,0.073,1
57.48,224.65,558.61,0.494,0.462,6.29,621.7,959.1,32.4,99.3,0.282,33.8,82.9,33.7,0.243,451.7,0.293,1
119.98,405.03,837.58,0.5,0.473,5.42,507.1,364.9,4.2,71.4,0.165,27.1,96.2,21.5,0.155,438.9,0.383,1
14.83,45.11,150.91,0.288,0.235,2.22,155.6,27.6,13.6,257.2,0.203,30.2,60.5,31.4,0.244,3321.1,0.878,0
121.11,315.39,754.59,0.534,0.477,4.52,408.0,1604.5,21.7,282.9,0.361,37.5,93.8,9.3,0.514,1166.8,0.917,1
192.61,510.43,2022.93,0.503,0.419,5.11,266.4,2336.5,41.4,18.5,0.722,18.3,76.2,31.0,0.776,663.2,0.569,1
22.23,67.19,231.11,0.302,0.228,2.69,234.0,2259.8,25.7,188.1,0.349,19.4,61.7,33.4,0.369,61.2,0.19,0
5.01,32.06,177.44,0.342,0.322,1.22,65.5,2351.9,36.0,172.8,0.684,23.5,50.0,11.9,0.914,388.9,0.694,0
175.36,501.55,1814.67,0.479,0.373,3.9,191.4,1723.3,36.9,157.7,0.624,28.1,89.8,34.4,0.587,180.2,0.38,1
59.79,232.64,748.66,0.26,0.199,2.77,155.3,1078.6,29.9,8.2,0.449,37.3,73.4,8.4,0.486,284.3,0.11,0
29.8,88.73,333.85,0.217,0.199,0.55,27.3,1320.8,40.1,195.3,0.172,25.6,65.9,13.0,0.134,3689.8,0.677,0
11.61,64.46,245.61,0.235,0.178,2.05,102.4,1818.3,26.1,229.9,0.57,26.5,42.2,23.8,0.58,1573.2,0.363,0
14.22,71.08,218.78,0.125,0.111,2.91,322.3,753.9,40.6,295.5,0.551,31.0,46.6,33.4,0.634,2751.2,0.318,0
128.29,279.95,1265.79,0.422,0.395,5.81,650.3,487.0,12.0,279.6,0.401,37.6,93.4,29.4,0.426,446.7,0.923,1
30.11,116.42,438.39,0.46,0.382,5.19,512.4,179.0,11.0,77.7,0.409,23.3,92.0,12.2,0.491,34.3,0.107,1
117.66,442.32,940.12,0.361,0.276,5.8,595.4,1197.0,28.5,335.6,0.129,30.6,92.6,6.8,0.17,273.2,0.886,1
9.5,44.48,145.84,0.19,0.151,1.93,132.9,238.0,3.8,29.0,0.335,33.5,51.5,21.8,0.298,676.9,0.628,0
6.97,42.1,164.41,0.343,0.322,1.11,92.8,1156.0,22.9,198.2,0.379,22.0,46.1,31.5,0.34,35.7,0.458,0
9.28,65.57,242.78,0.101,0.085,1.65,173.6,2033.9,36.4,80.1,0.214,22.1,44.3,18.8,0.274,1086.7,0.443,0
15.6,59.99,180.68,0.176,0.151,1.37,108.8,391.0,5.9,245.5,0.231,30.2,42.9,18.6,0.17,385.4,0.149,0
1.01,14.33,106.24,0.246,0.192,0.92,90.8,310.2,9.6,292.8,0.275,33.6,45.6,29.3,0.259,3613.0,0.771,0
71.07,217.93,910.99,0.399,0.373,8.0,591.3,621.1,41.7,292.9,0.431,25.4,80.0,24.9,0.486,68.6,0.249,1
8.63,25.34,115.12,0.269,0.23,0.65,44.2,217.3,3.9,96.2,0.148,35.1,57.4,40.8,0.208,421.1,0.82,0
141.53,401.35,1202.31,0.467,0.4,3.92,422.8,917.7,37.6,147.1,0.418,27.0,96.8,21.7,0.455,324.2,0.824,1
5.87,29.44,120.46,0.26,0.225,1.15,76.5,1526.0,28.9,130.2,0.333,27.6,50.5,11.9,0.425,2117.2,0.764,0
15.79,71.4,231.48,0.312,0.282,2.4,187.0,1185.5,24.1,32.8,0.435,25.1,58.0,11.8,0.446,912.6,0.939,0
11.63,60.21,189.02,0.265,0.209,1.41,68.8,1803.6,42.6,287.8,0.459,22.6,70.8,5.3,0.533,1572.6,0.703,0
35.02,71.04,276.15,0.399,0.374,3.81,308.1,309.4,5.5,124.8,0.64,22.9,84.5,14.3,0.683,562.4,0.833,1
82.82,266.74,1138.81,0.54,0.424,7.09,626.9,857.4,32.4,151.1,0.339,32.0,97.3,30.0,0.412,1051.7,0.63,1
105.72,330.38,810.15,0.495,0.391,4.67,333.0,1048.2,20.9,244.7,0.639,26.5,83.4,14.2,0.687,302.7,0.947,1
27.73,109.26,391.91,0.259,0.195,2.04,186.7,1154.6,18.5,225.8,0.159,23.6,42.5,23.4,0.162,1458.8,0.372,0
16.64,51.02,287.4,0.262,0.197,1.88,141.6,181.0,14.0,301.2,0.117,28.1,60.1,6.8,0.173,968.2,0.294,0
94.66,204.82,867.7,0.475,0.397,6.34,469.9,169.9,10.8,158.6,0.219,18.7,83.1,18.9,0.258,399.3,0.549,1
10.79,40.95,171.21,0.226,0.178,0.96,71.2,220.3,8.3,320.0,0.463,28.2,59.1,30.0,0.456,3844.0,0.531,0
97.12,223.43,678.63,0.4,0.317,6.17,671.1,359.5,8.6,355.8,0.612,29.9,78.0,39.0,0.797,84.2,0.51,1
14.92,63.25,323.87,0.23,0.217,1.69,166.5,11.1,9.0,127.0,0.726,36.8,63.3,12.5,0.696,1916.7,0.199,0
6.16,21.85,60.69,0.236,0.221,2.84,217.3,761.7,41.1,59.0,0.275,31.8,48.1,12.6,0.223,959.7,0.306,0
26.41,98.22,356.76,0.305,0.249,1.15,104.7,1034.3,38.0,60.4,0.315,27.1,72.1,25.3,0.41,416.5,0.205,0
33.45,99.11,323.03,0.151,0.124,0.77,81.7,1376.3,35.8,139.3,0.265,29.1,43.1,35.2,0.346,5.1,0.247,0
79.88,167.14,604.82,0.422,0.341,6.94,530.5,78.1,7.8,148.8,0.303,37.6,81.7,23.1,0.354,207.9,0.866,1
12.48,60.45,171.25,0.191,0.177,2.63,282.7,1118.1,32.6,346.4,0.357,21.1,53.6,7.1,0.376,1300.8,0.079,0
7.66,36.21,199.49,0.286,0.22,2.16,116.8,2345.7,39.4,308.3,0.5,31.2,51.6,28.0,0.534,2404.6,0.801,0
4.53,43.15,165.38,0.184,0.159,2.36,206.1,1880.6,40.6,350.8,0.461,32.7,50.6,36.0,0.515,1511.3,0.195,0
21.63,75.95,323.31,0.277,0.218,2.02,139.1,809.6,39.1,207.5,0.138,25.8,53.0,11.5,0.142,152.8,0.35,0
158.28,541.93,1630.96,0.443,0.4,4.77,228.8,1320.3,26.3,13.2,0.442,23.4,75.9,44.2,0.451,793.9,0.617,1
224.87,770.74,2075.47,0.528,0.463,5.44,605.2,1749.5,39.2,121.4,0.602,23.9,96.4,17.3,0.676,637.5,0.917,1
78.99,281.5,1095.45,0.451,0.374,5.21,412.3,394.7,4.4,309.8,0.53,25.4,82.3,34.8,0.622,591.5,0.783,1
158.23,439.48,2012.16,0.446,0.343,5.98,497.6,189.6,12.9,193.5,0.525,22.4,83.1,7.5,0.568,85.5,0.915,1
21.72,55.6,293.9,0.272,0.246,2.5,203.8,1551.1,21.1,223.3,0.16,25.8,48.1,30.4,0.219,3046.8,0.94,0
128.45,260.11,640.47,0.445,0.341,7.18,598.7,1845.2,35.8,222.1,0.436,33.2,81.4,30.1,0.47,182.1,0.75,1
42.49,151.15,522.36,0.312,0.251,0.54,47.1,1290.4,24.1,350.6,0.271,29.9,55.0,32.4,0.276,3615.5,0.128,0
5.98,32.48,173.57,0.155,0.124,2.17,237.7,1741.6,22.9,192.4,0.599,33.0,64.8,21.5,0.666,1118.2,0.06,0
219.14,585.33,2043.7,0.545,0.472,7.95,921.1,1800.3,32.8,252.0,0.135,37.0,76.6,41.6,0.227,117.5,0.909,1
7.13,19.26,88.62,0.343,0.292,0.93,83.1,1613.8,22.7,35.0,0.496,22.9,52.9,23.0,0.572,3993.9,0.686,0
199.94,603.15,2699.04,0.505,0.407,6.27,439.2,2342.3,24.6,160.7,0.188,24.6,78.8,35.7,0.277,39.0,0.219,1
9.62,53.1,199.18,0.248,0.207,1.77,144.0,1344.7,36.1,320.7,0.433,24.4,72.6,31.4,0.461,763.1,0.668,0
146.39,475.27,1878.94,0.526,0.441,5.97,574.6,151.8,4.1,259.3,0.124,31.5,80.4,28.4,0.153,367.8,0.473,1
86.46,268.67,648.33,0.434,0.375,4.32,355.3,1417.3,42.9,169.9,0.43,26.1,81.5,29.9,0.522,811.0,0.068,1
227.6,515.47,2183.87,0.478,0.444,4.97,302.3,1602.1,39.0,264.6,0.526,23.6,80.9,39.1,0.547,488.5,0.323,1
79.81,191.12,802.65,0.386,0.3,3.64,322.4,858.6,25.3,45.0,0.324,30.6,95.7,42.3,0.28,142.7,0.291,1
130.82,426.42,1461.62,0.482,0.415,6.92,768.6,1187.2,28.9,289.7,0.713,36.2,93.9,37.4,0.721,228.0,0.636,1
5.75,43.18,187.82,0.107,0.081,1.92,93.3,1928.5,32.0,289.9,0.379,24.1,70.3,30.0,0.462,884.6,0.741,0
130.52,275.76,1067.61,0.504,0.449,7.62,347.9,1799.9,26.9,280.9,0.298,32.1,75.0,18.7,0.427,31.1,0.947,1
11.14,52.69,219.13,0.314,0.276,0.96,113.0,452.2,4.3,197.3,0.628,26.3,64.1,21.3,0.655,488.9,0.582,0
149.78,458.41,2004.52,0.43,0.382,7.18,748.7,602.5,16.0,13.2,0.235,35.8,86.0,14.7,0.219,40.0,0.434,1
109.38,289.22,713.4,0.499,0.422,7.91,577.6,1430.9,34.4,291.7,0.62,29.6,87.0,17.0,0.803,117.4,0.82,1
98.48,285.52,1337.43,0.435,0.343,5.63,238.1,982.0,33.5,18.3,0.66,25.9,80.7,43.1,0.613,977.0,0.619,1
0.87,27.81,108.25,0.149,0.125,2.23,255.2,1878.7,43.0,347.1,0.275,34.0,47.5,19.4,0.362,2462.4,0.419,0
5.01,25.68,122.87,0.319,0.241,0.63,65.0,262.2,11.7,231.5,0.542,28.4,52.4,28.6,0.621,1222.0,0.682,0
56.24,195.27,556.59,0.377,0.312,8.48,751.2,820.7,42.6,5.8,0.389,31.4,85.9,5.8,0.432,67.7,0.75,1
7.77,31.14,123.87,0.313,0.288,0.7,72.4,925.4,44.7,38.3,0.468,32.0,42.3,22.1,0.522,723.1,0.831,0
32.42,110.83,441.38,0.211,0.173,2.92,263.6,1082.3,24.8,227.6,0.48,36.7,57.7,38.8,0.538,1588.7,0.265,0
7.44,38.84,104.51,0.113,0.098,1.93,181.7,1918.2,29.7,359.2,0.23,19.4,61.0,42.0,0.26,563.9,0.257,0
165.33,543.2,2403.57,0.545,0.437,3.64,408.7,56.0,9.0,32.3,0.657,27.4,85.3,27.2,0.746,512.3,0.249,1
113.06,390.08,1140.52,0.522,0.406,6.88,498.7,370.1,6.3,24.4,0.74,29.3,80.6,24.8,0.725,51.5,0.605,1
23.25,58.93,211.57,0.223,0.19,2.74,225.2,1382.5,32.2,243.6,0.436,36.3,48.4,6.3,0.491,385.9,0.101,0
15.29,73.62,361.55,0.337,0.255,2.07,212.4,1222.0,35.7,223.6,0.184,20.2,58.6,22.9,0.244,116.3,0.792,0
19.47,52.25,241.56,0.214,0.199,1.51,93.4,2379.2,16.8,312.7,0.578,22.7,68.6,22.3,0.584,3351.0,0.832,0
65.88,213.47,827.52,0.393,0.356,7.41,653.0,149.1,6.9,310.5,0.206,36.7,80.9,30.3,0.266,40.0,0.93,1
122.29,261.15,663.27,0.365,0.347,4.02,273.2,748.3,17.2,227.4,0.127,27.6,75.6,29.1,0.149,1010.1,0.74,1
20.63,83.43,394.85,0.22,0.208,1.28,56.5,1946.9,36.4,108.0,0.405,31.2,46.3,38.3,0.409,854.7,0.177,0
58.03,179.69,595.44,0.247,0.221,1.85,96.8,2403.8,26.0,248.8,0.542,29.1,70.5,5.2,0.546,542.6,0.85,0
5.36,43.67,236.75,0.128,0.116,2.1,103.1,2485.7,37.4,66.3,0.424,36.0,59.6,21.1,0.411,315.3,0.52,0
124.79,431.07,1635.06,0.503,0.43,6.55,549.5,736.3,30.5,36.9,0.226,19.8,89.5,15.8,0.182,538.8,0.919,1
146.47,382.53,1609.76,0.415,0.329,3.83,189.9,1493.2,20.8,250.0,0.413,19.0,77.4,37.9,0.393,185.2,0.57,1
6.28,40.02,218.7,0.146,0.133,2.58,215.4,2394.8,18.4,152.8,0.207,27.2,42.7,43.0,0.219,1071.8,0.532,0
15.04,49.32,231.3,0.132,0.106,1.95,192.5,2443.4,42.8,271.0,0.693,36.0,63.6,26.2,0.792,1292.9,0.097,0
6.39,23.86,138.65,0.175,0.154,2.93,265.7,303.4,7.1,28.2,0.381,30.0,73.2,35.4,0.531,3662.4,0.357,0
111.15,296.43,1105.83,0.509,0.456,6.66,665.3,892.6,33.1,357.0,0.306,32.0,89.4,41.3,0.342,265.1,0.893,1
12.31,50.38,167.57,0.291,0.251,2.87,227.5,1836.7,33.4,185.2,0.611,35.8,65.8,23.8,0.591,5434.4,0.59,0
225.5,431.25,1269.59,0.465,0.411,7.81,773.8,1401.9,25.8,321.2,0.456,20.9,87.3,25.9,0.543,40.7,0.362,1
87.72,263.85,786.58,0.35,0.283,5.02,518.9,1444.5,18.1,173.2,0.189,30.5,83.8,34.1,0.224,56.3,0.391,1
12.51,52.69,245.88,0.125,0.113,1.51,90.9,1082.1,41.3,88.5,0.172,21.6,68.0,45.0,0.216,3864.7,0.622,0
3.92,35.48,152.32,0.108,0.101,1.16,125.6,2112.3,42.7,115.8,0.274,33.7,57.5,34.1,0.321,2754.2,0.653,0
3.7,28.99,147.7,0.247,0.209,2.3,264.8,170.6,3.2,323.2,0.597,33.4,40.9,26.2,0.624,611.7,0.655,0
156.3,461.66,1973.65,0.447,0.346,6.6,650.1,580.8,27.7,252.2,0.393,19.6,88.9,11.2,0.461,38.1,0.136,1
210.97,741.32,2528.09,0.476,0.416,4.5,530.2,1760.8,21.6,68.9,0.222,36.9,80.3,32.4,0.274,323.6,0.573,1
75.54,255.07,717.6,0.359,0.294,5.83,263.5,2050.1,15.3,126.3,0.125,25.9,84.5,31.1,0.085,620.4,0.606,1
64.28,185.25,441.85,0.378,0.315,7.5,390.0,2426.9,36.0,11.8,0.341,20.4,90.8,26.0,0.386,84.4,0.295,1
2.01,37.09,143.12,0.191,0.149,2.96,332.3,747.3,30.0,231.0,0.253,22.7,48.6,20.7,0.276,11.8,0.413,0
187.3,551.39,1182.91,0.395,0.345,7.0,297.4,558.6,43.5,134.1,0.717,36.1,90.3,15.1,0.819,73.3,0.209,1
150.02,337.91,937.36,0.502,0.456,4.48,389.8,653.4,16.3,19.7,0.231,27.8,84.8,39.0,0.373,455.4,0.207,1
11.05,44.95,178.32,0.107,0.097,2.0,122.8,630.8,25.1,296.9,0.557,31.5,44.9,26.6,0.605,3583.4,0.143,0
124.76,294.75,737.63,0.414,0.393,6.27,479.1,1197.1,44.6,155.6,0.249,27.0,94.4,34.6,0.341,183.6,0.438,1
100.74,348.45,840.37,0.391,0.31,7.86,557.1,716.5,33.6,269.0,0.142,20.0,93.1,27.6,0.095,11.1,0.634,1
127.35,307.48,1401.41,0.399,0.372,6.24,343.5,356.7,14.6,216.2,0.107,31.0,89.1,44.0,0.135,265.7,0.894,1
109.35,250.71,1189.08,0.463,0.415,5.96,517.4,143.6,10.2,169.3,0.273,38.0,86.4,29.8,0.308,101.1,0.599,1
97.45,242.89,915.32,0.426,0.38,4.8,269.7,647.0,17.0,37.6,0.69,28.4,77.2,6.2,0.763,325.7,0.514,1
140.43,439.0,1058.15,0.449,0.398,6.0,435.3,2045.6,42.7,226.6,0.253,22.4,90.5,22.5,0.216,211.4,0.876,1
6.06,14.89,79.58,0.331,0.284,0.82,83.6,2112.9,27.0,200.4,0.459,23.5,61.5,35.2,0.584,191.5,0.41,0
20.71,82.98,353.26,0.152,0.126,1.81,168.9,1481.7,43.3,355.8,0.257,22.9,58.6,39.3,0.316,7945.9,0.498,0
41.73,120.07,322.47,0.549,0.515,7.54,693.8,995.3,25.5,209.8,0.564,36.9,87.1,36.5,0.621,198.0,0.461,1
19.19,73.06,274.04,0.179,0.14,1.07,85.9,673.5,43.3,195.2,0.599,37.0,59.2,30.5,0.627,1173.4,0.393,0
34.3,90.18,263.61,0.329,0.258,0.85,47.1,108.2,2.6,338.7,0.235,23.7,71.8,13.5,0.279,540.1,0.648,0
19.32,76.27,387.89,0.142,0.107,0.86,64.8,2476.0,24.8,172.6,0.134,18.1,40.1,8.8,0.194,4962.0,0.823,0
18.91,72.05,336.74,0.269,0.242,2.56,198.5,960.5,27.8,71.3,0.185,24.3,59.6,18.6,0.19,601.5,0.889,0
123.89,469.87,1327.43,0.394,0.366,6.98,392.4,938.6,43.3,141.5,0.419,29.4,91.4,27.6,0.462,522.9,0.551,1
171.28,523.55,1660.01,0.496,0.39,5.44,479.4,999.6,37.3,104.7,0.363,34.4,79.6,29.8,0.412,3.5,0.75,1
30.13,136.14,447.82,0.139,0.106,2.91,235.6,1944.3,39.1,182.6,0.166,26.4,43.3,19.9,0.132,260.7,0.602,0
16.98,66.5,323.52,0.198,0.158,2.48,164.1,1649.4,33.8,317.8,0.175,27.7,43.3,26.8,0.113,3524.7,0.352,0
29.76,96.63,350.42,0.127,0.118,0.89,50.5,2358.7,16.8,2.9,0.463,20.5,73.0,9.3,0.471,2016.7,0.785,0
148.36,367.06,808.88,0.383,0.288,4.08,209.5,195.7,11.4,190.4,0.745,29.5,85.4,39.1,0.769,244.7,0.899,1
153.4,451.93,1225.28,0.525,0.404,3.59,396.7,2402.6,38.3,205.2,0.702,30.3,94.7,29.0,0.779,465.3,0.22,1
8.81,24.53,103.4,0.348,0.263,2.25,259.4,1477.9,32.1,101.4,0.676,20.8,62.8,9.1,0.794,5941.0,0.8,0
91.82,262.77,1181.69,0.431,0.405,3.8,400.4,2324.3,35.9,194.1,0.149,24.3,90.1,9.7,0.167,916.9,0.618,1
133.28,466.83,2083.86,0.497,0.387,6.89,602.7,1912.2,21.9,322.0,0.174,23.7,95.5,37.5,0.153,201.8,0.869,1
177.39,466.42,1348.05,0.537,0.5,7.77,908.3,2466.0,42.8,311.0,0.561,35.7,91.9,14.2,0.579,52.6,0.653,1
59.76,151.26,318.04,0.42,0.355,7.48,579.1,540.3,21.4,71.5,0.677,29.4,87.0,15.8,0.725,332.3,0.917,1
44.5,97.71,369.58,0.254,0.21,2.68,116.8,1306.5,35.2,188.0,0.296,32.2,40.2,12.6,0.395,982.1,0.22,0
93.77,346.33,1410.84,0.389,0.325,7.43,519.3,2347.2,29.3,263.3,0.424,26.2,95.7,13.8,0.412,544.4,0.26,1
4.34,46.04,188.97,0.117,0.097,0.57,31.0,352.4,9.9,342.6,0.354,25.8,72.2,10.5,0.389,1858.9,0.379,0
164.05,481.63,1576.29,0.356,0.291,8.03,765.6,1952.3,21.2,270.3,0.189,24.2,88.0,21.0,0.185,390.0,0.719,1
79.07,256.96,685.67,0.482,0.439,5.8,369.3,2285.8,20.4,238.0,0.373,23.0,94.3,8.0,0.426,468.0,0.35,1
155.86,540.1,1557.07,0.381,0.324,3.64,282.4,943.6,24.9,88.0,0.375,37.3,80.2,39.8,0.39,74.3,0.143,1
99.09,362.05,1478.75,0.36,0.341,7.01,804.7,1113.2,15.9,182.5,0.514,26.7,85.4,29.1,0.565,1380.7,0.289,1
2.62,22.51,118.12,0.243,0.208,2.97,354.8,2081.8,18.6,143.0,0.589,24.9,49.5,17.8,0.57,1577.4,0.755,0
81.32,254.96,843.55,0.398,0.364,4.62,382.8,1420.4,25.9,145.4,0.611,25.2,86.1,18.2,0.604,41.7,0.929,1
176.28,376.2,1535.28,0.443,0.398,5.09,315.7,1201.5,33.2,90.8,0.207,25.3,86.8,26.6,0.215,483.4,0.209,1
62.98,241.63,996.26,0.473,0.392,6.97,524.2,692.4,25.6,120.2,0.499,21.6,85.8,9.2,0.527,674.4,0.884,1
16.54,72.71,228.01,0.347,0.315,1.96,215.9,1344.9,17.2,267.9,0.25,22.1,67.2,44.4,0.269,939.7,0.055,0
20.44,90.87,278.0,0.26,0.203,2.19,129.3,945.9,39.0,143.4,0.604,31.3,54.2,33.8,0.662,145.9,0.515,0
22.0,87.49,411.15,0.137,0.108,2.27,102.4,1183.1,19.7,22.7,0.421,18.3,63.6,13.6,0.494,1336.1,0.128,0
35.67,97.12,352.4,0.478,0.418,6.86,723.5,2126.8,16.7,17.9,0.332,32.6,90.0,38.4,0.334,171.9,0.931,1
95.24,264.16,1022.29,0.518,0.463,4.86,400.3,2115.5,25.6,72.9,0.668,21.5,88.7,28.6,0.693,339.7,0.56,1
4.49,33.31,101.96,0.297,0.261,0.69,76.8,62.3,8.9,80.7,0.663,33.7,61.3,36.5,0.805,6754.9,0.33,0
102.39,298.84,702.43,0.528,0.45,5.35,507.2,1369.2,41.8,339.0,0.702,24.9,92.8,39.5,0.815,121.4,0.894,1
91.05,192.62,515.22,0.486,0.378,6.2,265.5,2377.3,22.4,208.8,0.473,20.7,86.5,30.7,0.538,232.1,0.544,1
172.17,632.08,1958.87,0.462,0.381,6.58,677.9,1120.6,32.6,287.8,0.539,33.2,97.9,31.9,0.595,21.1,0.94,1
198.51,518.31,1512.04,0.373,0.325,4.77,263.7,284.9,14.1,34.9,0.379,27.1,86.9,38.0,0.5,52.8,0.59,1
193.28,672.6,2876.53,0.465,0.37,5.08,254.9,38.1,2.5,43.9,0.685,21.5,90.6,27.5,0.751,43.7,0.94,1
145.6,464.5,1575.09,0.469,0.412,6.01,511.0,1026.3,34.1,26.4,0.417,30.2,94.1,23.6,0.49,314.3,0.691,1
7.45,35.31,178.9,0.114,0.091,1.29,97.3,2193.6,37.5,227.8,0.579,30.1,59.7,33.6,0.682,868.3,0.766,0
75.83,171.26,680.5,0.494,0.38,4.15,266.2,2232.9,31.3,208.4,0.648,30.5,87.7,20.7,0.793,128.3,0.502,1
115.07,424.04,1458.79,0.456,0.372,7.68,669.1,1657.5,25.1,138.5,0.38,23.6,97.5,23.8,0.489,238.8,0.646,1
124.63,410.19,1631.77,0.469,0.377,5.12,509.6,2382.8,44.6,27.8,0.645,18.1,80.8,19.4,0.674,411.3,0.078,1
135.46,317.67,1283.04,0.504,0.46,5.58,443.4,189.9,1.6,156.4,0.676,33.1,97.3,39.6,0.74,304.5,0.151,1
134.39,275.99,794.51,0.42,0.356,6.24,642.6,932.5,31.6,140.4,0.107,18.3,94.6,22.4,0.103,2.0,0.153,1
13.52,28.54,86.23,0.187,0.142,0.54,39.4,1983.7,35.1,35.8,0.384,24.1,64.6,37.0,0.377,33.6,0.451,0
13.99,64.47,324.94,0.26,0.238,0.66,52.8,2101.3,27.7,126.8,0.721,24.3,72.5,36.0,0.78,1345.8,0.718,0
18.53,69.33,288.09,0.245,0.197,1.45,121.0,237.8,3.5,301.5,0.136,22.6,51.2,5.6,0.082,90.2,0.791,0
4.92,21.63,130.23,0.27,0.233,2.45,159.8,1472.0,20.4,322.4,0.386,25.3,55.2,40.5,0.431,1487.9,0.918,0
85.01,264.43,1094.31,0.548,0.47,7.85,542.1,1668.7,43.4,89.9,0.629,33.3,89.5,27.1,0.555,70.7,0.149,1
67.47,211.14,782.06,0.415,0.391,6.81,550.8,562.5,42.1,102.5,0.414,33.5,87.5,27.3,0.485,74.1,0.591,1
4.71,24.48,137.56,0.203,0.163,2.8,309.6,93.0,7.6,102.7,0.574,20.5,61.7,18.6,0.576,84.9,0.385,0
38.63,138.96,685.55,0.166,0.13,2.66,223.6,61.6,4.0,225.5,0.659,34.0,49.2,38.3,0.666,704.7,0.248,0
86.9,303.49,1232.05,0.524,0.42,3.68,179.2,903.9,20.2,134.7,0.232,20.5,96.7,10.2,0.295,419.8,0.702,1
23.92,74.91,368.02,0.171,0.148,2.91,286.6,327.4,7.2,241.2,0.237,33.9,56.5,24.1,0.252,822.7,0.341,0
115.64,286.96,940.82,0.352,0.279,5.56,452.4,1432.3,18.0,2.5,0.585,24.4,78.3,14.9,0.624,1613.0,0.259,1
211.4,435.25,1883.42,0.352,0.288,3.74,269.4,632.4,19.9,222.0,0.332,19.2,85.0,35.5,0.317,236.4,0.6,1
151.66,375.39,1493.33,0.495,0.436,3.57,340.0,851.9,36.2,138.6,0.294,36.8,92.5,12.7,0.286,2.9,0.674,1
11.2,53.72,250.11,0.31,0.239,2.02,107.9,868.0,39.6,225.9,0.498,31.5,46.6,10.4,0.609,910.9,0.061,0
14.05,50.44,189.38,0.253,0.237,1.82,187.3,2329.0,31.4,329.7,0.729,26.8,47.9,12.9,0.814,123.8,0.522,0
141.78,449.21,1643.68,0.444,0.38,5.17,503.3,2155.3,20.9,346.5,0.219,20.6,80.4,40.2,0.275,383.5,0.231,1
81.03,227.15,691.45,0.542,0.459,6.08,333.5,1625.4,39.2,198.3,0.565,19.1,75.1,21.3,0.546,346.9,0.34,1
2.99,13.32,127.24,0.227,0.187,1.86,200.1,400.9,6.1,63.6,0.536,32.6,64.7,6.0,0.661,576.0,0.722,0
156.66,453.09,1590.16,0.377,0.301,6.08,336.8,201.6,9.9,333.5,0.592,36.8,85.2,35.4,0.629,720.3,0.635,1
9.42,35.28,130.3,0.217,0.184,0.55,52.1,895.7,22.4,172.9,0.449,35.7,61.8,31.8,0.434,410.3,0.544,0
38.51,125.7,508.14,0.449,0.38,5.45,378.6,1432.0,31.6,130.0,0.602,27.7,87.6,23.8,0.639,317.8,0.617,1
10.79,55.62,229.31,0.109,0.083,2.5,251.6,1815.2,25.1,51.4,0.104,23.9,63.0,44.9,0.155,980.9,0.582,0
123.98,306.73,1281.35,0.369,0.34,3.67,163.7,69.8,10.1,328.9,0.476,20.8,75.1,18.4,0.562,174.8,0.299,1
16.04,58.49,270.54,0.324,0.296,2.74,164.1,495.0,13.7,347.6,0.186,24.5,58.9,24.9,0.152,1113.1,0.659,0
17.86,50.66,201.23,0.323,0.271,1.47,114.3,1101.7,41.0,346.9,0.502,34.3,57.6,18.4,0.549,1717.1,0.28,0
8.25,49.39,255.8,0.17,0.139,1.37,133.6,905.4,41.2,167.0,0.587,32.5,46.0,26.2,0.621,4423.3,0.859,0
5.78,34.06,168.39,0.171,0.145,2.25,200.8,1151.1,28.2,306.7,0.386,36.8,57.2,43.2,0.387,42.2,0.198,0
119.09,402.09,1892.03,0.494,0.392,4.4,512.4,825.2,42.3,252.9,0.539,21.8,92.4,6.2,0.713,810.9,0.829,1
57.35,164.51,552.65,0.42,0.315,6.17,522.7,1473.8,30.6,168.6,0.728,21.3,96.5,34.1,0.782,101.7,0.513,1
37.54,113.96,488.9,0.315,0.258,1.67,106.8,2166.3,25.6,298.7,0.72,29.8,55.0,26.8,0.861,602.9,0.685,0
8.46,45.9,181.88,0.172,0.13,0.79,58.8,214.0,14.5,169.1,0.294,32.0,72.9,15.8,0.326,337.6,0.077,0
102.39,292.88,1210.96,0.39,0.296,4.14,190.5,739.5,23.3,283.3,0.232,25.1,83.9,17.9,0.244,693.1,0.809,1
62.25,171.9,766.01,0.526,0.397,6.59,325.3,673.2,27.2,343.3,0.52,30.6,77.2,12.3,0.644,538.6,0.835,1
34.66,129.78,526.97,0.409,0.378,4.09,332.8,1364.9,38.9,238.5,0.413,33.4,77.7,26.2,0.536,1272.4,0.324,1
10.54,47.33,166.9,0.153,0.12,1.98,233.2,2231.6,29.7,336.6,0.162,32.3,44.2,5.7,0.166,2511.6,0.676,0
5.8,45.14,237.44,0.121,0.097,1.0,59.5,2051.6,18.9,192.3,0.168,22.2,59.5,36.6,0.25,1481.9,0.065,0
141.4,391.53,1772.9,0.429,0.363,7.83,800.1,2257.4,43.6,82.0,0.296,29.6,88.3,32.6,0.318,35.7,0.777,1
25.45,83.17,328.2,0.195,0.167,2.8,194.3,539.2,15.4,203.2,0.749,29.0,64.0,20.3,0.827,270.1,0.841,0
109.87,339.37,1227.57,0.449,0.348,5.44,231.2,865.4,22.4,196.7,0.319,30.2,89.5,14.3,0.369,149.7,0.453,1
16.07,47.93,258.65,0.271,0.253,1.89,100.6,695.9,39.2,94.6,0.157,26.9,42.8,24.9,0.218,824.7,0.082,0
147.75,313.27,1061.67,0.507,0.404,7.25,650.1,1369.3,40.4,246.9,0.328,29.5,94.9,18.5,0.449,56.3,0.302,1
7.29,38.67,187.28,0.336,0.316,2.19,127.6,1681.2,35.3,55.9,0.24,26.1,64.7,36.3,0.222,28.3,0.673,0
265.69,601.53,2153.51,0.41,0.329,4.48,484.7,1044.3,33.4,175.1,0.331,35.0,79.2,19.4,0.375,212.4,0.339,1
10.16,40.56,229.61,0.219,0.164,2.44,169.3,776.3,40.0,88.8,0.432,23.2,60.5,33.9,0.399,1250.0,0.767,0
153.67,532.7,1897.71,0.363,0.343,6.92,401.8,1583.5,37.4,352.8,0.707,19.9,82.4,29.9,0.758,124.7,0.073,1
41.99,147.44,487.57,0.145,0.123,2.64,269.8,1250.9,44.4,72.4,0.119,21.8,50.1,27.5,0.142,1697.5,0.799,0
125.54,288.39,1016.93,0.532,0.492,6.6,348.0,2073.5,28.8,341.6,0.587,31.8,76.3,40.1,0.624,444.7,0.935,1
160.97,482.79,2125.72,0.412,0.37,7.42,861.9,144.3,14.7,334.6,0.11,24.1,81.3,30.6,0.168,71.0,0.556,1
51.77,135.77,620.28,0.428,0.337,5.7,336.4,1842.8,15.1,128.2,0.168,23.2,83.4,42.7,0.23,339.2,0.302,1
75.32,236.04,1007.03,0.447,0.411,6.3,663.2,1735.0,24.9,6.8,0.368,23.3,96.4,23.9,0.487,255.7,0.104,1
77.74,296.04,937.03,0.499,0.379,5.67,460.9,2168.1,39.8,262.9,0.653,19.4,81.8,20.1,0.67,148.1,0.156,1
105.03,208.67,886.85,0.51,0.434,7.3,724.1,2113.9,16.0,56.7,0.47,37.0,93.3,29.9,0.573,130.9,0.878,1
12.24,64.88,230.17,0.182,0.146,1.52,77.7,384.3,13.5,229.8,0.519,24.9,44.6,22.5,0.479,111.2,0.64,0
240.13,801.15,2971.63,0.392,0.322,4.76,269.8,1606.9,16.3,71.7,0.131,30.9,85.2,23.7,0.129,148.8,0.162,1
14.2,57.35,261.92,0.235,0.211,1.33,74.3,1514.3,29.3,7.8,0.641,32.5,51.1,19.0,0.672,1615.1,0.352,0
13.96,68.57,220.66,0.23,0.204,1.01,51.1,1739.1,27.7,12.7,0.314,25.5,53.2,33.7,0.379,1087.5,0.613,0
2.0,7.9,50.92,0.277,0.233,1.89,115.5,2453.4,43.1,230.5,0.21,35.5,62.3,30.1,0.135,1174.8,0.335,0
9.39,70.38,350.56,0.35,0.266,1.15,123.2,282.5,1.1,298.3,0.128,32.3,53.9,27.0,0.162,792.0,0.846,0
110.1,372.29,1634.35,0.398,0.302,5.92,591.1,1576.8,31.1,313.1,0.662,19.2,85.4,22.9,0.636,49.3,0.093,1
57.85,151.9,426.15,0.507,0.451,6.32,407.8,1496.3,33.6,222.9,0.368,34.4,93.5,31.0,0.414,220.8,0.827,1
101.2,316.07,1006.6,0.391,0.367,7.4,512.4,28.6,7.3,121.8,0.595,22.4,89.8,41.0,0.667,53.1,0.129,1
97.98,265.61,843.7,0.492,0.452,5.61,554.2,1650.0,22.4,205.9,0.449,25.9,83.8,35.3,0.479,501.9,0.726,1
5.18,24.96,134.86,0.261,0.202,1.18,124.8,1247.9,23.6,241.1,0.474,37.8,40.7,15.7,0.578,110.6,0.171,0
11.99,53.93,284.88,0.189,0.147,2.08,153.5,1934.7,18.9,222.9,0.725,23.2,65.7,31.5,0.756,2360.2,0.501,0
30.93,118.98,460.44,0.213,0.186,1.3,129.4,1890.5,18.5,85.3,0.533,36.6,56.2,7.3,0.606,875.8,0.434,0
17.72,76.12,342.21,0.205,0.18,1.2,103.0,118.7,3.0,220.0,0.485,33.5,71.3,40.2,0.538,250.5,0.586,0
10.73,60.28,267.31,0.334,0.292,1.99,237.5,1953.2,18.0,149.1,0.461,32.5,66.1,26.7,0.585,3858.5,0.948,0
51.17,134.0,354.84,0.302,0.28,0.99,93.9,2244.0,20.8,162.9,0.449,37.8,67.8,32.4,0.414,1329.7,0.735,0
247.08,717.07,2727.15,0.38,0.302,5.14,509.2,1583.7,20.1,250.0,0.726,35.9,77.3,24.8,0.878,484.3,0.185,1
108.99,310.57,1185.48,0.517,0.406,4.83,519.3,2174.3,19.2,236.4,0.324,35.0,93.4,27.8,0.417,53.2,0.502,1
136.45,445.66,1764.65,0.432,0.403,6.27,322.2,528.3,19.2,72.0,0.121,19.1,91.7,34.1,0.152,108.2,0.301,1
106.24,258.69,625.77,0.464,0.415,4.34,301.5,2253.6,38.9,0.5,0.168,25.6,81.4,40.0,0.188,238.4,0.549,1
126.94,407.88,1134.59,0.534,0.476,6.45,511.3,2340.4,22.3,307.8,0.617,24.7,78.2,12.2,0.652,593.4,0.162,1
12.05,57.25,258.13,0.118,0.097,2.21,115.2,719.2,21.6,251.8,0.699,19.4,51.8,17.0,0.754,1785.8,0.721,0
62.73,132.37,445.41,0.461,0.404,6.97,480.6,870.0,18.9,321.2,0.146,20.3,93.5,42.2,0.129,943.4,0.792,1
102.08,210.61,957.95,0.462,0.413,4.63,439.0,1780.2,36.0,97.0,0.161,31.7,96.4,6.4,0.117,672.5,0.186,1
19.29,63.81,271.96,0.168,0.146,2.37,142.0,846.8,19.2,355.2,0.163,34.2,72.7,15.9,0.214,2488.6,0.885,0
8.66,38.01,126.15,0.293,0.263,0.71,55.8,2473.9,16.7,155.8,0.216,30.3,49.7,25.4,0.286,11607.2,0.852,0
101.21,274.13,1105.55,0.43,0.373,6.17,314.3,727.6,44.9,329.9,0.179,33.6,97.5,38.4,0.272,228.6,0.783,1
27.84,93.7,399.89,0.304,0.288,1.75,86.0,81.9,4.8,231.3,0.342,30.1,67.2,21.4,0.37,478.1,0.704,0
104.76,234.27,716.76,0.383,0.325,7.14,495.3,2045.9,36.0,99.4,0.362,32.3,91.0,13.9,0.441,279.6,0.675,1
156.53,471.33,1023.02,0.444,0.334,7.75,761.1,117.8,10.1,120.4,0.44,32.5,96.2,17.2,0.395,126.7,0.268,1
14.94,56.23,190.67,0.235,0.184,1.7,139.2,2435.9,15.1,228.1,0.612,34.2,53.9,15.6,0.667,3417.7,0.801,0
20.78,61.13,170.7,0.122,0.115,2.51,226.8,1503.9,39.1,244.6,0.479,24.2,64.6,11.2,0.515,480.1,0.552,0
14.9,48.27,188.32,0.218,0.184,1.88,136.1,1103.9,35.7,198.2,0.157,33.8,40.8,21.4,0.188,1158.1,0.347,0
26.51,115.0,478.17,0.238,0.185,2.38,206.7,1834.1,25.0,341.3,0.624,28.0,73.3,24.1,0.641,1026.7,0.187,0
15.82,50.68,186.39,0.253,0.198,2.13,167.9,1792.4,16.7,235.4,0.586,37.2,72.5,30.4,0.621,1430.5,0.709,0
134.05,288.09,1124.86,0.376,0.284,4.01,287.8,977.4,31.6,59.4,0.598,21.3,86.2,28.8,0.62,252.1,0.211,1
26.84,102.2,514.84,0.146,0.116,1.6,67.0,542.7,24.2,19.2,0.472,37.7,66.1,20.4,0.565,209.0,0.899,0
100.85,314.62,1118.03,0.542,0.513,6.66,716.8,2113.8,16.1,297.9,0.373,19.8,92.3,12.9,0.405,1295.0,0.902,1
38.32,137.33,591.78,0.288,0.235,1.61,187.5,2305.7,43.0,105.1,0.211,30.0,64.6,35.1,0.234,390.0,0.734,0
104.91,319.44,860.65,0.53,0.424,6.22,512.6,2487.2,16.4,351.7,0.716,31.6,95.7,29.4,0.748,220.6,0.727,1
14.76,63.8,207.51,0.231,0.204,2.68,202.7,914.5,30.0,263.9,0.665,36.0,55.0,20.0,0.775,1274.7,0.467,0
36.43,135.61,447.96,0.153,0.136,2.14,216.4,1446.5,36.5,106.0,0.262,33.2,55.1,13.8,0.312,1522.2,0.942,0
94.25,235.37,945.24,0.517,0.488,3.72,152.6,2452.8,30.6,342.6,0.309,19.9,86.2,32.7,0.342,68.7,0.344,1
108.51,304.88,1186.23,0.41,0.367,6.61,337.4,1037.0,44.5,21.8,0.14,30.3,96.6,32.0,0.111,734.5,0.677,1
28.54,102.67,509.28,0.127,0.098,2.27,141.3,1978.3,33.1,180.0,0.584,32.0,48.9,22.7,0.65,1203.0,0.646,0
115.63,242.41,916.22,0.541,0.513,4.8,224.4,2350.0,32.5,58.7,0.528,22.1,92.4,18.1,0.611,44.8,0.288,1
6.76,30.42,184.43,0.318,0.286,2.09,91.3,471.8,5.3,332.7,0.612,31.2,71.4,42.0,0.74,696.6,0.575,0
25.43,93.42,434.55,0.221,0.177,1.44,165.4,1814.2,44.2,11.8,0.168,19.8,59.8,33.6,0.224,1729.2,0.431,0
12.19,44.11,159.04,0.142,0.114,0.84,45.9,1760.3,24.8,264.2,0.171,20.8,41.4,12.3,0.165,2264.7,0.651,0
1.86,19.63,114.41,0.261,0.246,2.78,243.2,978.5,40.1,310.4,0.653,25.2,54.6,16.6,0.621,102.0,0.506,0
184.77,382.7,1158.66,0.448,0.353,4.75,394.3,2452.7,17.6,99.9,0.547,21.9,81.4,40.7,0.631,115.3,0.293,1
41.53,87.0,287.71,0.342,0.272,1.64,103.3,2168.4,34.7,262.5,0.295,18.1,43.3,14.7,0.263,640.6,0.197,0
8.32,47.36,114.21,0.156,0.128,1.86,170.4,2485.7,32.3,31.5,0.39,30.4,50.3,14.4,0.423,169.3,0.267,0
133.93,357.69,1646.09,0.38,0.336,8.46,558.8,1379.7,34.0,57.4,0.372,27.3,89.2,7.2,0.422,247.0,0.581,1
190.3,602.64,2193.72,0.509,0.425,6.08,466.2,563.2,28.3,345.3,0.414,22.5,96.2,21.6,0.443,465.2,0.212,1
36.92,72.34,236.19,0.112,0.091,2.06,145.4,705.5,36.2,81.3,0.344,22.2,74.9,21.4,0.394,459.4,0.277,0
124.89,316.01,899.48,0.545,0.438,4.03,454.6,1980.9,34.9,105.0,0.722,29.9,75.1,33.3,0.707,158.3,0.13,1
34.6,91.65,348.86,0.305,0.236,2.29,261.7,910.4,40.6,321.6,0.327,20.2,41.3,42.5,0.359,1838.4,0.855,0
81.31,256.29,600.36,0.379,0.326,6.86,479.3,545.3,42.4,105.3,0.353,23.0,79.2,42.0,0.464,249.3,0.072,1
127.15,291.99,711.85,0.419,0.337,7.44,444.9,2305.5,21.2,185.8,0.651,18.8,83.1,18.1,0.698,29.6,0.203,1
226.84,599.4,2409.33,0.452,0.369,5.93,586.6,859.0,37.3,107.0,0.106,33.3,76.5,19.2,0.159,143.1,0.725,1
13.31,62.33,327.91,0.23,0.173,1.38,90.1,213.3,10.9,257.0,0.608,37.5,66.7,42.5,0.648,5604.0,0.228,0
3.04,15.66,133.76,0.295,0.253,1.26,98.8,1420.7,23.9,349.8,0.252,23.3,53.8,8.0,0.251,1679.8,0.626,0
8.58,51.79,182.56,0.254,0.226,1.43,119.6,1380.1,20.7,41.8,0.481,27.3,71.4,19.9,0.497,662.1,0.191,0
11.21,64.96,319.99,0.14,0.131,1.94,230.7,1061.6,22.2,288.4,0.27,26.7,42.8,30.6,0.223,928.8,0.554,0
12.28,68.34,243.38,0.155,0.123,0.79,55.5,1121.5,27.1,205.4,0.667,28.8,53.9,6.4,0.75,659.6,0.765,0
63.85,203.94,654.75,0.538,0.502,3.5,255.0,557.2,29.5,195.1,0.701,25.5,94.7,18.7,0.762,351.0,0.085,1
5.63,45.18,165.28,0.311,0.256,1.61,73.3,746.6,24.5,223.2,0.219,20.6,69.6,25.8,0.187,2267.4,0.871,0
2.65,34.28,198.25,0.138,0.126,0.9,83.7,1221.5,26.3,295.8,0.674,23.0,58.7,40.7,0.707,370.9,0.14,0
128.76,455.13,2077.11,0.434,0.403,4.65,257.1,2430.6,42.4,254.9,0.187,33.9,84.1,14.7,0.118,402.5,0.48,1
13.09,63.36,334.46,0.229,0.216,1.94,172.4,2450.5,20.7,181.3,0.386,30.0,62.0,35.9,0.441,496.5,0.918,0
101.13,234.1,593.85,0.499,0.406,7.16,424.7,227.1,3.2,10.4,0.112,19.4,84.5,23.1,0.1,47.4,0.146,1
5.5,45.73,220.84,0.349,0.28,2.75,317.7,2266.9,37.3,144.6,0.355,22.3,54.1,24.8,0.375,2328.1,0.564,0
34.07,120.4,489.09,0.101,0.085,2.24,104.2,1105.9,25.1,323.5,0.153,26.0,69.5,5.4,0.196,92.8,0.304,0
9.73,59.52,188.05,0.212,0.183,2.15,246.3,1153.2,22.7,207.8,0.528,30.9,43.8,17.3,0.63,1280.2,0.783,0
12.31,78.19,256.24,0.141,0.125,0.63,53.2,904.7,43.4,137.7,0.538,33.7,73.9,40.6,0.652,803.5,0.606,0
65.71,203.98,836.05,0.417,0.371,6.45,741.0,2199.7,26.1,24.0,0.176,29.7,81.3,24.4,0.219,271.2,0.658,1
2.13,41.58,211.92,0.258,0.199,2.63,208.7,1148.4,27.6,348.6,0.621,36.0,54.7,30.0,0.662,1554.5,0.877,0
83.22,145.31,637.19,0.378,0.33,6.01,261.9,24.1,4.5,83.2,0.243,34.1,91.2,12.3,0.205,94.9,0.424,1
20.51,82.84,312.01,0.241,0.189,1.08,60.4,2339.1,26.8,239.6,0.295,27.5,60.0,44.3,0.397,544.4,0.902,0
34.83,113.35,424.71,0.147,0.131,2.65,180.7,2435.5,39.8,213.5,0.173,32.6,64.4,20.6,0.235,3432.0,0.457,0
111.24,412.48,1565.81,0.54,0.511,7.96,914.9,1086.7,28.4,59.9,0.643,21.2,77.2,19.8,0.663,431.2,0.273,1
18.72,71.13,313.27,0.281,0.254,2.79,280.8,1096.0,26.6,75.5,0.424,25.0,69.0,39.7,0.523,1997.3,0.163,0
143.09,466.52,1164.19,0.418,0.372,8.06,710.0,53.6,5.7,338.5,0.656,18.4,89.3,12.5,0.754,242.4,0.523,1
97.94,214.79,860.26,0.517,0.396,4.71,353.9,512.4,42.9,358.7,0.376,32.8,87.5,35.1,0.375,2.6,0.92,1
74.64,194.76,590.66,0.406,0.32,8.23,623.6,309.1,6.8,132.1,0.355,36.6,94.2,19.0,0.339,84.4,0.298,1
150.46,471.28,1452.68,0.408,0.335,4.61,425.3,1990.9,24.3,180.1,0.399,25.6,77.3,30.4,0.514,492.1,0.474,1
8.73,35.98,89.74,0.171,0.16,2.13,208.4,1293.4,25.2,187.0,0.416,24.2,57.9,40.7,0.426,3060.0,0.86,0
32.78,90.19,349.01,0.298,0.243,0.52,41.0,730.5,20.9,45.4,0.35,23.3,71.7,35.7,0.427,869.7,0.428,0
15.27,76.25,218.3,0.255,0.233,2.59,268.8,2312.2,33.8,350.5,0.4,18.0,75.0,31.6,0.459,212.4,0.38,0
221.4,456.21,2026.83,0.41,0.316,8.41,689.3,1618.8,15.9,110.0,0.412,24.1,92.2,26.7,0.351,76.7,0.578,1
68.06,140.65,544.72,0.424,0.374,7.88,639.6,2342.3,35.6,158.0,0.744,18.3,85.8,6.4,0.829,21.7,0.7,1
15.65,62.22,325.41,0.23,0.209,2.71,248.9,643.1,41.9,317.3,0.51,29.2,67.4,28.5,0.561,222.3,0.723,0
109.18,380.19,1042.1,0.393,0.338,4.53,469.3,2167.5,34.5,253.0,0.656,31.7,75.2,23.2,0.785,260.6,0.256,1
5.06,48.61,193.33,0.247,0.223,1.73,151.7,2138.5,40.3,106.5,0.418,25.2,54.5,18.3,0.501,4315.0,0.096,0
264.74,927.25,4153.36,0.377,0.337,4.33,492.7,2243.9,17.6,22.9,0.481,26.1,84.1,23.3,0.531,114.5,0.857,1
6.62,48.24,194.85,0.152,0.128,0.98,107.9,2045.4,37.0,48.7,0.122,24.3,71.6,11.7,0.199,3811.8,0.752,0
158.52,414.44,994.97,0.355,0.328,6.01,610.7,2017.3,37.7,140.6,0.286,23.3,80.8,12.6,0.288,46.2,0.548,1
98.89,364.17,1405.65,0.532,0.435,6.09,469.1,2124.0,25.2,159.8,0.621,24.5,78.1,44.7,0.684,290.7,0.904,1
4.61,15.55,69.36,0.143,0.119,2.6,231.2,2240.9,36.1,172.9,0.319,29.2,72.3,37.6,0.365,548.8,0.873,0
12.95,65.1,194.88,0.226,0.194,0.52,42.0,1065.2,28.0,23.7,0.571,29.2,73.2,35.7,0.556,4521.2,0.475,0
5.03,44.24,262.48,0.232,0.18,2.62,106.1,555.3,36.6,14.3,0.119,32.7,40.1,36.6,0.122,475.3,0.572,0
26.89,100.09,432.14,0.252,0.215,0.63,58.5,189.6,2.0,224.4,0.463,20.7,40.4,30.4,0.445,992.8,0.684,0
13.97,58.69,218.87,0.251,0.204,1.62,183.6,695.1,24.0,58.3,0.743,37.2,49.5,44.9,0.793,1848.3,0.498,0
181.02,460.48,1022.88,0.438,0.351,5.69,463.6,2158.7,15.8,236.1,0.564,28.5,92.2,22.7,0.519,243.6,0.275,1
70.93,188.15,504.05,0.446,0.386,3.76,201.7,2492.8,38.4,54.1,0.555,34.9,86.4,41.6,0.531,258.3,0.688,1
99.1,350.06,1046.08,0.547,0.446,4.8,368.1,1063.4,23.8,197.7,0.414,19.2,94.1,19.6,0.524,17.9,0.581,1
34.48,76.74,342.19,0.231,0.213,1.67,67.3,1175.3,32.3,98.7,0.284,25.2,48.2,26.1,0.373,2434.5,0.674,0
140.88,458.79,1505.19,0.37,0.308,8.14,807.1,987.8,33.8,72.5,0.369,32.6,77.4,34.9,0.402,95.8,0.395,1
247.64,650.54,1361.78,0.467,0.389,6.75,630.8,1381.8,41.6,79.5,0.435,19.9,83.9,23.1,0.489,171.3,0.634,1
13.07,43.91,226.21,0.225,0.213,1.68,155.2,1200.3,15.9,154.0,0.564,21.4,66.8,21.3,0.567,266.6,0.46,0
183.95,507.91,1741.26,0.505,0.413,3.98,297.3,1713.1,31.0,194.5,0.206,29.5,76.1,32.9,0.135,49.6,0.177,1
100.05,279.11,606.49,0.541,0.42,8.25,588.6,693.9,34.0,296.9,0.34,27.8,81.2,6.2,0.423,118.6,0.085,1
17.12,58.03,263.92,0.301,0.278,1.09,67.6,1013.5,33.3,261.8,0.657,25.9,68.9,19.3,0.749,843.4,0.801,0
2.16,18.54,81.45,0.206,0.192,2.51,284.5,1012.5,37.8,76.3,0.106,21.3,43.5,26.2,0.08,1662.4,0.776,0
19.26,79.32,324.58,0.23,0.183,2.58,179.1,803.5,16.8,156.5,0.634,18.2,50.7,13.4,0.649,667.6,0.134,0
7.5,53.8,231.43,0.197,0.183,2.63,221.8,1997.6,21.9,11.4,0.135,18.1,64.2,38.1,0.157,922.1,0.226,0
157.49,485.59,2247.77,0.383,0.325,4.19,320.9,1355.3,34.2,205.2,0.604,30.2,94.6,5.7,0.668,267.1,0.632,1
117.43,304.37,911.87,0.45,0.342,6.68,620.5,1404.4,25.1,253.4,0.743,26.6,80.9,12.5,0.852,941.6,0.585,1
150.3,443.25,1088.26,0.365,0.314,8.1,959.9,610.5,22.8,267.3,0.585,33.7,84.3,19.8,0.613,671.9,0.538,1
13.79,41.04,111.1,0.267,0.246,2.69,232.8,1065.7,26.3,44.7,0.447,24.8,73.2,29.2,0.454,594.7,0.229,0
21.36,55.27,161.18,0.335,0.278,2.61,189.7,868.2,41.0,180.0,0.185,18.0,41.1,17.6,0.165,2466.2,0.249,0
262.7,668.32,2759.76,0.542,0.466,8.26,731.1,2270.3,21.4,317.8,0.137,28.2,84.8,44.7,0.262,185.3,0.446,1
52.23,202.62,831.13,0.461,0.359,4.52,192.9,104.2,8.8,66.7,0.362,27.0,90.3,11.0,0.38,64.0,0.68,1
7.38,28.07,190.84,0.295,0.271,2.82,316.5,445.8,4.4,26.0,0.368,21.9,44.3,27.8,0.414,520.5,0.621,0
86.68,217.65,629.47,0.544,0.42,3.98,212.9,1654.7,35.1,93.5,0.253,37.9,97.8,16.1,0.192,102.2,0.39,1
165.18,381.29,1553.73,0.45,0.346,4.09,340.4,1516.4,19.3,37.5,0.36,20.3,75.7,16.9,0.368,42.7,0.699,1
26.02,70.74,230.6,0.131,0.123,2.94,206.5,1789.6,20.0,21.2,0.288,25.7,55.7,5.6,0.297,800.4,0.599,0
35.73,103.51,507.44,0.163,0.15,1.87,202.1,123.1,12.7,80.9,0.136,28.6,53.5,17.0,0.242,3713.6,0.152,0
103.78,239.58,555.03,0.492,0.425,7.85,918.2,2207.6,40.3,132.4,0.391,24.9,93.7,38.0,0.493,81.1,0.862,1
11.44,46.33,250.96,0.207,0.16,2.9,130.5,2328.1,36.0,267.7,0.415,25.2,67.9,15.6,0.384,222.7,0.928,0
5.97,52.18,170.39,0.252,0.217,2.76,155.9,1956.8,41.4,26.6,0.555,36.0,47.4,28.0,0.646,1817.2,0.634,0
2.88,36.86,115.52,0.255,0.238,2.52,271.6,445.2,9.3,350.8,0.458,26.2,46.5,35.8,0.48,3753.7,0.157,0
5.74,44.93,186.64,0.214,0.187,2.48,189.6,1974.3,34.3,4.3,0.687,27.2,71.7,36.5,0.742,146.9,0.244,0
93.41,190.38,864.37,0.526,0.415,6.91,626.3,798.2,30.8,290.4,0.328,28.0,80.5,43.2,0.294,167.5,0.202,1
209.61,399.6,1616.91,0.447,0.416,4.02,280.0,388.5,1.5,1.8,0.244,30.0,93.2,30.5,0.262,179.1,0.335,1
16.18,64.48,219.0,0.347,0.321,1.26,104.6,211.8,6.7,90.6,0.144,25.5,60.8,43.6,0.145,331.9,0.844,0
156.79,352.73,1051.65,0.432,0.371,6.56,402.5,127.4,10.6,335.8,0.351,36.6,87.5,10.9,0.289,426.5,0.099,1
184.37,528.19,1404.65,0.445,0.41,6.42,560.0,2107.4,29.9,156.2,0.134,19.6,79.0,11.3,0.179,141.8,0.124,1
61.2,168.75,729.98,0.532,0.405,7.57,565.0,2109.3,21.7,122.9,0.414,22.8,94.4,25.7,0.494,387.0,0.828,1
14.25,60.0,213.83,0.174,0.146,1.08,102.5,92.5,9.3,236.5,0.681,37.2,42.4,37.7,0.727,2754.0,0.932,0
14.53,64.98,323.77,0.149,0.117,1.35,119.6,1791.9,42.0,276.2,0.449,22.8,50.6,39.2,0.522,2.9,0.868,0
119.09,331.98,1202.86,0.453,0.416,7.74,392.6,642.7,38.5,330.6,0.526,35.1,92.2,22.9,0.628,70.8,0.318,1
187.1,382.22,1405.45,0.373,0.352,8.47,467.8,564.6,32.0,328.3,0.672,32.1,81.7,43.7,0.692,150.9,0.167,1
4.28,34.75,208.1,0.202,0.189,2.42,101.3,1409.4,22.9,251.4,0.187,34.4,45.9,42.3,0.127,2288.2,0.771,0
6.26,49.37,230.65,0.115,0.098,1.7,116.5,1150.2,22.2,16.3,0.458,31.4,46.5,20.3,0.523,45.0,0.552,0
14.5,66.52,256.31,0.2,0.171,0.85,52.4,481.0,12.3,111.5,0.334,26.3,67.1,25.3,0.389,3042.5,0.548,0
111.6,272.65,883.93,0.465,0.434,5.25,244.5,24.1,10.6,108.7,0.481,37.6,83.7,23.8,0.609,636.3,0.286,1
96.92,225.42,583.71,0.487,0.436,5.72,539.5,813.1,33.4,115.7,0.184,18.1,94.3,43.8,0.195,472.6,0.558,1
17.97,74.86,296.01,0.264,0.202,2.86,277.8,1019.5,41.6,38.3,0.334,29.0,48.8,37.2,0.389,410.9,0.308,0
6.48,46.84,148.39,0.278,0.215,2.6,242.0,1193.3,26.0,14.8,0.558,24.8,48.8,25.8,0.59,1862.6,0.438,0
46.56,154.39,592.15,0.504,0.474,3.58,209.8,1026.4,36.1,83.5,0.472,29.4,88.1,6.1,0.476,4.7,0.436,1
139.13,390.97,978.11,0.414,0.341,8.04,725.8,957.1,39.0,210.1,0.583,36.7,85.3,6.4,0.687,235.0,0.652,1
15.19,67.93,364.42,0.225,0.178,1.7,119.9,2408.6,19.5,1.1,0.391,37.3,67.9,14.6,0.467,1715.8,0.888,0
227.03,474.18,1792.24,0.404,0.362,4.25,173.6,2300.7,17.3,319.5,0.21,24.3,93.3,33.5,0.161,402.6,0.621,1
153.33,433.75,1894.37,0.471,0.436,5.67,665.2,984.1,39.7,331.7,0.249,36.8,78.0,16.7,0.28,1211.0,0.342,1
39.63,147.66,360.95,0.229,0.181,1.11,108.1,2354.1,42.1,221.0,0.6,37.7,53.4,6.4,0.631,2771.7,0.867,0
220.95,474.11,1980.12,0.393,0.315,3.76,222.2,226.9,7.3,18.5,0.329,27.6,85.8,32.6,0.397,162.3,0.308,1
7.31,49.17,251.14,0.171,0.159,0.8,52.1,41.7,9.7,352.7,0.365,20.6,65.1,27.7,0.391,1367.4,0.641,0
231.6,599.12,1307.72,0.406,0.305,7.19,803.9,833.8,37.1,222.8,0.641,37.4,77.7,41.0,0.703,499.2,0.582,1
92.8,225.78,1096.86,0.532,0.496,6.06,365.9,471.3,5.2,191.0,0.242,35.9,97.7,41.3,0.308,369.2,0.156,1
66.0,229.18,698.15,0.454,0.344,4.43,209.9,1764.0,15.4,171.7,0.629,31.2,86.0,44.8,0.719,186.0,0.495,1
46.69,131.65,394.07,0.481,0.37,8.13,872.6,1569.4,40.6,47.2,0.177,18.6,85.6,16.9,0.135,232.9,0.659,1
27.91,79.12,306.41,0.282,0.26,0.84,80.5,2436.5,34.7,287.1,0.195,25.1,48.4,16.9,0.217,1388.1,0.63,0
42.76,106.97,244.59,0.386,0.309,4.67,389.4,1887.2,35.4,178.4,0.331,21.1,83.9,44.2,0.37,304.0,0.651,1
130.54,269.18,1199.36,0.537,0.427,7.18,605.6,992.9,32.3,7.2,0.633,21.8,92.6,43.9,0.651,60.0,0.828,1
6.86,41.79,157.66,0.203,0.187,1.63,154.9,679.4,31.8,54.9,0.571,31.7,69.9,13.1,0.647,722.2,0.421,0
54.53,163.54,597.56,0.521,0.447,4.09,461.9,145.8,3.7,103.1,0.597,25.8,81.4,23.6,0.683,376.1,0.803,1
195.22,386.56,1435.41,0.384,0.315,5.72,605.5,667.9,33.9,329.2,0.222,24.8,82.9,27.2,0.171,273.5,0.875,1
3.94,17.63,97.9,0.304,0.271,1.39,81.8,464.0,8.4,165.4,0.735,27.3,42.1,41.6,0.777,2476.4,0.518,0
194.71,368.47,1029.29,0.389,0.355,8.09,739.9,2099.3,23.0,338.6,0.162,21.2,79.9,9.9,0.191,59.4,0.878,1
131.81,304.01,1199.35,0.481,0.443,8.35,782.9,821.4,23.3,98.9,0.17,26.8,98.0,16.1,0.204,46.5,0.859,1
3.1,39.8,116.5,0.35,0.271,2.87,303.2,1712.4,21.3,354.3,0.334,36.7,64.9,15.7,0.358,4850.6,0.803,0
95.73,205.67,820.5,0.509,0.441,7.42,837.1,1623.3,40.9,343.9,0.444,33.9,80.0,42.2,0.535,293.7,0.625,1
17.39,66.75,337.32,0.255,0.226,1.24,55.5,157.8,4.6,256.2,0.589,18.8,64.1,11.4,0.652,1673.7,0.473,0
27.26,116.69,320.06,0.167,0.129,2.03,96.8,66.2,13.3,272.4,0.53,26.6,58.9,27.2,0.577,1958.3,0.27,0
13.8,40.42,94.86,0.207,0.181,2.76,131.4,1118.2,44.6,8.7,0.677,35.2,51.3,30.1,0.777,83.2,0.458,0
85.97,236.46,860.08,0.499,0.378,8.35,796.7,2315.3,16.2,82.8,0.489,23.0,88.7,22.1,0.636,92.3,0.872,1
113.84,335.66,750.03,0.535,0.438,5.47,624.4,1601.8,28.5,70.2,0.147,34.8,87.2,5.6,0.172,18.6,0.312,1
10.31,60.49,215.52,0.276,0.217,2.75,238.5,2143.6,21.4,345.4,0.405,29.8,71.0,8.8,0.448,504.3,0.822,0
22.34,88.72,269.58,0.245,0.211,2.43,207.9,119.5,5.1,147.2,0.602,18.2,70.6,19.0,0.629,609.3,0.434,0
59.17,159.45,554.06,0.402,0.317,6.16,660.8,952.1,19.9,216.6,0.414,35.7,92.5,38.6,0.443,35.6,0.763,1
13.57,40.25,151.97,0.162,0.147,1.89,226.0,156.6,6.7,97.1,0.183,35.9,54.1,15.5,0.125,1066.1,0.387,0
62.67,138.95,499.76,0.474,0.367,7.54,870.2,859.1,23.0,91.7,0.555,34.5,93.9,14.9,0.609,523.3,0.137,1
115.94,359.77,1256.46,0.42,0.379,4.34,384.3,717.6,18.7,150.8,0.574,28.5,79.4,44.8,0.605,131.0,0.401,1
66.52,164.43,661.37,0.523,0.402,7.03,842.2,2304.5,43.4,114.4,0.595,32.6,97.4,38.5,0.639,1013.2,0.854,1
138.63,467.8,2085.07,0.376,0.315,4.25,416.3,2047.2,18.8,270.5,0.324,20.6,90.5,13.7,0.389,49.4,0.467,1
11.5,59.88,274.57,0.195,0.173,1.54,148.0,2017.9,29.0,224.0,0.545,35.2,44.2,12.3,0.611,1806.7,0.393,0
204.23,410.9,1229.26,0.405,0.317,6.01,287.6,72.0,1.2,249.8,0.579,37.0,92.4,31.9,0.697,123.9,0.947,1
47.56,122.85,382.51,0.455,0.41,5.56,354.7,1274.5,40.3,194.3,0.352,24.6,88.7,26.5,0.451,133.2,0.527,1
78.31,183.52,683.54,0.427,0.402,5.18,449.3,252.1,7.6,325.0,0.371,23.2,84.7,9.0,0.398,685.3,0.078,1
40.45,121.49,545.08,0.279,0.23,2.19,209.7,2165.6,31.7,23.2,0.42,22.9,67.9,10.0,0.498,1501.0,0.155,0
128.9,423.43,1685.52,0.447,0.336,3.94,221.2,1135.8,24.4,269.9,0.497,24.8,82.7,26.6,0.562,32.3,0.329,1
18.9,62.48,193.36,0.153,0.13,1.4,146.3,252.0,7.1,86.4,0.297,19.6,54.5,26.7,0.357,3591.7,0.814,0
3.82,34.68,217.62,0.237,0.22,2.33,256.8,2459.3,32.8,224.3,0.206,33.8,49.8,34.6,0.238,559.6,0.477,0
11.52,45.6,248.03,0.342,0.302,2.89,312.9,727.4,32.7,333.3,0.26,24.4,60.1,15.9,0.263,366.1,0.094,0
152.88,366.44,861.57,0.493,0.439,8.39,696.2,507.3,25.7,111.9,0.448,19.6,89.0,21.6,0.506,17.4,0.233,1
79.98,253.71,998.7,0.52,0.472,7.66,514.7,1415.8,41.4,347.0,0.586,37.8,95.5,44.1,0.618,101.1,0.169,1
73.18,223.59,672.88,0.489,0.455,4.85,521.1,1216.3,31.6,63.4,0.668,22.3,81.0,41.9,0.817,329.5,0.751,1
156.95,393.96,1319.79,0.486,0.377,7.94,788.8,693.5,33.1,343.9,0.683,34.4,95.6,29.8,0.792,174.8,0.275,1
1.58,28.83,159.39,0.263,0.228,1.6,68.8,1846.0,28.0,15.0,0.473,27.8,49.6,35.1,0.669,2113.6,0.431,0
94.76,251.75,619.88,0.547,0.508,6.95,556.5,730.8,22.0,118.3,0.662,25.5,80.7,40.7,0.72,511.7,0.557,1
23.12,57.06,268.42,0.349,0.316,2.59,273.7,869.2,21.7,251.4,0.27,31.4,52.3,27.7,0.345,36.3,0.802,0
181.83,418.83,1751.77,0.356,0.285,8.38,716.8,1752.9,33.9,304.0,0.387,35.2,87.3,44.0,0.521,70.4,0.395,1
95.21,276.62,762.52,0.486,0.449,3.75,230.4,1432.8,15.4,60.2,0.243,19.1,95.3,15.7,0.281,366.7,0.103,1
139.49,377.67,1014.67,0.384,0.311,4.66,192.7,729.1,43.0,336.3,0.189,18.9,80.5,11.8,0.211,519.6,0.109,1
93.42,218.09,739.38,0.486,0.404,6.15,357.6,2307.7,28.1,56.4,0.534,37.7,97.1,26.1,0.571,84.4,0.175,1
27.52,72.86,358.39,0.248,0.196,2.54,225.8,1799.9,40.8,312.6,0.253,23.4,68.7,22.0,0.236,8281.9,0.795,0
17.34,34.64,135.05,0.212,0.196,2.7,162.5,762.5,28.0,318.5,0.467,19.1,65.5,24.1,0.56,702.4,0.432,0
158.84,322.53,1351.99,0.504,0.387,7.2,294.6,2158.0,18.5,265.6,0.147,24.6,75.3,8.9,0.188,159.4,0.68,1
17.38,64.66,308.12,0.281,0.267,2.1,96.0,788.8,18.2,320.7,0.207,21.6,45.0,43.8,0.282,3434.6,0.728,0
8.5,36.67,184.91,0.127,0.103,0.91,64.2,2439.4,15.0,29.9,0.299,27.0,74.9,27.3,0.386,164.5,0.789,0
13.62,63.52,189.2,0.233,0.208,0.54,41.4,2270.9,23.7,333.2,0.357,35.6,40.9,39.0,0.32,1623.1,0.437,0
135.8,330.04,972.54,0.377,0.292,4.55,457.8,1008.6,28.0,166.9,0.266,35.9,76.0,32.3,0.302,976.3,0.199,1
22.06,77.52,200.76,0.342,0.29,2.88,239.6,1661.0,15.7,106.4,0.57,24.2,65.7,12.2,0.637,818.1,0.806,0
9.78,52.47,174.48,0.176,0.133,1.98,202.2,1343.5,28.6,2.2,0.14,27.5,72.8,21.6,0.18,1840.8,0.523,0
80.26,221.32,910.08,0.525,0.486,6.15,319.7,2043.8,18.9,205.4,0.461,28.8,97.2,6.6,0.459,203.5,0.469,1
82.37,156.91,381.29,0.486,0.408,4.8,326.3,2157.4,31.2,22.5,0.118,23.0,94.3,24.9,0.153,482.6,0.695,1
4.9,17.44,62.43,0.132,0.119,1.2,98.0,1579.4,33.5,4.4,0.688,21.4,71.2,12.0,0.742,1882.6,0.792,0
26.33,76.28,324.87,0.181,0.168,1.16,47.8,1393.4,30.2,150.3,0.509,27.5,54.3,5.4,0.531,144.9,0.71,0
3.42,26.13,181.2,0.274,0.209,1.02,119.5,855.1,30.5,21.9,0.545,26.1,53.1,34.0,0.569,389.8,0.184,0
12.34,42.96,159.58,0.108,0.092,0.67,75.8,2251.1,19.9,304.7,0.556,36.0,71.2,40.1,0.558,421.2,0.695,0
18.98,58.14,259.12,0.178,0.14,2.39,222.8,1519.3,33.0,16.5,0.449,34.9,65.4,30.2,0.526,1262.0,0.097,0
137.98,463.32,1622.1,0.42,0.32,6.34,361.7,178.1,7.6,202.4,0.173,31.3,75.4,11.8,0.065,67.3,0.846,1
254.43,518.28,1948.86,0.373,0.326,8.02,409.1,1674.7,44.3,190.2,0.373,23.7,86.5,19.3,0.44,285.8,0.883,1
72.39,265.38,1165.01,0.398,0.307,7.66,851.1,540.1,25.5,202.2,0.587,25.4,90.8,11.1,0.646,91.5,0.526,1
19.19,88.85,217.84,0.214,0.182,2.84,178.7,362.0,13.5,47.6,0.738,21.5,53.9,16.8,0.797,371.0,0.242,0
112.07,372.73,1327.24,0.454,0.358,8.09,567.0,2465.1,28.2,317.6,0.3,23.4,75.5,24.4,0.374,400.3,0.354,1
19.28,62.79,322.7,0.12,0.094,0.98,70.2,2242.4,19.1,234.9,0.515,37.7,41.7,19.2,0.531,299.2,0.849,0
70.67,130.78,600.8,0.368,0.315,7.1,405.0,1822.1,37.2,281.7,0.739,29.0,78.6,35.6,0.781,429.2,0.916,1
94.06,209.47,529.2,0.422,0.363,6.72,658.5,1471.8,25.3,305.2,0.473,34.4,85.3,22.0,0.467,73.4,0.102,1
31.59,85.36,282.19,0.124,0.093,0.63,53.9,968.9,37.8,322.1,0.623,23.5,62.3,9.7,0.62,128.1,0.062,0
54.72,126.52,359.85,0.373,0.317,7.39,821.1,797.9,26.4,260.1,0.484,26.2,78.1,28.1,0.531,476.7,0.544,1
2.0,19.06,114.77,0.114,0.101,1.47,84.6,847.9,20.3,261.5,0.382,30.0,67.0,23.9,0.52,941.6,0.231,0
129.26,419.19,1805.56,0.453,0.401,8.09,543.0,1137.0,40.6,53.8,0.54,19.0,89.9,14.9,0.568,306.3,0.766,1
12.16,28.21,140.96,0.335,0.308,1.9,150.9,861.6,16.6,61.0,0.661,36.0,46.1,29.1,0.743,2016.9,0.934,0
18.34,64.3,196.21,0.314,0.292,1.73,134.9,569.6,26.0,271.2,0.609,34.9,70.6,16.2,0.599,889.9,0.129,0
170.36,520.12,1206.72,0.408,0.356,6.98,827.8,2281.7,35.2,79.1,0.67,37.6,97.3,30.6,0.739,52.5,0.087,1
15.27,46.37,208.47,0.151,0.128,1.54,135.3,1899.5,41.6,199.0,0.718,25.7,54.2,14.6,0.801,244.0,0.43,0
105.58,259.28,1205.01,0.383,0.303,7.49,545.4,1606.6,19.8,97.8,0.584,20.5,97.9,5.5,0.679,223.4,0.342,1
26.77,71.97,332.23,0.139,0.108,2.82,177.4,1112.4,17.9,92.0,0.645,31.6,58.9,37.8,0.648,4687.1,0.397,0
120.91,412.24,1721.8,0.424,0.37,3.99,344.1,2012.8,24.1,162.3,0.271,20.6,78.1,27.5,0.347,21.3,0.343,1
118.35,339.4,1068.15,0.402,0.378,5.16,431.6,410.9,11.4,59.5,0.202,24.2,95.7,27.9,0.16,941.1,0.155,1
108.15,331.87,1519.63,0.375,0.302,5.08,409.9,356.8,2.3,304.6,0.35,22.3,91.8,5.2,0.505,108.4,0.85,1
13.6,61.25,325.99,0.229,0.176,0.64,74.2,2385.6,22.1,53.3,0.302,30.7,57.9,11.3,0.327,665.9,0.054,0
4.48,29.37,156.7,0.206,0.172,1.69,135.4,2356.5,33.7,280.3,0.369,30.9,68.5,21.5,0.509,215.8,0.169,0
8.8,53.53,288.99,0.137,0.103,2.44,142.4,1674.5,34.7,168.8,0.192,24.6,71.5,43.6,0.289,203.4,0.258,0
26.67,102.22,326.81,0.205,0.176,1.98,103.8,1169.4,39.2,74.4,0.373,32.9,55.2,33.9,0.376,1733.7,0.427,0
156.09,555.34,2081.65,0.398,0.303,5.41,610.4,2225.2,33.1,123.3,0.633,33.7,78.6,10.6,0.632,156.9,0.197,1
161.87,460.67,2090.35,0.514,0.481,7.34,879.9,1852.1,42.6,153.5,0.133,31.7,91.2,23.0,0.153,36.6,0.395,1
96.61,271.0,747.74,0.445,0.411,5.88,513.7,1924.3,35.8,100.3,0.265,19.2,75.4,26.7,0.249,410.4,0.114,1
134.17,284.95,1192.72,0.475,0.367,7.21,707.9,1630.1,22.3,291.5,0.357,20.9,86.7,21.0,0.467,88.7,0.48,1
211.7,529.29,1883.35,0.392,0.305,7.89,581.0,2305.1,43.2,127.2,0.477,25.6,84.9,11.8,0.61,1009.4,0.624,1
210.89,714.56,3179.4,0.433,0.408,6.78,739.1,784.4,20.7,176.6,0.383,26.7,79.0,31.1,0.423,170.1,0.804,1
32.49,89.3,326.65,0.176,0.161,0.98,66.6,673.4,20.6,10.3,0.122,24.6,43.6,24.6,0.158,161.2,0.671,0
52.94,208.83,849.74,0.412,0.387,7.43,308.8,1474.3,37.3,81.1,0.515,29.1,83.2,42.7,0.568,158.3,0.259,1
100.07,315.71,717.92,0.417,0.341,6.02,258.9,883.0,30.6,29.4,0.563,24.0,82.6,33.2,0.525,209.6,0.622,1
204.68,545.93,1494.8,0.511,0.395,7.56,801.5,150.7,3.0,327.1,0.175,26.4,97.4,10.3,0.28,200.6,0.274,1
9.75,39.12,163.24,0.258,0.225,1.59,117.4,2405.3,18.4,310.1,0.109,18.4,63.4,16.3,0.062,2180.8,0.541,0
8.88,48.14,176.33,0.24,0.226,0.92,108.4,2259.9,20.1,101.1,0.46,25.1,46.5,23.2,0.477,1260.8,0.676,0
12.17,42.43,204.32,0.233,0.181,2.49,182.8,35.9,10.6,175.6,0.663,31.9,52.3,27.3,0.792,2333.1,0.443,0
135.47,329.84,764.84,0.497,0.454,4.36,503.9,2171.7,32.6,116.9,0.587,28.1,86.3,27.7,0.563,28.1,0.179,1
36.91,117.87,330.14,0.361,0.297,5.77,447.6,1299.5,36.9,279.6,0.426,32.5,96.8,23.1,0.466,842.7,0.162,1
2.28,50.93,138.43,0.27,0.208,1.48,144.8,1267.6,18.8,83.6,0.328,30.2,45.5,40.0,0.327,285.8,0.319,0
116.55,310.81,1033.66,0.49,0.412,5.59,354.6,426.8,2.2,292.4,0.116,37.6,77.0,20.6,0.148,15.1,0.279,1
15.36,70.47,203.77,0.185,0.157,2.79,233.9,499.8,6.0,64.8,0.609,23.4,42.0,36.0,0.661,2895.5,0.115,0
20.36,56.79,329.45,0.155,0.116,2.51,165.7,709.5,30.3,105.0,0.248,20.1,55.6,19.0,0.332,1489.6,0.104,0
18.48,77.97,270.42,0.241,0.203,2.71,254.8,1394.8,26.2,319.9,0.742,20.7,50.0,16.4,0.87,434.2,0.155,0
78.75,235.81,1030.24,0.363,0.319,8.46,492.4,1212.1,17.9,102.9,0.147,23.4,79.8,18.8,0.226,487.4,0.742,1
238.69,642.22,2565.02,0.477,0.43,8.37,574.7,697.8,35.5,327.9,0.678,29.5,94.7,32.1,0.796,21.8,0.776,1
42.02,161.84,666.24,0.338,0.26,1.17,106.0,2017.0,32.9,48.7,0.261,33.5,56.0,20.3,0.333,77.1,0.778,0
219.04,759.22,3289.36,0.503,0.465,6.33,406.9,885.5,27.6,227.4,0.686,18.8,83.6,12.8,0.689,366.2,0.116,1
13.84,47.4,260.82,0.278,0.217,2.73,170.0,500.2,42.8,100.3,0.383,37.3,54.7,27.8,0.535,2678.5,0.215,0
158.82,568.76,1378.28,0.485,0.427,7.12,501.4,1039.7,37.7,115.5,0.25,25.1,89.7,11.1,0.239,328.2,0.108,1
154.55,437.98,1905.01,0.354,0.305,8.25,740.0,1767.7,25.9,300.1,0.17,34.5,80.3,28.3,0.259,935.8,0.294,1
92.84,326.17,1116.61,0.505,0.468,8.45,563.3,815.9,16.6,206.2,0.181,31.4,89.9,27.4,0.188,1560.8,0.618,1
19.71,60.56,204.48,0.132,0.1,2.06,154.0,803.3,39.0,78.7,0.712,29.8,61.4,44.1,0.834,497.5,0.66,0
96.69,214.48,775.79,0.463,0.365,7.0,291.9,298.3,1.3,340.4,0.284,19.7,83.7,12.2,0.294,428.8,0.333,1
50.23,185.67,542.12,0.451,0.349,4.89,469.8,263.1,3.1,145.8,0.732,35.9,88.9,44.9,0.829,320.6,0.799,1
21.69,75.51,277.52,0.111,0.09,1.91,200.2,739.5,32.6,316.6,0.641,25.6,64.7,10.9,0.687,888.2,0.181,0
63.19,169.22,703.9,0.361,0.296,6.69,710.7,1801.8,34.8,328.3,0.58,35.8,88.0,38.9,0.518,804.7,0.114,1
5.12,24.64,110.43,0.24,0.185,2.08,174.4,1349.2,33.3,150.6,0.567,21.8,66.9,38.9,0.615,722.9,0.634,0
114.79,298.26,783.19,0.39,0.333,5.48,405.3,2064.1,23.4,148.9,0.679,37.3,97.6,14.4,0.835,108.4,0.088,1
13.78,61.06,323.08,0.138,0.107,1.82,99.9,1798.5,20.3,199.0,0.247,30.4,52.0,8.1,0.242,513.3,0.441,0
149.52,432.68,1410.77,0.447,0.342,8.16,754.9,1597.9,15.8,229.3,0.687,34.7,76.7,13.3,0.794,132.6,0.435,1
96.15,345.61,998.53,0.505,0.382,8.39,722.5,365.4,8.5,19.6,0.392,28.1,81.6,19.5,0.369,357.9,0.296,1
10.87,29.82,159.7,0.142,0.133,1.89,140.6,2288.3,41.7,24.4,0.59,29.9,47.6,22.5,0.639,1445.8,0.322,0
12.49,46.87,256.57,0.326,0.27,2.46,219.1,84.0,2.2,90.2,0.613,24.4,70.2,30.6,0.676,1089.3,0.836,0
13.02,35.52,66.52,0.133,0.107,2.2,255.7,2394.3,25.7,155.5,0.645,32.8,64.5,29.1,0.693,188.3,0.193,0
4.85,38.14,158.69,0.228,0.193,1.58,80.3,2010.7,21.4,235.7,0.392,36.1,55.7,35.0,0.403,431.1,0.882,0
41.37,144.95,686.0,0.232,0.181,2.88,337.2,638.2,27.0,70.6,0.264,32.3,73.7,32.9,0.235,409.9,0.494,0
122.98,406.98,1067.82,0.474,0.394,6.11,523.1,2463.9,18.1,109.9,0.664,27.4,88.1,6.0,0.774,126.1,0.921,1
27.06,71.71,286.49,0.106,0.083,1.08,115.0,1126.3,33.9,146.8,0.141,34.7,56.9,35.6,0.154,945.3,0.078,0
16.41,47.5,138.26,0.134,0.109,2.99,357.2,2013.4,21.8,100.6,0.474,28.0,50.5,27.1,0.427,230.5,0.15,0
169.74,382.84,1467.98,0.455,0.425,5.92,676.3,2331.1,24.5,138.7,0.598,26.8,87.6,42.8,0.553,149.3,0.265,1
0.71,17.86,105.55,0.116,0.09,1.22,88.0,1249.1,40.7,45.9,0.67,31.3,49.1,16.4,0.785,549.0,0.067,0
221.38,504.78,1804.67,0.432,0.365,8.27,633.6,1553.9,32.1,5.5,0.178,22.6,90.3,18.6,0.2,375.7,0.691,1
55.56,163.71,417.77,0.376,0.332,5.17,457.0,1640.3,19.0,71.0,0.403,27.5,89.5,19.7,0.41,1522.1,0.663,1
167.26,581.55,1552.07,0.473,0.442,4.88,443.8,1462.8,17.9,98.1,0.55,18.8,86.7,30.6,0.674,141.2,0.882,1
111.14,314.97,814.48,0.484,0.452,4.57,266.1,472.3,9.2,284.3,0.69,37.7,83.1,18.5,0.739,585.7,0.601,1
71.65,259.93,739.47,0.431,0.345,6.18,715.6,736.9,19.9,270.6,0.51,37.2,83.7,17.3,0.568,612.8,0.265,1
13.12,55.25,283.5,0.292,0.274,2.09,222.4,277.0,6.5,261.5,0.255,37.7,66.1,12.3,0.334,122.0,0.446,0
38.44,131.8,583.19,0.294,0.24,2.59,130.7,1094.8,33.1,345.8,0.189,35.6,57.7,18.9,0.257,3578.2,0.499,0
25.33,86.37,441.22,0.166,0.154,2.57,307.0,471.3,13.8,147.4,0.366,36.0,42.9,33.4,0.44,467.0,0.314,0
97.25,225.9,866.67,0.483,0.372,4.99,597.0,446.3,1.6,37.6,0.211,19.7,77.4,17.6,0.218,165.5,0.165,1
19.42,87.14,270.02,0.126,0.099,1.56,106.8,297.4,6.2,294.7,0.556,22.3,71.0,34.1,0.53,6725.5,0.197,0
86.03,213.48,639.96,0.493,0.377,7.69,829.9,1063.8,40.8,210.0,0.443,31.4,79.3,21.8,0.501,109.3,0.937,1
129.53,432.52,1266.73,0.439,0.355,7.83,476.5,240.5,4.8,359.9,0.259,22.0,77.0,33.6,0.313,827.2,0.762,1
164.16,414.98,1698.91,0.423,0.391,4.23,223.5,1826.5,16.0,122.2,0.502,19.0,82.2,40.4,0.471,17.9,0.619,1
119.52,310.97,840.91,0.536,0.419,5.03,545.0,2251.3,31.7,314.7,0.161,26.2,75.9,6.5,0.158,1011.2,0.401,1
8.75,33.48,204.9,0.149,0.119,2.15,182.4,790.0,19.0,309.6,0.51,36.6,46.5,19.1,0.561,4072.3,0.58,0
114.49,338.1,1428.63,0.389,0.309,7.73,347.1,2100.2,16.8,354.0,0.534,37.9,75.2,20.0,0.596,65.9,0.143,1
148.13,363.16,1694.06,0.425,0.342,5.51,586.9,1476.5,17.9,354.3,0.111,27.8,89.2,27.9,0.106,272.5,0.24,1
37.37,111.96,410.39,0.188,0.142,2.57,181.7,1020.6,18.3,357.1,0.536,30.2,47.4,25.2,0.503,1381.4,0.459,0
8.23,29.22,140.76,0.122,0.102,2.21,118.4,2032.5,34.7,329.1,0.31,24.9,61.1,32.4,0.293,2572.7,0.146,0
83.45,211.76,603.89,0.43,0.407,3.65,299.8,1971.6,32.5,93.9,0.131,23.6,93.7,5.2,0.197,486.0,0.939,1
111.65,320.88,1144.63,0.508,0.426,5.08,394.4,2351.4,24.6,158.9,0.377,36.6,77.1,41.8,0.364,260.6,0.921,1
42.33,133.24,656.03,0.504,0.46,7.28,759.5,2352.2,22.3,349.4,0.333,32.4,84.5,28.1,0.339,187.2,0.256,1
91.34,208.57,478.56,0.504,0.436,7.15,560.0,1746.1,15.0,143.6,0.557,22.4,75.3,31.8,0.511,1906.2,0.51,1
131.96,367.37,1023.62,0.424,0.319,7.92,737.5,2282.3,19.8,330.6,0.551,23.0,94.7,19.2,0.645,74.5,0.102,1
225.39,720.64,2017.59,0.431,0.374,6.46,441.6,146.5,1.1,272.4,0.382,32.4,81.0,14.4,0.415,502.9,0.071,1
11.29,60.43,307.53,0.21,0.197,1.96,95.8,482.5,2.5,311.8,0.527,26.0,69.4,32.5,0.528,1045.6,0.564,0
10.2,56.74,165.14,0.277,0.239,2.4,104.3,772.4,37.1,272.7,0.656,27.9,72.7,40.4,0.707,2282.5,0.259,0
17.77,32.7,171.9,0.265,0.227,0.77,50.6,1984.0,16.0,137.4,0.137,34.2,65.6,12.7,0.255,1418.6,0.06,0
201.53,647.41,1785.33,0.458,0.405,5.2,486.0,117.1,5.5,98.2,0.197,31.8,93.8,43.3,0.232,62.5,0.196,1
92.61,272.93,1192.23,0.52,0.48,4.3,175.5,1897.2,32.5,253.2,0.404,36.9,76.3,12.6,0.532,98.7,0.593,1
131.8,382.49,1263.88,0.509,0.439,5.69,340.9,1679.6,23.2,31.5,0.647,34.6,77.2,24.8,0.647,57.1,0.71,1
32.69,94.2,315.65,0.167,0.139,1.62,84.5,2195.9,28.1,66.5,0.429,23.3,66.3,16.6,0.465,1345.0,0.454,0
139.17,358.47,1412.66,0.37,0.28,3.56,274.2,127.5,6.5,10.8,0.219,29.1,86.8,30.2,0.186,393.6,0.678,1
197.48,482.45,2019.68,0.534,0.412,6.37,635.5,1557.4,29.6,102.1,0.716,23.3,96.7,9.5,0.771,314.1,0.349,1
160.51,471.1,1542.71,0.419,0.369,4.36,367.6,258.7,15.0,112.4,0.246,24.3,88.6,5.0,0.259,264.1,0.275,1
102.79,207.25,825.99,0.425,0.371,7.22,640.2,150.4,5.7,321.6,0.638,32.9,80.9,36.0,0.762,141.9,0.322,1
22.05,69.53,221.94,0.256,0.204,0.71,82.6,2369.5,31.4,274.1,0.75,25.7,72.2,38.1,0.868,1058.4,0.29,0
247.64,764.63,3401.98,0.533,0.477,4.32,330.8,563.7,40.0,246.9,0.497,27.6,80.0,25.3,0.571,88.5,0.084,1
26.3,64.57,186.05,0.201,0.162,1.55,163.1,480.9,2.4,286.9,0.226,31.4,72.7,24.2,0.169,978.9,0.878,0
17.7,57.65,201.08,0.228,0.185,2.8,189.2,2188.1,31.9,229.7,0.424,26.3,46.5,7.6,0.485,587.6,0.55,0
9.61,46.66,162.99,0.186,0.142,1.57,141.1,788.2,27.7,94.4,0.542,26.7,66.4,38.7,0.511,2152.0,0.367,0
177.95,351.59,898.08,0.438,0.376,4.94,501.6,2119.7,20.7,344.6,0.19,24.9,97.4,36.9,0.236,126.6,0.451,1
103.7,222.64,727.17,0.464,0.374,3.71,393.6,1678.8,44.2,49.0,0.735,27.1,77.5,38.1,0.828,36.8,0.371,1
247.62,527.84,1736.31,0.404,0.369,8.16,471.5,482.1,10.7,38.5,0.722,33.8,97.0,14.4,0.817,45.7,0.723,1
193.5,381.29,1290.33,0.402,0.366,7.8,471.3,1303.7,18.7,86.1,0.429,29.9,89.2,27.2,0.497,406.2,0.632,1
106.16,235.99,559.87,0.421,0.327,5.81,407.9,1655.6,36.4,308.3,0.63,19.3,81.4,38.1,0.779,106.7,0.938,1
96.15,250.26,712.9,0.403,0.315,7.62,457.1,1809.8,37.2,159.5,0.744,20.0,86.4,16.7,0.835,483.1,0.56,1
15.59,56.27,267.43,0.282,0.23,1.56,130.1,1210.1,19.7,142.6,0.535,18.3,46.9,39.7,0.599,1556.3,0.204,0
4.21,32.56,178.58,0.323,0.28,0.91,95.7,894.2,34.0,102.1,0.482,22.1,55.0,30.4,0.542,2115.3,0.65,0
5.79,25.18,124.95,0.219,0.179,1.18,61.9,2372.7,41.5,345.5,0.495,22.5,45.1,22.3,0.495,407.4,0.119,0
5.17,27.57,132.18,0.104,0.085,2.1,152.6,1049.4,39.0,277.6,0.446,19.4,51.8,20.8,0.521,272.9,0.303,0
13.32,39.82,151.46,0.248,0.193,2.38,234.0,1733.3,15.1,59.6,0.688,31.8,54.9,36.8,0.73,2958.3,0.238,0
6.0,48.92,261.84,0.305,0.249,1.28,123.1,2094.3,16.2,125.4,0.19,32.0,50.9,42.2,0.297,3805.2,0.32,0
11.62,38.0,214.61,0.234,0.198,2.97,175.8,430.4,9.4,129.8,0.413,28.6,67.0,6.0,0.425,1312.3,0.303,0
93.19,238.93,699.45,0.513,0.486,7.23,671.3,1212.5,25.6,80.7,0.11,30.9,75.7,8.3,0.089,25.1,0.698,1
3.47,46.11,237.69,0.344,0.315,0.88,102.7,1384.8,17.8,46.0,0.679,35.8,72.7,42.2,0.765,2498.1,0.479,0
5.68,41.38,161.23,0.192,0.174,2.67,240.4,1429.5,20.8,301.7,0.303,22.7,58.3,41.3,0.289,1715.3,0.103,0
38.34,130.43,304.73,0.3,0.259,2.12,140.6,381.1,4.6,187.4,0.407,27.1,68.1,41.2,0.425,666.9,0.672,0
88.56,326.85,1175.79,0.529,0.435,6.79,551.5,74.5,10.5,127.8,0.515,26.2,83.4,44.4,0.597,35.4,0.25,1
9.94,39.3,168.07,0.216,0.199,2.49,166.6,1666.0,21.6,21.9,0.179,34.4,52.3,39.1,0.24,775.1,0.474,0
9.55,34.73,194.27,0.136,0.112,3.0,247.5,1557.3,19.9,90.8,0.589,24.1,73.9,8.2,0.669,1805.3,0.595,0
85.95,245.72,996.02,0.404,0.351,5.61,601.6,1753.5,32.7,260.9,0.43,25.5,82.7,24.8,0.437,439.2,0.63,1
13.64,57.99,287.67,0.306,0.245,1.87,94.8,565.4,28.9,322.1,0.143,21.8,52.6,26.9,0.202,82.5,0.654,0
44.08,179.17,602.52,0.208,0.188,2.26,165.1,850.9,25.2,321.0,0.199,18.6,75.0,39.3,0.132,1346.3,0.79,0
29.38,118.06,436.47,0.291,0.248,0.87,78.5,1430.3,26.0,112.6,0.486,35.8,64.1,34.8,0.482,99.9,0.594,0
43.16,149.89,502.39,0.245,0.228,1.27,97.8,153.6,6.8,255.1,0.381,34.1,68.3,42.8,0.437,8.2,0.769,0
22.83,66.44,276.79,0.164,0.142,1.27,129.9,524.2,37.4,53.0,0.691,34.0,46.8,7.0,0.731,3598.6,0.214,0
20.9,85.99,345.96,0.331,0.259,1.32,69.8,2203.2,37.5,102.4,0.532,23.2,40.5,6.6,0.579,492.1,0.773,0
150.32,456.76,1906.05,0.507,0.481,4.6,505.7,393.9,11.3,185.7,0.487,20.7,75.5,42.3,0.573,163.0,0.713,1
209.04,698.63,1738.48,0.372,0.316,4.65,550.5,418.8,7.0,279.3,0.571,30.0,76.2,38.0,0.61,153.2,0.559,1
143.94,441.2,2001.46,0.528,0.422,8.12,558.5,1805.5,16.8,327.8,0.434,27.5,83.4,39.9,0.46,624.7,0.88,1
12.07,33.23,211.83,0.329,0.268,1.78,87.5,2209.9,17.6,339.2,0.413,22.9,55.0,41.9,0.402,425.5,0.895,0
276.17,724.16,2910.73,0.502,0.389,5.56,662.3,2427.7,43.7,58.5,0.736,33.5,92.9,34.2,0.828,660.6,0.41,1
8.11,35.86,222.48,0.102,0.078,1.8,122.6,2092.4,28.7,159.1,0.685,20.9,49.1,31.9,0.785,293.4,0.661,0
6.6,39.15,178.01,0.119,0.1,2.01,159.4,1783.8,21.0,243.3,0.216,34.4,58.5,13.0,0.309,58.1,0.532,0
88.91,197.85,501.33,0.525,0.493,4.04,240.3,2216.7,44.0,271.0,0.232,36.8,89.2,23.7,0.185,46.7,0.218,1
6.65,40.78,190.88,0.152,0.118,0.65,28.7,1258.0,29.3,181.7,0.272,32.9,64.0,42.4,0.245,1081.2,0.514,0
36.9,130.4,626.12,0.147,0.136,2.54,127.0,735.5,35.6,20.5,0.575,31.4,58.8,18.3,0.573,1826.7,0.082,0
67.44,186.45,503.22,0.406,0.369,8.17,482.0,1803.2,43.7,288.5,0.708,25.0,84.1,20.2,0.717,133.4,0.197,1
99.32,314.82,711.8,0.537,0.489,5.09,605.4,1022.8,42.9,310.3,0.181,21.4,85.5,10.8,0.258,571.3,0.167,1
16.61,73.47,207.11,0.307,0.274,2.5,259.7,946.9,43.9,320.8,0.747,22.4,67.3,27.6,0.754,690.9,0.936,0
131.82,284.0,854.75,0.361,0.314,4.78,351.9,1070.2,40.2,315.2,0.311,25.0,83.8,13.0,0.298,157.7,0.728,1
140.1,352.38,1549.65,0.507,0.393,5.46,357.8,1566.4,36.0,271.4,0.324,27.1,77.7,33.3,0.351,73.4,0.143,1
26.5,100.12,274.37,0.206,0.178,2.54,130.7,2256.7,21.3,149.6,0.447,36.2,65.6,40.8,0.452,1177.5,0.306,0
3.57,35.68,167.26,0.206,0.169,2.06,162.6,2380.5,20.5,64.7,0.163,26.7,55.0,43.3,0.228,2627.6,0.442,0
10.02,55.48,282.61,0.165,0.128,2.9,326.0,1639.2,25.6,47.4,0.7,36.2,67.4,28.3,0.783,1690.0,0.747,0
3.73,23.03,134.98,0.252,0.23,2.19,262.1,99.6,13.3,255.0,0.113,22.8,71.7,13.0,0.104,62.8,0.249,0
12.11,33.89,93.5,0.115,0.099,1.9,213.3,1024.6,22.4,280.3,0.105,34.3,71.7,36.6,0.172,1504.9,0.511,0
71.62,193.21,745.76,0.512,0.46,4.42,199.9,333.3,12.6,234.8,0.731,30.7,86.5,8.0,0.842,441.1,0.471,1
114.65,243.83,1128.11,0.408,0.345,7.47,393.3,1400.0,32.3,206.2,0.361,21.9,89.9,33.2,0.465,1446.5,0.545,1
33.68,72.1,197.96,0.365,0.314,6.83,350.7,994.8,21.9,212.3,0.261,20.5,97.4,30.4,0.196,54.3,0.86,1
14.74,47.21,134.78,0.343,0.306,0.53,28.1,1846.5,32.4,23.6,0.28,18.1,58.3,17.0,0.305,26.2,0.435,0
169.35,485.38,2088.36,0.461,0.369,5.59,279.4,1506.8,34.5,101.6,0.421,24.8,93.1,38.7,0.446,230.7,0.95,1
219.9,460.72,1732.58,0.44,0.404,6.42,306.2,465.3,14.2,61.4,0.682,23.0,77.5,11.8,0.745,79.4,0.443,1
55.34,190.27,751.24,0.451,0.376,5.59,380.1,392.3,14.0,163.6,0.585,36.9,85.2,41.8,0.657,27.9,0.449,1
35.56,120.7,581.5,0.154,0.137,0.72,37.9,259.3,4.5,27.9,0.213,32.9,62.0,12.8,0.247,740.3,0.128,0
91.73,316.64,1296.96,0.522,0.426,6.65,343.2,1859.0,18.6,119.1,0.322,19.7,93.2,24.3,0.375,130.1,0.482,1
3.94,28.22,136.86,0.15,0.134,1.92,157.7,837.1,18.4,315.2,0.376,32.4,40.6,39.0,0.4,1104.0,0.749,0
32.43,86.54,296.66,0.105,0.08,2.3,129.6,1106.4,19.5,35.3,0.743,23.3,69.6,18.6,0.8,965.2,0.274,0
11.54,52.29,179.07,0.243,0.228,2.78,112.4,1075.4,37.7,203.5,0.606,33.9,74.3,43.5,0.673,2710.0,0.627,0
137.36,384.04,1089.1,0.427,0.387,4.04,386.5,1650.9,38.0,94.4,0.419,27.1,83.3,25.5,0.412,464.6,0.597,1
91.24,237.83,802.77,0.467,0.412,7.38,489.4,124.8,8.1,133.5,0.261,22.3,87.3,20.5,0.31,33.0,0.52,1
8.01,32.92,140.04,0.261,0.213,0.56,55.6,893.6,15.8,107.9,0.201,34.8,47.5,21.8,0.287,4850.0,0.629,0
24.39,76.49,334.85,0.262,0.24,2.73,304.8,251.1,14.9,22.4,0.211,37.2,48.9,8.7,0.3,2027.7,0.63,0
6.3,39.18,149.1,0.297,0.268,1.99,226.5,130.8,9.3,24.9,0.317,27.8,69.3,18.5,0.317,188.6,0.175,0
24.72,50.22,213.7,0.184,0.155,2.61,141.7,213.4,6.7,169.1,0.443,26.2,45.4,15.6,0.45,2702.6,0.882,0
10.09,42.9,206.44,0.34,0.268,1.14,106.8,1059.1,20.0,304.9,0.211,31.0,72.6,6.6,0.241,3071.1,0.509,0
5.57,33.5,197.44,0.155,0.122,1.43,65.9,1738.1,17.5,335.7,0.578,22.9,54.9,43.1,0.707,574.8,0.825,0
83.14,301.61,1135.34,0.501,0.424,7.44,573.6,1162.9,36.0,81.5,0.708,36.7,93.3,18.5,0.738,192.9,0.361,1
18.78,57.63,236.34,0.328,0.297,0.7,51.7,619.2,36.8,323.1,0.443,30.8,54.8,14.8,0.491,533.1,0.329,0
15.71,61.05,299.22,0.11,0.098,2.57,144.4,1631.5,43.8,17.3,0.337,32.7,74.9,37.8,0.314,4283.2,0.908,0
38.29,110.61,378.25,0.258,0.219,1.24,126.7,513.2,40.3,302.4,0.554,33.7,53.0,10.2,0.745,338.8,0.434,0
104.14,237.47,974.21,0.382,0.302,4.05,457.6,952.7,15.7,197.9,0.549,34.0,77.4,35.4,0.612,270.4,0.786,1
131.54,428.65,1908.43,0.43,0.343,4.31,261.6,2380.4,39.4,31.1,0.631,32.9,97.9,40.7,0.788,304.5,0.356,1
120.14,307.05,759.07,0.391,0.298,6.2,371.6,2075.1,44.0,27.7,0.707,23.6,89.2,17.2,0.759,84.7,0.914,1
6.8,37.18,245.0,0.24,0.189,0.62,34.3,2284.7,30.8,51.2,0.322,31.2,46.2,30.9,0.41,2091.9,0.665,0
115.12,256.68,1098.76,0.457,0.344,5.86,556.3,404.0,8.8,17.3,0.185,30.2,85.2,17.6,0.172,997.9,0.23,1
10.62,46.54,170.74,0.137,0.121,2.03,90.1,1555.7,22.0,254.5,0.689,36.3,43.3,25.8,0.787,1683.9,0.634,0
157.18,326.59,1026.58,0.357,0.31,6.32,285.0,781.8,40.1,221.9,0.219,32.9,86.3,16.4,0.226,170.8,0.353,1
140.87,443.87,1919.57,0.547,0.519,3.83,206.5,2042.9,44.0,301.9,0.33,29.2,93.9,21.6,0.337,637.4,0.181,1
202.29,545.36,1210.96,0.538,0.486,7.94,663.9,1141.7,43.7,174.9,0.374,36.5,88.7,31.3,0.433,379.4,0.108,1
202.28,532.03,1652.86,0.464,0.371,6.64,399.8,1843.7,29.9,210.0,0.659,35.2,76.6,29.0,0.723,258.1,0.29,1
124.12,227.28,942.54,0.446,0.398,7.98,949.2,786.2,33.5,51.7,0.48,23.9,89.0,7.0,0.459,46.6,0.914,1
6.21,63.98,290.99,0.22,0.165,1.41,100.7,180.8,3.4,187.6,0.489,36.5,70.8,23.6,0.523,1571.7,0.632,0
129.36,364.35,953.77,0.354,0.335,3.51,272.4,1882.9,27.7,113.4,0.601,27.3,76.4,9.7,0.585,886.6,0.942,1
11.79,50.18,147.68,0.339,0.296,2.0,90.6,1509.2,43.2,162.5,0.749,23.5,68.1,18.9,0.793,1281.8,0.117,0
97.2,317.06,1305.82,0.449,0.348,6.33,610.5,2167.8,39.6,301.2,0.727,21.4,76.6,40.8,0.774,271.3,0.642,1
5.84,38.43,153.26,0.316,0.269,1.96,201.6,297.9,1.0,241.8,0.185,31.7,45.3,5.4,0.21,842.1,0.488,0
30.27,81.73,234.82,0.217,0.203,1.72,115.1,2424.4,19.0,21.9,0.74,30.9,65.2,15.8,0.801,327.9,0.912,0
16.39,62.41,185.09,0.218,0.201,1.03,101.3,2283.4,31.8,345.2,0.571,30.0,43.3,27.3,0.669,789.0,0.101,0
8.57,32.61,173.9,0.301,0.244,1.85,107.5,1634.8,31.1,92.7,0.514,34.5,48.7,17.8,0.613,496.5,0.554,0
3.01,33.57,203.27,0.197,0.163,0.59,61.3,1318.6,15.6,165.3,0.358,37.7,59.5,29.2,0.412,1667.1,0.148,0
116.29,280.21,1189.72,0.428,0.394,6.75,562.6,1003.9,28.7,169.0,0.745,20.6,82.0,23.9,0.864,38.6,0.833,1
13.84,63.0,183.5,0.232,0.216,1.72,123.7,245.1,11.6,233.4,0.305,34.5,58.1,22.7,0.293,5379.9,0.893,0
5.83,39.33,229.51,0.252,0.235,2.88,281.3,2322.7,28.4,304.1,0.716,32.4,57.7,36.1,0.865,1248.3,0.431,0
52.21,150.68,671.4,0.486,0.457,6.86,611.5,495.9,1.6,101.6,0.331,27.2,93.9,11.6,0.298,56.8,0.654,1
8.91,43.14,139.26,0.27,0.23,0.55,45.8,899.1,36.1,106.2,0.192,24.9,50.3,32.6,0.152,346.9,0.654,0
101.11,354.01,787.68,0.474,0.437,3.55,201.9,472.5,8.0,80.2,0.509,30.5,85.2,31.4,0.588,274.6,0.335,1
104.64,273.93,1201.78,0.365,0.299,7.7,831.2,660.5,23.4,273.6,0.671,32.5,90.0,38.9,0.824,880.3,0.34,1
78.7,230.1,582.44,0.362,0.332,8.48,631.9,987.4,43.1,229.0,0.716,27.9,90.8,18.1,0.791,116.9,0.677,1
194.49,532.93,1915.1,0.436,0.357,7.83,592.4,1745.0,30.3,75.5,0.632,23.1,75.2,32.6,0.775,581.0,0.732,1
21.08,79.71,322.82,0.101,0.088,1.85,103.7,2029.7,44.4,160.9,0.358,32.4,53.8,32.9,0.38,6094.1,0.92,0
151.33,438.86,1863.57,0.455,0.384,5.26,602.2,155.1,13.1,146.2,0.604,20.6,77.3,24.1,0.644,433.8,0.797,1
18.89,41.06,172.19,0.169,0.157,2.15,181.7,2040.1,23.4,193.4,0.114,21.9,58.7,22.6,0.151,2065.4,0.577,0
25.07,91.09,385.08,0.261,0.199,1.43,110.3,1984.8,23.0,295.6,0.219,30.0,40.0,33.3,0.266,887.6,0.64,0
178.9,394.88,1715.87,0.495,0.465,6.56,775.5,345.9,8.2,321.3,0.473,27.0,90.7,23.7,0.629,1231.5,0.058,1
4.39,28.11,172.5,0.105,0.089,1.99,138.0,693.3,30.3,78.3,0.285,30.2,61.7,12.1,0.302,257.4,0.854,0
157.25,344.15,1233.09,0.455,0.385,6.08,258.7,219.5,4.1,217.1,0.538,34.2,84.9,37.6,0.544,56.3,0.347,1
142.99,464.64,1520.82,0.409,0.374,4.51,263.1,1216.0,30.0,288.9,0.547,33.9,81.7,13.1,0.606,220.0,0.682,1
113.13,327.58,1412.49,0.492,0.435,7.14,712.1,2422.1,38.5,49.4,0.5,29.6,84.7,12.4,0.569,716.9,0.692,1
151.83,483.48,2049.38,0.43,0.405,4.36,228.6,2192.5,32.4,122.9,0.559,35.3,78.6,34.5,0.664,763.2,0.191,1
1.46,21.37,102.74,0.307,0.264,1.85,97.1,2186.3,21.9,58.1,0.302,24.5,49.5,14.2,0.322,4340.1,0.084,0
3.62,28.98,153.46,0.245,0.211,0.72,55.0,326.8,8.3,135.7,0.241,28.5,56.2,14.3,0.187,1610.5,0.373,0
117.97,301.29,750.49,0.406,0.384,7.85,598.1,2254.2,27.4,15.0,0.107,30.9,94.5,32.0,0.151,294.7,0.498,1
24.93,94.91,358.04,0.269,0.252,0.77,59.4,60.1,9.2,177.9,0.527,26.9,65.6,7.3,0.552,955.0,0.527,0
101.23,257.06,1116.8,0.461,0.365,5.87,338.1,1908.3,31.5,358.7,0.481,36.4,97.8,13.9,0.58,351.3,0.347,1
93.43,225.4,625.6,0.379,0.308,6.98,373.1,755.8,17.3,315.0,0.316,37.6,96.2,22.5,0.383,4.6,0.091,1
138.88,478.47,1353.7,0.404,0.353,5.77,586.3,1259.4,32.2,183.2,0.326,18.1,87.8,16.4,0.337,227.0,0.878,1
30.81,111.49,383.76,0.116,0.109,2.56,226.0,1837.1,32.0,211.3,0.237,34.3,69.4,30.7,0.229,3245.9,0.746,0
5.42,41.95,223.65,0.24,0.207,1.21,79.3,1621.6,29.4,276.5,0.324,37.9,53.0,8.5,0.323,2245.7,0.594,0
26.38,92.64,407.68,0.155,0.139,1.84,102.9,844.0,24.6,83.5,0.297,35.3,44.3,21.2,0.339,78.1,0.114,0
13.62,38.58,198.62,0.288,0.221,0.73,80.9,2045.6,22.4,197.9,0.732,35.7,61.6,32.5,0.826,1654.9,0.453,0
173.95,323.82,881.85,0.545,0.465,7.02,357.3,1633.8,21.2,173.9,0.426,35.5,81.2,35.9,0.463,138.7,0.633,1
14.84,70.33,309.55,0.163,0.127,2.13,185.1,2110.9,17.7,138.4,0.478,19.6,70.7,36.2,0.534,1166.0,0.725,0
13.27,47.48,214.92,0.252,0.202,1.06,94.2,922.2,26.4,164.1,0.114,21.4,54.8,22.3,0.217,2269.9,0.866,0
3.61,30.57,149.51,0.129,0.101,2.75,298.4,302.3,12.7,277.0,0.638,24.9,47.4,17.5,0.789,497.1,0.199,0
110.41,263.22,993.22,0.524,0.41,6.13,273.2,936.1,32.4,136.9,0.591,22.2,78.1,32.1,0.615,381.7,0.282,1
64.67,245.64,872.62,0.423,0.401,7.68,496.6,1241.3,15.5,330.9,0.434,28.7,97.5,14.8,0.535,285.5,0.481,1
9.79,46.44,218.7,0.303,0.245,1.24,145.9,368.5,13.6,323.3,0.605,23.2,67.6,41.4,0.666,1117.7,0.74,0
9.49,50.08,257.76,0.135,0.116,1.72,146.7,1408.6,27.0,350.5,0.206,21.2,57.7,13.0,0.189,350.9,0.563,0
16.89,62.69,325.11,0.196,0.148,0.58,42.9,1656.8,36.1,23.2,0.391,21.8,72.4,18.7,0.48,2090.2,0.495,0
8.93,34.06,137.96,0.145,0.132,2.13,139.1,16.4,6.5,218.6,0.256,32.9,46.0,6.8,0.25,403.5,0.703,0
109.96,387.79,1335.86,0.46,0.407,4.07,211.3,1391.9,29.3,74.3,0.485,21.6,89.8,6.1,0.502,133.5,0.438,1
89.36,254.41,803.2,0.52,0.414,7.66,420.9,328.6,6.1,28.9,0.505,28.0,96.7,33.9,0.478,325.0,0.858,1
12.89,61.75,207.57,0.282,0.213,2.53,258.7,365.1,10.2,185.0,0.741,35.9,61.6,37.1,0.81,391.9,0.714,0
8.51,28.04,169.92,0.181,0.146,2.44,145.0,948.4,38.9,336.0,0.112,28.8,52.4,10.6,0.085,1760.9,0.728,0
174.66,604.34,2017.52,0.415,0.363,3.94,227.1,241.2,4.8,106.1,0.333,21.9,85.4,15.9,0.44,1103.0,0.808,1
5.63,28.69,170.45,0.151,0.114,0.98,64.0,1434.5,19.9,143.4,0.716,26.5,60.4,11.5,0.783,362.6,0.93,0
132.67,305.16,743.56,0.478,0.366,5.59,561.8,1845.5,22.2,245.7,0.73,32.0,85.2,14.9,0.805,840.4,0.494,1
18.98,59.38,224.5,0.126,0.105,0.93,68.6,822.8,27.7,315.0,0.47,28.5,49.3,15.7,0.493,2479.5,0.296,0
14.66,75.13,194.16,0.126,0.099,2.63,111.1,2338.2,26.4,36.7,0.469,33.3,53.2,36.7,0.477,1628.0,0.595,0
6.39,14.58,83.38,0.267,0.234,1.55,125.8,1779.9,24.3,213.8,0.376,19.9,64.7,9.9,0.365,989.8,0.264,0
125.86,463.13,2006.46,0.427,0.335,4.23,263.0,2472.6,28.9,86.0,0.239,24.8,80.1,29.0,0.385,688.0,0.936,1
93.65,291.17,1119.34,0.391,0.371,5.8,444.9,1520.9,30.6,279.7,0.149,21.2,85.8,15.8,0.16,2550.4,0.53,1
4.65,36.58,188.7,0.284,0.237,0.86,95.1,1157.5,42.3,95.5,0.349,36.7,63.3,24.3,0.352,5065.3,0.7,0
24.57,69.33,233.52,0.163,0.127,2.68,149.2,1912.3,24.0,261.9,0.324,22.4,57.0,16.5,0.362,369.8,0.822,0
11.44,33.9,143.83,0.186,0.142,2.5,167.5,992.6,16.6,257.1,0.46,34.0,73.3,32.3,0.526,72.5,0.752,0
9.52,54.29,255.07,0.132,0.11,1.89,218.6,12.0,12.0,351.3,0.326,21.8,42.4,30.7,0.304,2094.1,0.596,0
3.81,37.82,119.8,0.247,0.225,0.81,82.3,540.5,36.5,178.0,0.38,36.0,63.6,16.0,0.382,1680.5,0.908,0
61.25,216.69,906.62,0.333,0.279,1.34,83.1,522.5,26.5,57.5,0.493,19.8,70.2,28.2,0.567,1049.5,0.422,0
126.68,383.78,1078.86,0.48,0.374,5.99,290.6,1227.9,20.8,285.5,0.559,24.0,83.0,10.3,0.586,11.6,0.412,1
1.82,32.74,157.09,0.239,0.202,2.75,314.9,1782.0,26.6,269.0,0.109,20.6,54.5,41.8,0.056,5759.1,0.198,0
15.25,37.69,146.07,0.261,0.213,1.1,56.8,1396.6,36.6,306.3,0.237,24.5,53.4,43.0,0.233,271.5,0.413,0
138.14,471.14,2164.2,0.517,0.44,4.03,278.9,266.9,11.3,201.1,0.223,28.4,93.4,43.5,0.196,169.1,0.647,1
16.03,40.61,141.02,0.229,0.19,2.85,190.0,658.7,35.9,237.2,0.371,37.4,51.1,32.9,0.475,108.4,0.738,0
146.01,342.56,787.53,0.419,0.369,6.18,304.5,350.2,3.2,346.8,0.152,24.3,95.1,24.2,0.19,904.0,0.102,1
8.2,36.21,194.37,0.225,0.205,2.06,98.9,208.0,7.2,5.8,0.686,23.0,45.7,42.6,0.626,1.3,0.723,0
59.2,199.76,585.46,0.494,0.458,3.73,233.8,400.2,12.4,240.4,0.375,30.8,88.3,6.9,0.392,16.7,0.641,1
125.37,451.52,1661.01,0.535,0.481,6.14,426.5,1304.3,26.7,165.7,0.641,24.5,89.6,24.0,0.751,605.1,0.873,1
177.75,626.31,1921.84,0.37,0.304,6.53,767.0,1891.8,32.6,148.0,0.699,24.4,86.2,37.8,0.8,670.7,0.719,1
36.73,121.99,488.05,0.499,0.419,5.82,482.3,998.5,19.3,107.5,0.232,37.2,78.1,23.1,0.229,233.9,0.927,1
11.24,50.48,224.13,0.159,0.14,1.74,196.3,510.0,25.0,261.3,0.422,22.3,73.5,38.2,0.512,523.0,0.917,0
138.73,306.38,1236.56,0.53,0.421,6.28,315.9,1081.5,32.2,41.4,0.731,20.5,77.9,43.7,0.779,310.4,0.643,1
2.68,20.53,82.09,0.15,0.134,1.73,102.2,831.5,17.1,82.5,0.634,36.1,56.8,14.9,0.66,3228.0,0.319,0
6.52,45.9,229.61,0.135,0.119,0.55,29.4,121.2,11.4,115.7,0.128,30.7,56.6,12.2,0.107,496.1,0.753,0
41.41,105.94,374.63,0.21,0.185,1.38,96.7,2307.1,29.9,73.0,0.729,30.9,57.9,42.9,0.867,1685.9,0.207,0
133.35,261.18,915.24,0.542,0.442,4.57,518.3,36.4,5.1,52.5,0.115,32.0,80.8,13.9,0.127,204.4,0.279,1
15.53,60.68,219.0,0.305,0.265,0.86,54.9,112.6,10.6,174.8,0.122,26.1,69.3,30.1,0.107,577.5,0.564,0
78.31,209.25,1001.61,0.397,0.313,5.74,503.1,758.0,33.8,42.6,0.519,28.4,84.8,22.6,0.525,901.3,0.11,1
93.58,250.79,1053.23,0.485,0.382,6.99,791.3,1944.2,22.5,110.5,0.512,33.2,82.2,19.3,0.547,207.4,0.477,1
47.19,142.48,462.67,0.521,0.471,6.33,507.8,1227.3,28.0,326.7,0.638,29.1,79.6,10.2,0.676,330.0,0.813,1
87.14,299.03,1247.97,0.549,0.453,4.04,332.5,1283.0,27.7,196.7,0.297,29.8,80.6,27.9,0.28,561.8,0.523,1
31.29,99.2,346.53,0.238,0.204,1.44,121.3,1546.5,16.1,187.0,0.414,37.0,61.2,17.4,0.438,834.2,0.64,0
4.69,31.1,165.09,0.316,0.255,1.09,67.8,110.0,1.3,291.9,0.656,26.2,65.9,23.0,0.737,1805.9,0.891,0
19.02,70.52,189.91,0.218,0.174,0.62,45.5,2397.4,37.6,248.8,0.591,24.2,69.5,30.9,0.812,6628.1,0.227,0
4.57,9.28,76.99,0.323,0.293,2.78,300.0,1378.3,32.6,130.9,0.376,20.1,62.5,44.5,0.394,764.8,0.701,0
5.14,16.81,108.35,0.151,0.137,1.86,133.5,2060.9,24.7,48.4,0.654,19.9,44.9,18.9,0.725,3243.5,0.453,0
12.01,75.06,348.68,0.317,0.291,0.87,64.1,1078.4,39.8,270.9,0.414,26.8,43.3,20.7,0.41,886.8,0.883,0
1.27,28.96,120.49,0.176,0.162,2.36,116.5,1095.2,36.1,39.9,0.445,24.3,60.6,20.5,0.587,974.7,0.534,0
61.29,164.31,482.6,0.455,0.379,7.82,602.4,429.2,7.1,110.0,0.481,28.4,80.1,23.1,0.535,53.9,0.445,1
131.77,462.7,1801.02,0.475,0.433,5.48,255.6,906.5,31.9,279.9,0.342,19.1,94.4,26.4,0.401,408.8,0.177,1
11.31,54.42,179.67,0.319,0.261,2.0,123.0,470.4,4.7,253.7,0.287,31.6,72.5,6.2,0.337,1923.5,0.147,0
77.41,175.21,475.52,0.476,0.362,6.03,714.0,2282.7,36.8,304.3,0.541,18.1,87.0,38.7,0.733,801.0,0.657,1
30.73,112.7,498.86,0.275,0.244,2.74,307.6,827.9,27.7,217.8,0.202,18.2,61.5,28.4,0.265,214.1,0.943,0
23.97,98.83,475.86,0.312,0.247,1.99,178.7,1004.8,22.6,225.2,0.425,20.0,64.2,22.0,0.481,4222.0,0.95,0
85.32,185.93,791.3,0.493,0.414,6.07,589.1,344.1,6.0,178.8,0.307,18.5,94.1,5.1,0.341,23.0,0.331,1
5.4,35.06,156.72,0.241,0.189,1.69,99.5,2480.6,42.3,109.8,0.347,23.8,57.0,16.6,0.387,1172.8,0.107,0
20.53,82.62,229.19,0.269,0.223,2.32,119.4,1432.9,39.6,175.4,0.4,35.1,41.9,16.6,0.402,2298.6,0.413,0
149.33,434.77,1772.42,0.521,0.483,7.51,631.1,1440.5,17.9,42.8,0.232,21.0,93.9,32.7,0.239,558.5,0.522,1
266.48,622.1,1468.26,0.413,0.361,4.91,549.5,372.3,11.7,357.9,0.418,34.6,92.0,11.4,0.517,355.7,0.636,1
147.75,524.17,1583.83,0.499,0.389,5.01,533.5,1701.3,17.4,123.5,0.578,29.1,95.4,8.9,0.6,596.9,0.36,1
67.78,162.41,405.44,0.539,0.483,8.41,732.6,1706.0,18.1,308.4,0.253,20.6,75.6,34.4,0.259,121.9,0.272,1
134.91,317.26,1283.56,0.423,0.389,5.46,648.2,2261.4,19.9,327.9,0.654,35.9,89.3,24.2,0.705,236.1,0.774,1
16.65,49.72,223.65,0.175,0.137,0.68,41.0,716.3,35.7,9.8,0.382,28.3,50.4,35.6,0.382,648.8,0.523,0
2.85,25.05,176.77,0.33,0.297,1.87,189.7,2175.7,26.5,214.8,0.584,29.4,72.3,13.5,0.651,4314.3,0.894,0
21.62,70.73,201.76,0.289,0.248,1.64,102.6,1114.7,40.3,307.4,0.542,28.9,41.8,11.0,0.594,4974.0,0.334,0
2.82,45.26,209.25,0.283,0.247,2.54,299.3,570.7,37.4,157.5,0.365,35.0,56.9,7.7,0.347,2958.2,0.351,0
115.54,410.78,1391.17,0.511,0.48,7.61,465.3,1655.2,38.0,21.9,0.627,34.1,83.7,21.1,0.656,29.6,0.795,1
9.5,53.6,193.77,0.276,0.209,0.5,34.8,91.3,8.7,137.9,0.119,20.1,50.2,25.2,0.122,995.5,0.928,0
235.76,504.08,1851.96,0.409,0.359,5.76,449.8,2146.5,32.8,99.2,0.27,30.4,97.4,23.4,0.25,812.7,0.398,1
63.15,218.76,924.18,0.406,0.311,5.41,355.9,172.8,5.5,319.4,0.108,37.4,89.5,35.2,0.051,383.2,0.242,1
142.55,460.85,1455.24,0.394,0.357,8.5,527.2,1002.8,22.7,239.8,0.615,31.5,91.7,30.5,0.624,183.3,0.255,1
109.25,241.35,689.7,0.472,0.439,7.06,548.0,366.9,11.9,93.7,0.187,35.2,97.6,18.5,0.197,151.4,0.718,1
99.47,240.08,1071.84,0.399,0.306,3.91,412.0,1181.7,43.2,289.9,0.366,22.3,87.7,24.9,0.372,338.3,0.658,1
13.87,52.17,194.25,0.186,0.141,0.93,94.5,2394.1,26.7,183.1,0.497,31.4,55.7,15.3,0.567,177.7,0.134,0
173.45,389.46,1802.86,0.419,0.395,4.29,323.8,365.2,12.7,315.2,0.731,31.5,85.9,28.1,0.856,94.5,0.242,1
9.23,40.72,200.21,0.301,0.281,2.03,131.8,277.7,4.0,288.4,0.75,19.9,48.2,9.5,0.783,106.8,0.804,0
79.48,260.54,1044.39,0.432,0.404,5.08,256.6,502.8,29.4,239.5,0.665,25.7,95.9,7.5,0.688,30.1,0.091,1
20.63,77.38,175.04,0.279,0.262,2.11,231.5,2346.8,34.9,41.5,0.449,25.9,43.7,33.7,0.525,2753.1,0.126,0
102.67,219.14,759.68,0.435,0.37,4.67,518.3,710.1,30.2,216.9,0.186,33.0,87.1,33.2,0.208,175.0,0.274,1
174.77,462.84,1550.13,0.463,0.437,6.27,284.1,1521.5,30.8,221.9,0.335,29.2,81.1,28.5,0.424,161.3,0.368,1
6.19,36.54,175.88,0.127,0.118,0.74,74.0,728.6,16.8,293.7,0.662,21.4,70.2,17.0,0.717,5876.0,0.456,0
9.81,42.64,155.29,0.162,0.124,1.5,166.6,1801.8,41.9,66.2,0.722,24.9,55.8,11.6,0.805,763.8,0.582,0
61.05,238.16,762.12,0.357,0.325,7.16,708.4,1581.6,20.2,219.6,0.527,18.8,80.1,23.0,0.627,116.2,0.353,1
13.39,76.0,213.87,0.252,0.225,2.53,170.2,2399.5,36.7,298.0,0.624,24.8,72.4,9.5,0.662,2779.7,0.401,0
210.91,629.73,1772.22,0.46,0.357,4.84,360.0,828.8,24.1,6.4,0.619,18.7,87.8,30.8,0.575,23.2,0.664,1
82.03,319.62,778.06,0.407,0.366,8.41,538.8,788.3,29.1,220.6,0.726,37.7,80.0,26.3,0.908,51.0,0.677,1
13.96,32.54,178.22,0.271,0.229,1.14,95.4,1950.1,15.2,293.3,0.626,33.9,72.3,22.5,0.739,269.2,0.914,0
10.82,34.09,201.97,0.243,0.224,1.54,171.3,403.9,6.2,162.3,0.336,37.2,43.4,6.2,0.335,2268.8,0.928,0
4.41,37.81,221.49,0.161,0.147,1.82,170.7,1823.0,43.8,68.8,0.41,26.9,70.9,33.0,0.424,2863.1,0.179,0
69.43,202.38,632.34,0.47,0.441,7.07,542.0,1932.6,18.7,282.2,0.259,25.3,89.9,40.1,0.182,110.6,0.9,1
15.11,56.18,265.69,0.268,0.205,0.6,65.2,2147.4,20.8,32.3,0.201,37.6,68.8,32.8,0.255,785.6,0.876,0
46.28,117.15,474.16,0.355,0.316,3.84,153.8,1727.7,17.2,192.0,0.33,35.1,87.5,26.6,0.344,333.3,0.212,1
9.2,42.77,179.83,0.126,0.104,2.04,126.5,425.9,5.1,2.3,0.538,31.9,40.4,34.9,0.669,164.5,0.174,0
77.16,277.73,1001.42,0.422,0.382,3.93,294.5,846.5,31.5,169.8,0.486,25.2,97.4,34.4,0.504,172.5,0.703,1
104.45,223.11,923.52,0.445,0.388,4.95,432.9,149.1,9.5,322.8,0.589,22.9,75.7,34.6,0.581,383.3,0.575,1
157.92,441.29,953.11,0.506,0.43,4.35,521.0,1884.4,21.6,334.9,0.681,27.8,76.0,14.0,0.707,131.4,0.827,1
0.04,17.2,92.0,0.142,0.107,2.79,254.1,1731.0,28.5,58.7,0.133,22.7,62.0,10.3,0.181,366.8,0.721,0
155.86,477.22,1104.88,0.519,0.452,7.39,521.2,1292.0,29.4,223.2,0.262,21.5,81.5,9.9,0.192,12.7,0.859,1
81.84,232.91,672.49,0.408,0.34,7.42,726.8,2446.9,23.6,20.0,0.607,24.4,87.8,8.5,0.721,14.0,0.505,1
134.34,483.31,1718.36,0.419,0.342,7.16,850.4,806.3,44.4,245.0,0.7,20.2,86.5,40.3,0.734,232.6,0.33,1
169.43,331.43,1250.09,0.38,0.36,6.94,617.1,2227.2,18.4,276.1,0.709,28.0,94.2,25.2,0.792,515.5,0.817,1
16.96,63.35,281.78,0.278,0.248,2.98,203.1,462.6,12.0,164.9,0.22,34.1,51.2,12.4,0.134,110.4,0.209,0
13.86,59.83,219.49,0.164,0.141,2.95,278.6,2388.1,27.9,153.1,0.166,37.0,65.1,21.9,0.102,1566.3,0.758,0
106.55,307.77,1186.1,0.366,0.338,5.8,447.4,729.1,23.7,197.8,0.705,26.4,80.0,8.0,0.807,228.6,0.191,1
12.66,70.96,223.63,0.243,0.193,2.9,240.5,2017.6,40.0,105.6,0.143,37.2,63.4,12.5,0.129,84.0,0.466,0
106.29,365.71,826.65,0.381,0.333,7.78,906.0,289.6,12.9,173.2,0.53,32.2,78.2,35.0,0.625,535.6,0.511,1
201.95,524.55,2051.13,0.544,0.502,7.94,595.2,1028.9,36.4,313.4,0.359,19.2,89.0,28.5,0.362,298.5,0.51,1
9.94,60.0,271.53,0.117,0.09,2.58,167.9,2415.1,18.8,40.1,0.281,26.4,65.6,11.4,0.278,5184.6,0.718,0
72.09,175.84,652.13,0.449,0.358,5.66,513.8,785.0,23.0,198.0,0.278,37.2,94.9,28.5,0.234,189.3,0.794,1
15.23,45.8,165.46,0.146,0.112,1.69,144.2,1953.5,37.2,114.2,0.333,22.9,44.6,26.9,0.364,576.4,0.115,0
69.24,243.71,1104.89,0.445,0.422,6.74,483.9,1216.3,17.7,273.9,0.336,19.8,84.0,31.5,0.331,372.4,0.882,1
67.87,158.04,756.58,0.55,0.476,6.36,408.5,1517.3,42.2,121.2,0.63,23.8,96.4,42.9,0.722,229.1,0.145,1
79.23,169.73,600.72,0.407,0.345,7.75,636.0,1500.4,24.6,286.5,0.446,30.1,95.0,10.9,0.571,696.0,0.504,1
2.13,16.01,127.17,0.289,0.237,2.65,140.9,1429.9,25.0,142.9,0.712,34.5,50.6,40.8,0.803,2673.0,0.114,0
7.2,37.0,137.99,0.14,0.117,2.37,145.3,1213.6,22.0,222.8,0.516,27.7,48.5,15.9,0.648,2640.4,0.932,0
120.12,267.9,907.82,0.384,0.347,5.09,550.0,484.6,12.7,252.1,0.365,30.6,88.4,18.2,0.386,35.8,0.729,1
81.58,290.31,1279.81,0.498,0.465,6.97,785.9,40.5,1.3,115.6,0.446,35.8,92.8,23.8,0.572,860.4,0.196,1
168.53,447.49,1432.73,0.426,0.328,3.7,264.5,1696.6,16.3,151.0,0.711,30.5,77.9,35.8,0.89,12.0,0.358,1
2.28,24.08,153.74,0.239,0.194,0.59,62.7,1767.9,42.5,303.5,0.642,28.6,63.1,33.5,0.688,1310.7,0.806,0
21.13,88.83,266.61,0.297,0.234,2.01,97.0,1936.9,42.9,159.1,0.701,19.2,57.1,24.2,0.738,1271.6,0.3,0
2.44,36.8,135.66,0.214,0.179,0.69,39.7,2327.8,31.5,168.6,0.56,31.3,44.1,37.6,0.564,2083.0,0.736,0
70.08,237.85,640.84,0.479,0.41,7.93,695.3,414.8,2.4,210.4,0.511,28.9,88.1,29.5,0.5,89.4,0.865,1
1.25,26.37,113.85,0.237,0.212,1.11,104.7,2227.3,19.8,281.4,0.26,34.6,74.5,42.6,0.272,374.3,0.636,0
24.48,99.86,325.77,0.268,0.248,1.88,113.3,597.3,22.8,25.4,0.33,28.5,64.6,23.6,0.366,2383.2,0.547,0
130.34,353.1,827.68,0.375,0.322,6.9,795.3,1360.0,41.3,215.4,0.138,23.6,85.7,35.2,0.123,45.7,0.619,1
8.73,56.35,259.86,0.296,0.251,1.49,133.9,655.8,21.2,311.3,0.474,21.6,40.1,7.6,0.585,1288.8,0.465,0
44.64,129.75,530.54,0.419,0.363,5.25,597.3,355.8,5.3,121.4,0.516,31.7,79.2,17.9,0.559,414.7,0.099,1
212.48,403.18,1609.64,0.437,0.406,5.07,245.8,138.0,4.6,246.2,0.588,27.0,85.9,41.7,0.71,295.1,0.679,1
127.31,400.57,1680.45,0.477,0.42,7.92,686.6,865.6,24.0,92.8,0.656,31.1,86.9,25.7,0.741,109.0,0.304,1
42.17,111.12,411.4,0.332,0.301,2.92,196.9,2428.6,37.2,39.0,0.292,34.6,50.0,43.1,0.389,914.7,0.075,0
3.21,33.13,173.91,0.288,0.257,0.68,74.5,1186.7,26.5,62.0,0.215,24.5,60.8,5.3,0.17,758.9,0.427,0
145.54,500.81,1875.82,0.514,0.48,7.72,316.9,103.6,2.7,259.9,0.176,30.6,81.8,23.8,0.25,397.3,0.219,1
155.04,506.87,1103.39,0.351,0.32,5.65,572.9,1689.9,19.3,212.5,0.453,36.6,89.3,34.1,0.51,288.7,0.308,1
87.29,205.77,783.23,0.424,0.347,7.27,386.4,512.5,29.9,70.2,0.274,22.2,83.3,18.1,0.289,112.9,0.695,1
12.67,47.51,165.08,0.145,0.133,2.63,292.2,155.4,7.1,12.8,0.228,35.1,68.6,23.6,0.255,876.7,0.419,0
179.49,597.79,1917.05,0.436,0.368,8.49,653.9,1983.5,27.4,297.9,0.462,21.6,82.1,11.7,0.61,214.2,0.228,1
79.34,299.78,897.41,0.473,0.435,5.23,281.5,1121.1,16.1,252.3,0.491,25.2,77.8,22.3,0.578,3.3,0.063,1
173.88,495.26,1188.47,0.388,0.361,7.82,824.7,2443.2,23.2,162.5,0.191,26.6,78.1,25.3,0.258,211.9,0.689,1
168.95,520.89,1620.51,0.377,0.334,4.93,396.0,1789.8,24.9,74.2,0.441,30.0,93.2,29.0,0.543,191.8,0.497,1
167.0,536.92,1505.27,0.496,0.443,8.48,380.8,728.6,33.6,347.6,0.161,21.5,89.2,23.5,0.173,128.1,0.758,1
118.92,381.55,1692.41,0.487,0.379,5.55,236.6,2453.6,41.0,135.9,0.612,27.8,75.5,13.5,0.709,88.5,0.388,1
41.02,136.92,625.26,0.109,0.089,2.43,146.3,2178.3,43.9,333.6,0.481,36.9,49.8,43.5,0.515,1678.2,0.863,0
14.02,64.26,302.21,0.303,0.261,0.79,76.4,797.0,22.1,80.0,0.488,24.8,59.3,36.0,0.528,357.7,0.945,0
3.94,32.66,188.08,0.17,0.128,2.49,185.8,733.4,40.6,318.6,0.566,22.4,40.9,37.5,0.608,110.0,0.706,0
11.66,63.89,319.77,0.282,0.259,0.76,62.0,1261.0,17.9,195.7,0.24,18.9,69.8,30.5,0.253,42.5,0.364,0
7.51,44.44,200.47,0.135,0.112,0.57,29.2,1359.0,31.9,339.8,0.222,32.1,57.7,38.6,0.16,2158.2,0.49,0
15.17,46.64,198.54,0.202,0.181,2.41,235.4,1450.8,25.4,44.6,0.303,28.1,60.0,28.5,0.322,1549.8,0.85,0
9.06,38.63,179.89,0.129,0.117,2.74,188.6,551.6,18.7,356.7,0.477,28.6,48.8,37.5,0.537,600.0,0.603,0
6.7,39.24,185.01,0.101,0.086,1.5,100.2,146.1,9.3,73.0,0.636,37.5,74.7,42.3,0.675,842.0,0.287,0
146.08,413.91,944.19,0.468,0.425,5.63,487.3,1358.4,23.1,33.6,0.744,22.9,93.4,8.6,0.787,296.7,0.13,1
89.81,191.8,851.41,0.459,0.407,7.32,740.7,1519.9,36.5,203.3,0.634,34.8,78.0,33.3,0.688,8.9,0.57,1
11.16,57.09,248.73,0.204,0.168,1.08,45.4,2395.3,44.7,245.0,0.42,21.5,73.4,19.2,0.521,224.6,0.578,0
100.57,375.19,856.53,0.429,0.392,6.54,287.1,1363.8,16.0,136.4,0.474,27.1,80.9,18.5,0.604,373.3,0.787,1
123.47,392.38,1696.34,0.527,0.463,6.57,313.5,399.2,9.8,251.2,0.284,31.1,82.8,10.8,0.364,160.9,0.526,1
7.67,36.68,206.17,0.295,0.231,2.06,221.4,775.1,30.3,340.6,0.245,35.0,51.1,43.5,0.403,946.8,0.946,0
47.04,170.5,746.73,0.117,0.106,1.15,124.8,139.4,2.6,286.7,0.192,32.5,66.0,34.9,0.317,2871.2,0.896,0
123.28,304.03,1237.08,0.361,0.319,6.38,581.1,48.3,13.9,319.0,0.437,30.5,84.1,7.6,0.481,45.2,0.836,1
142.75,385.11,1465.26,0.484,0.391,6.92,302.1,1200.1,27.8,323.2,0.215,18.3,81.1,23.2,0.218,81.0,0.566,1
128.36,359.54,1150.21,0.487,0.447,3.96,396.2,1658.4,36.7,107.7,0.135,29.2,87.8,22.4,0.046,78.4,0.129,1
12.35,59.4,157.27,0.166,0.137,1.29,141.5,2379.0,22.2,254.6,0.217,25.4,68.9,8.8,0.165,2590.1,0.822,0
8.63,43.8,159.28,0.336,0.289,2.07,234.4,1587.5,34.2,269.0,0.351,37.4,60.9,31.9,0.317,1147.5,0.469,0
6.85,41.02,161.13,0.307,0.251,1.22,126.9,460.8,2.4,43.8,0.247,24.5,70.9,11.5,0.268,210.9,0.717,0
14.87,81.8,282.28,0.125,0.112,1.41,107.2,2269.0,39.7,174.4,0.243,20.1,69.2,10.8,0.235,2281.3,0.239,0
1.87,25.69,143.62,0.22,0.191,1.44,110.4,2201.0,24.2,236.2,0.261,20.9,54.9,20.5,0.283,1413.0,0.452,0
5.87,12.44,54.4,0.262,0.221,1.07,85.0,1025.0,39.7,104.6,0.675,31.8,60.0,13.6,0.788,2774.2,0.134,0
171.33,489.07,1280.53,0.433,0.326,6.81,530.9,1311.0,24.7,230.0,0.154,26.2,79.4,40.4,0.209,219.8,0.402,1
241.77,770.2,2988.64,0.461,0.402,6.24,506.6,1253.4,31.5,18.8,0.309,25.9,84.8,35.7,0.31,295.7,0.931,1
16.88,50.84,166.12,0.207,0.181,2.93,136.2,1106.5,38.7,212.6,0.357,25.6,43.1,35.3,0.431,411.9,0.418,0
141.69,452.68,1120.42,0.352,0.277,6.87,722.8,831.1,17.9,36.4,0.282,37.2,75.3,26.6,0.332,59.6,0.854,1
7.33,31.14,131.37,0.168,0.137,2.85,114.5,2467.2,20.0,245.6,0.347,20.9,58.8,25.1,0.392,2076.8,0.904,0
8.91,37.81,133.2,0.124,0.114,1.19,50.8,2271.5,43.7,236.4,0.509,34.9,61.4,35.5,0.609,27.3,0.92,0
11.89,54.91,292.81,0.344,0.296,1.67,70.5,840.2,20.4,224.3,0.191,35.1,53.5,35.2,0.221,274.7,0.443,0
143.27,518.44,1968.71,0.502,0.42,4.27,478.3,1539.4,41.9,92.6,0.334,31.2,81.2,17.8,0.402,748.2,0.906,1
84.67,284.08,923.87,0.436,0.409,3.8,454.7,222.7,13.7,240.8,0.19,23.3,97.7,15.9,0.172,105.5,0.74,1
67.58,200.81,515.19,0.52,0.474,4.67,297.8,1865.9,18.3,149.2,0.575,30.4,87.7,14.7,0.59,156.4,0.372,1
15.52,53.57,200.05,0.205,0.158,2.2,110.0,2110.8,29.3,193.0,0.661,19.4,46.9,38.4,0.768,1685.8,0.537,0
59.34,210.29,818.36,0.526,0.485,6.73,279.6,1172.4,31.8,246.3,0.461,36.7,95.6,19.9,0.493,69.4,0.769,1
1.75,26.59,162.59,0.337,0.263,2.95,331.2,199.1,7.2,133.3,0.139,31.3,60.7,34.3,0.153,46.8,0.426,0
126.41,364.64,1215.55,0.508,0.399,7.18,492.4,1460.0,37.9,358.1,0.389,20.9,76.8,21.4,0.442,486.2,0.138,1
163.39,577.04,2167.61,0.482,0.369,7.19,570.6,146.7,4.9,22.5,0.373,33.6,97.7,21.9,0.394,2097.7,0.901,1
14.27,72.48,240.11,0.177,0.15,1.81,127.0,2041.7,18.1,262.8,0.619,24.3,40.4,28.1,0.705,110.0,0.439,0
27.9,104.1,431.3,0.426,0.375,6.24,702.1,1466.7,32.2,86.5,0.137,18.8,90.3,33.9,0.159,97.5,0.583,1
71.31,159.33,474.46,0.542,0.489,6.82,726.5,2178.5,40.0,353.5,0.733,22.6,77.6,16.2,0.781,440.8,0.574,1
10.44,63.29,188.19,0.279,0.211,1.67,186.2,953.6,33.4,191.0,0.239,31.0,59.3,39.5,0.215,689.4,0.831,0
226.09,666.04,2215.77,0.403,0.316,7.03,522.8,632.9,16.4,282.6,0.633,31.0,81.3,22.2,0.738,681.9,0.283,1
34.71,86.46,251.31,0.286,0.25,1.5,86.2,2347.4,28.1,73.0,0.615,37.1,73.6,19.2,0.635,858.1,0.569,0
87.92,278.5,1115.83,0.401,0.343,4.96,436.9,2253.0,36.7,316.9,0.599,25.5,77.3,15.3,0.691,313.7,0.845,1
35.97,127.77,618.13,0.416,0.316,5.89,335.1,174.4,3.8,347.2,0.184,33.6,75.4,17.7,0.169,1.5,0.773,1
83.94,195.82,620.4,0.536,0.502,5.68,374.7,2159.6,35.9,194.0,0.154,27.7,88.7,36.6,0.113,165.0,0.568,1
149.78,538.33,1586.96,0.437,0.394,5.27,608.9,2320.8,26.8,306.4,0.391,33.0,85.5,8.3,0.374,453.5,0.732,1
110.96,384.86,1014.99,0.423,0.347,5.8,635.9,1138.5,44.0,241.1,0.58,28.0,86.1,11.1,0.629,61.8,0.186,1
4.88,28.58,137.81,0.306,0.263,1.6,119.6,2232.8,29.5,87.9,0.543,27.4,65.6,19.6,0.61,1912.7,0.29,0
249.08,858.75,2976.39,0.528,0.436,6.62,434.7,1123.7,40.5,330.6,0.604,25.7,75.6,11.6,0.698,297.8,0.65,1
3.6,32.53,111.81,0.173,0.146,1.95,168.1,152.5,3.0,280.5,0.177,18.7,67.7,28.6,0.155,1324.3,0.556,0
26.98,75.9,309.45,0.309,0.269,0.85,85.9,1370.5,37.2,320.9,0.377,34.9,63.8,35.7,0.424,1792.7,0.28,0
26.04,80.41,318.92,0.308,0.256,2.79,154.9,2340.7,24.8,130.6,0.402,30.6,46.4,11.2,0.487,1000.4,0.096,0
8.83,30.91,101.19,0.134,0.118,1.54,173.2,1339.9,23.5,163.3,0.258,27.6,52.6,19.3,0.307,1390.6,0.845,0
158.65,400.85,1561.27,0.45,0.379,5.25,288.8,356.2,8.1,103.8,0.475,29.0,96.2,43.8,0.601,236.7,0.088,1
9.03,59.18,316.67,0.173,0.153,0.5,44.8,1104.6,34.2,120.9,0.127,22.0,56.7,15.3,0.179,787.9,0.1,0
144.11,370.27,830.8,0.456,0.366,7.15,600.1,274.5,1.3,93.9,0.604,37.0,81.8,15.3,0.628,418.2,0.158,1
17.84,97.37,383.78,0.208,0.163,2.03,134.5,1467.4,25.8,261.8,0.24,23.4,63.2,10.5,0.258,2599.4,0.057,0
23.23,83.39,353.15,0.25,0.188,2.43,206.0,1565.5,16.7,136.4,0.582,18.0,56.3,6.3,0.668,4890.0,0.545,0
69.17,185.55,718.6,0.49,0.426,8.03,886.3,1663.7,34.8,263.4,0.148,30.0,95.2,10.9,0.25,666.4,0.697,1
33.16,101.89,326.25,0.118,0.112,0.51,33.7,141.7,4.9,242.8,0.423,34.5,45.6,16.6,0.446,9.3,0.097,0
15.43,53.63,262.86,0.268,0.224,0.92,101.7,2121.9,24.6,199.9,0.244,30.6,55.4,34.5,0.202,1125.8,0.14,0
63.36,209.79,764.69,0.388,0.308,6.78,305.3,2292.7,34.8,241.8,0.354,23.6,80.2,29.7,0.422,93.9,0.245,1
12.83,48.72,188.3,0.267,0.201,0.65,54.1,724.1,41.4,199.3,0.675,26.3,42.5,11.0,0.783,121.4,0.142,0
107.28,239.86,933.82,0.448,0.382,7.92,502.4,1959.9,25.4,259.0,0.391,32.1,90.9,27.5,0.417,390.4,0.755,1
9.84,42.06,217.79,0.141,0.134,1.95,223.5,1213.6,36.6,117.5,0.277,31.7,44.7,32.9,0.322,5356.4,0.491,0
10.23,18.74,106.85,0.256,0.243,1.64,71.9,1332.5,40.4,281.3,0.297,27.2,50.2,39.3,0.278,5696.0,0.727,0
188.06,660.19,2871.92,0.439,0.338,8.13,337.4,614.6,28.1,107.5,0.513,18.1,95.7,43.5,0.558,129.7,0.567,1
33.74,115.86,403.23,0.255,0.233,1.06,111.0,2237.9,19.6,352.5,0.58,29.2,53.8,33.1,0.685,3082.4,0.816,0
25.67,78.71,255.4,0.323,0.254,1.84,182.3,2396.3,16.2,139.0,0.127,26.8,70.5,40.9,0.129,3377.1,0.154,0
4.03,35.64,129.37,0.279,0.254,2.65,139.1,1640.0,37.2,4.7,0.424,24.3,65.6,17.1,0.377,1600.7,0.618,0
46.26,107.02,237.49,0.296,0.272,0.65,75.1,387.7,4.9,167.6,0.374,32.4,52.8,31.2,0.343,93.1,0.661,0
120.88,241.23,923.15,0.466,0.35,3.74,410.9,1340.9,20.3,344.1,0.352,26.0,93.4,28.4,0.388,394.1,0.583,1
12.25,66.95,194.28,0.168,0.134,1.36,80.8,763.1,15.4,228.1,0.366,28.9,40.1,18.5,0.384,343.7,0.336,0
145.97,438.65,1473.21,0.369,0.281,7.47,707.4,1132.7,27.8,36.8,0.56,21.5,89.7,14.1,0.585,131.7,0.118,1
195.13,389.5,1451.31,0.387,0.329,4.46,331.1,1689.6,27.9,38.9,0.749,20.8,94.1,5.6,0.847,85.2,0.464,1
9.09,46.81,207.39,0.275,0.207,2.18,185.2,186.0,13.7,161.6,0.734,27.4,55.7,8.9,0.862,404.1,0.258,0
111.24,305.65,831.56,0.363,0.317,6.43,664.2,516.2,19.2,81.2,0.559,20.9,76.9,15.8,0.524,154.9,0.147,1
12.19,48.02,228.37,0.135,0.117,2.85,258.1,1877.2,20.6,217.7,0.257,36.5,65.4,42.4,0.253,1503.5,0.295,0
123.08,420.94,1717.4,0.389,0.321,8.43,400.5,105.0,5.1,336.2,0.104,28.6,83.0,16.9,0.054,109.8,0.685,1
36.81,101.11,417.24,0.196,0.165,0.77,68.2,1508.6,17.8,347.8,0.605,29.0,43.8,29.6,0.648,2478.0,0.376,0
173.03,454.5,1751.52,0.489,0.464,6.42,352.2,675.5,39.5,331.6,0.413,31.9,93.5,5.2,0.484,179.8,0.267,1
20.39,95.39,387.48,0.136,0.107,2.67,201.8,2257.2,39.9,106.6,0.282,28.2,41.1,30.5,0.308,3616.2,0.258,0
8.75,49.19,199.31,0.33,0.296,2.82,201.7,2084.4,21.6,351.6,0.374,30.6,53.9,35.7,0.365,5209.4,0.653,0
218.6,744.54,1827.96,0.379,0.333,7.98,372.8,2299.1,25.9,110.9,0.585,23.0,81.6,39.5,0.672,2.0,0.464,1
188.09,525.42,2194.7,0.414,0.365,7.63,365.7,243.7,7.7,225.4,0.13,22.4,94.3,12.9,0.124,759.6,0.341,1
18.09,75.38,280.63,0.258,0.211,1.96,201.8,2486.8,34.1,320.6,0.431,19.3,57.0,9.6,0.47,1163.6,0.727,0
12.49,61.0,310.15,0.202,0.16,1.24,106.9,367.3,12.6,237.1,0.347,27.1,58.8,24.0,0.395,875.0,0.164,0
60.39,203.73,609.43,0.464,0.408,7.42,874.7,2176.6,39.6,358.8,0.234,26.6,92.8,29.7,0.301,259.7,0.649,1
67.4,241.57,953.56,0.53,0.494,5.09,590.7,946.2,30.5,125.7,0.681,36.1,88.1,20.4,0.735,99.1,0.864,1
129.74,312.19,725.35,0.458,0.433,5.97,329.6,2388.2,16.9,43.0,0.569,20.7,78.2,11.8,0.719,22.4,0.628,1
77.08,175.54,697.02,0.363,0.307,4.19,454.5,12.6,8.5,79.3,0.59,30.4,86.2,36.6,0.638,219.2,0.801,1
102.89,273.25,1136.4,0.47,0.392,6.83,451.6,1726.0,15.8,66.3,0.545,22.9,76.2,28.6,0.484,849.9,0.212,1
99.51,247.55,958.78,0.447,0.366,6.87,369.5,2489.2,24.8,325.3,0.3,34.1,95.8,35.9,0.291,318.5,0.529,1
5.79,46.32,245.92,0.192,0.175,0.96,73.1,1737.7,18.8,167.7,0.119,21.1,45.0,37.3,0.126,2883.2,0.277,0
18.42,69.2,282.99,0.218,0.175,1.99,125.1,1769.3,27.6,185.7,0.488,19.5,61.3,35.2,0.575,331.2,0.399,0
181.63,411.35,1430.41,0.5,0.427,5.74,462.9,1671.4,17.8,62.3,0.315,25.0,92.4,12.1,0.423,78.3,0.592,1
133.14,449.8,1023.48,0.358,0.293,4.4,404.2,2448.6,27.1,77.1,0.279,33.7,85.8,6.0,0.325,154.0,0.202,1
10.43,63.94,220.11,0.336,0.311,2.31,148.7,1796.8,16.0,287.9,0.541,22.1,45.3,12.8,0.605,1254.5,0.729,0
5.85,32.88,166.95,0.172,0.138,2.65,221.0,1247.4,24.5,245.8,0.331,23.7,53.6,43.9,0.367,1470.1,0.342,0
193.96,526.04,2317.72,0.419,0.372,8.22,740.1,626.9,26.9,118.5,0.734,31.0,79.9,31.8,0.85,430.3,0.456,1
117.21,324.41,1131.11,0.54,0.468,4.89,436.2,1944.7,21.4,286.4,0.689,25.1,79.2,44.7,0.797,74.1,0.577,1
22.24,69.77,314.25,0.283,0.231,1.28,145.9,410.9,1.4,19.3,0.129,30.9,71.6,10.5,0.068,6019.8,0.545,0
23.13,66.53,267.91,0.218,0.175,0.95,87.7,164.7,14.9,25.4,0.168,32.6,73.0,38.6,0.096,506.7,0.752,0
6.42,25.12,144.63,0.14,0.128,2.2,146.6,1910.2,33.3,31.9,0.459,22.9,41.1,26.2,0.515,873.6,0.209,0
32.21,109.93,474.01,0.318,0.271,2.22,105.4,928.4,23.4,253.3,0.118,26.9,52.9,40.4,0.112,1225.0,0.526,0
11.49,45.3,174.46,0.269,0.235,0.51,40.3,538.3,38.9,214.5,0.39,23.2,51.4,28.0,0.402,2067.5,0.48,0
5.35,50.48,168.07,0.231,0.218,0.91,78.5,1919.7,35.6,310.2,0.363,32.5,62.2,31.5,0.425,963.7,0.323,0
106.27,304.08,938.59,0.466,0.386,4.18,353.5,2170.4,38.6,348.7,0.525,28.2,76.8,31.5,0.604,407.6,0.446,1
31.0,89.52,274.25,0.344,0.314,1.02,85.5,272.7,10.2,122.8,0.386,19.4,46.6,41.1,0.404,502.1,0.811,0
174.07,503.69,2104.98,0.387,0.34,4.5,314.8,1043.2,25.5,226.4,0.198,33.0,85.7,16.4,0.167,365.7,0.933,1
90.19,190.92,652.93,0.393,0.341,4.34,505.9,69.1,12.0,313.4,0.216,33.8,84.1,19.1,0.132,317.6,0.345,1
9.09,50.33,228.95,0.288,0.219,2.57,228.4,2070.9,36.2,84.0,0.348,23.6,40.9,8.0,0.308,1351.5,0.49,0
74.75,256.55,1183.88,0.437,0.407,7.05,407.4,30.5,5.5,34.4,0.261,30.5,83.9,26.3,0.298,69.7,0.173,1
19.24,63.91,312.32,0.121,0.097,1.98,80.4,982.4,44.3,353.8,0.647,37.0,64.4,20.7,0.75,888.0,0.602,0
191.31,590.16,2407.51,0.383,0.324,4.1,350.9,2257.8,42.1,323.8,0.75,25.0,89.6,28.3,0.879,83.9,0.812,1
3.71,24.17,105.04,0.302,0.272,1.63,162.2,1462.6,43.1,219.6,0.613,35.4,55.2,42.6,0.63,485.2,0.905,0
233.44,757.77,1590.32,0.404,0.346,8.17,398.4,2009.1,32.4,3.7,0.315,37.2,93.6,13.1,0.397,200.1,0.441,1
85.13,316.76,781.54,0.453,0.34,6.44,498.2,346.1,10.6,81.4,0.402,27.8,91.8,29.0,0.411,134.7,0.863,1
19.93,65.86,295.77,0.137,0.128,1.46,172.1,295.6,6.2,250.4,0.394,22.7,66.3,11.5,0.423,748.2,0.079,0
4.19,34.62,153.37,0.161,0.121,2.27,180.9,892.4,41.2,129.6,0.698,21.1,70.3,16.6,0.829,206.2,0.751,0
228.01,585.69,1411.08,0.393,0.302,3.76,407.4,1686.1,27.4,204.8,0.49,28.0,84.6,28.7,0.543,226.4,0.487,1
90.78,323.28,1269.78,0.492,0.391,5.48,280.9,416.7,13.9,20.0,0.565,36.0,85.1,20.3,0.61,5.2,0.931,1
14.32,39.13,150.85,0.142,0.124,1.91,145.7,173.2,2.9,197.5,0.304,31.1,61.0,18.9,0.33,1004.4,0.297,0
117.0,362.08,1282.31,0.536,0.506,5.36,366.1,2439.8,26.1,51.7,0.129,33.4,82.8,39.4,0.126,326.6,0.122,1
4.26,41.45,191.37,0.258,0.241,1.83,77.5,734.0,39.1,38.0,0.243,26.8,63.3,39.8,0.301,45.4,0.607,0
79.89,210.18,821.34,0.494,0.435,6.85,559.4,1564.8,44.3,176.1,0.196,24.3,80.0,27.2,0.158,1360.9,0.425,1
10.26,54.27,302.49,0.273,0.245,0.87,62.9,1652.3,29.5,184.7,0.394,37.5,51.5,40.1,0.455,262.6,0.53,0
103.07,230.11,763.22,0.371,0.331,3.9,346.6,106.2,6.9,324.3,0.463,22.2,91.9,24.7,0.431,333.4,0.167,1
20.04,98.78,291.4,0.121,0.107,0.58,48.3,1419.1,38.2,355.9,0.219,36.7,68.8,38.0,0.356,173.1,0.738,0
20.9,72.35,226.37,0.275,0.251,2.12,161.6,508.8,40.6,39.1,0.362,35.7,65.5,42.2,0.454,3058.1,0.269,0
18.63,62.52,212.32,0.17,0.139,0.99,47.8,233.8,12.2,113.7,0.438,20.4,53.6,21.2,0.504,1526.6,0.259,0
3.98,20.45,135.24,0.119,0.094,2.52,189.8,998.3,29.5,264.9,0.284,23.8,41.8,10.8,0.324,1475.2,0.302,0
95.11,219.14,982.1,0.466,0.382,6.11,718.5,1984.2,41.8,236.7,0.37,34.7,75.7,8.5,0.361,334.1,0.206,1
22.79,89.84,459.15,0.172,0.131,1.5,93.1,2422.9,35.3,29.1,0.109,24.1,63.7,21.2,0.169,1140.7,0.394,0
108.84,378.75,1313.87,0.48,0.453,6.39,452.2,1242.7,15.0,21.2,0.36,29.2,92.6,33.8,0.426,1804.2,0.144,1
32.56,108.78,407.84,0.315,0.283,2.02,217.3,2219.8,44.2,149.3,0.512,29.4,55.9,6.3,0.411,1410.6,0.177,0
29.45,101.27,407.41,0.234,0.186,1.25,101.8,2363.5,36.4,178.8,0.41,32.6,48.7,18.3,0.473,4296.6,0.507,0
12.89,74.5,327.64,0.218,0.175,0.89,35.8,1112.9,29.5,206.0,0.468,36.9,65.9,35.1,0.544,392.2,0.404,0
8.0,34.16,127.26,0.148,0.14,2.09,173.6,372.0,13.1,229.9,0.604,18.4,62.6,18.2,0.679,4397.5,0.173,0
22.07,76.18,232.43,0.34,0.307,1.6,176.1,782.2,16.4,173.5,0.749,36.7,58.2,21.9,0.769,13.7,0.248,0
23.63,101.89,322.93,0.327,0.273,0.64,61.3,975.0,44.0,258.5,0.372,34.7,53.1,6.1,0.305,9.9,0.595,0
25.67,84.13,266.77,0.304,0.241,1.84,185.3,1141.8,38.9,42.2,0.211,20.4,50.7,37.8,0.283,710.3,0.579,0
15.0,55.05,270.73,0.181,0.137,1.67,71.8,1615.2,17.9,267.1,0.736,31.5,68.5,29.3,0.739,349.7,0.189,0
129.72,365.58,1471.95,0.396,0.35,6.1,331.4,1616.6,37.4,222.9,0.285,31.4,96.1,44.5,0.3,113.6,0.15,1
111.68,286.72,1078.6,0.529,0.479,6.12,531.2,1362.7,20.2,3.3,0.27,23.6,94.8,29.8,0.267,1273.1,0.383,1
19.02,58.25,168.53,0.201,0.155,1.68,87.9,578.5,26.6,169.8,0.665,33.4,46.1,19.6,0.758,2921.9,0.275,0
21.58,77.8,294.27,0.118,0.089,2.36,237.0,915.0,30.2,126.6,0.68,35.4,70.3,44.6,0.666,219.4,0.268,0
80.62,255.77,989.22,0.397,0.327,4.44,258.1,1039.5,42.1,91.3,0.319,23.0,86.8,19.5,0.253,404.9,0.683,1
75.31,200.14,641.04,0.512,0.452,5.95,389.7,1662.7,16.6,19.8,0.521,34.6,90.7,32.7,0.643,115.3,0.327,1
107.51,267.08,1006.54,0.486,0.454,7.48,324.2,362.3,2.8,351.8,0.548,33.2,75.2,14.3,0.547,65.4,0.271,1
23.04,89.73,424.49,0.102,0.094,1.27,94.3,611.7,38.2,100.7,0.44,19.5,44.7,44.4,0.498,514.5,0.218,0
224.04,630.85,2509.87,0.438,0.389,4.08,246.4,716.8,44.9,165.0,0.488,31.7,90.1,29.1,0.547,83.8,0.689,1
252.98,506.07,1669.68,0.526,0.48,8.24,351.5,1300.7,38.3,33.9,0.333,21.2,82.3,41.3,0.309,167.2,0.084,1
71.44,248.55,712.74,0.425,0.349,5.03,255.0,1896.2,38.3,286.9,0.559,22.0,94.0,11.3,0.654,289.4,0.282,1
251.19,580.4,1927.12,0.47,0.376,6.43,459.2,2112.4,30.9,8.5,0.679,20.3,80.7,29.3,0.83,295.7,0.727,1
14.7,37.49,223.46,0.116,0.09,2.68,180.3,1858.4,25.3,212.4,0.662,32.6,72.7,30.3,0.707,177.0,0.941,0
8.51,62.66,280.07,0.233,0.183,2.36,256.8,1872.9,19.2,99.6,0.63,36.8,59.2,37.1,0.68,883.4,0.086,0
138.79,327.75,675.7,0.377,0.355,6.92,444.3,609.7,20.5,124.3,0.201,23.8,85.7,7.2,0.216,98.7,0.469,1
122.1,263.81,1097.04,0.377,0.353,4.88,357.3,2213.2,28.3,189.0,0.596,28.1,75.5,38.9,0.694,342.2,0.746,1
9.09,52.73,207.27,0.113,0.086,2.48,180.2,140.9,5.9,168.8,0.207,27.9,53.0,32.2,0.239,2265.9,0.477,0
11.41,52.31,204.24,0.164,0.138,1.91,167.6,1355.2,33.2,147.9,0.619,18.1,45.0,6.1,0.661,375.9,0.799,0
22.75,68.62,304.59,0.3,0.248,1.33,148.8,230.2,7.2,225.5,0.31,24.2,66.1,17.6,0.355,88.9,0.66,0
1.91,7.16,81.47,0.191,0.168,1.29,120.9,1506.2,22.3,197.4,0.189,22.3,52.8,21.7,0.182,1598.5,0.611,0
47.76,144.26,493.82,0.407,0.332,6.5,696.0,127.8,5.5,119.2,0.573,18.1,82.7,41.8,0.635,212.1,0.062,1
130.81,437.95,1300.08,0.411,0.331,4.55,249.9,1605.8,36.9,67.9,0.402,20.8,82.9,17.7,0.489,30.8,0.393,1
5.33,46.97,212.59,0.333,0.304,2.11,225.9,93.9,12.8,56.2,0.458,29.3,42.7,22.8,0.499,437.7,0.178,0
2.49,19.54,134.7,0.226,0.212,2.2,211.1,421.1,13.4,13.2,0.659,31.9,60.3,23.8,0.698,1273.0,0.754,0
4.11,23.98,128.87,0.106,0.084,1.47,93.3,1885.9,31.9,160.2,0.338,38.0,43.5,7.2,0.358,399.1,0.702,0
6.07,20.33,114.58,0.234,0.187,2.94,328.4,763.9,36.0,62.9,0.281,32.2,67.9,23.0,0.257,397.3,0.183,0
184.18,498.73,1389.11,0.361,0.301,5.6,522.4,2211.5,28.1,317.6,0.359,19.8,80.9,20.0,0.351,390.5,0.112,1
79.63,281.51,1195.91,0.51,0.454,6.85,530.1,254.3,3.1,152.1,0.511,26.9,94.6,14.3,0.559,245.5,0.548,1
90.2,186.92,430.95,0.499,0.391,7.99,769.8,1331.1,32.5,225.5,0.246,31.3,76.0,10.5,0.241,490.1,0.452,1
16.55,59.3,218.43,0.157,0.132,1.78,72.2,2315.2,34.5,112.2,0.617,27.9,58.0,26.4,0.685,2498.6,0.823,0
113.09,253.89,853.85,0.497,0.457,6.87,452.4,1038.7,23.1,93.4,0.674,24.2,96.0,26.6,0.783,189.4,0.484,1
90.43,259.03,837.19,0.538,0.429,4.26,434.9,826.2,24.8,293.8,0.692,19.1,94.0,31.7,0.82,330.7,0.248,1
65.76,208.78,510.94,0.433,0.329,3.93,427.1,2415.3,16.2,133.0,0.5,26.1,88.9,29.0,0.521,592.8,0.053,1
28.89,81.0,230.9,0.128,0.119,2.12,220.3,1066.3,17.3,34.3,0.71,24.8,44.0,38.4,0.77,3853.5,0.792,0
11.0,50.64,223.52,0.202,0.183,1.66,163.9,1750.1,43.9,116.5,0.188,35.2,65.8,28.3,0.238,203.3,0.875,0
18.43,88.33,311.84,0.113,0.101,1.33,106.5,2300.7,31.5,42.8,0.464,21.4,69.0,15.5,0.555,4759.2,0.329,0
37.37,115.25,276.41,0.326,0.25,0.68,37.5,36.8,1.8,166.8,0.391,37.3,51.3,40.8,0.362,2983.4,0.484,0
9.75,45.97,190.95,0.213,0.198,2.11,103.3,1427.7,24.3,105.3,0.737,34.7,49.7,13.0,0.762,186.4,0.473,0
19.55,68.65,256.11,0.103,0.084,1.42,162.0,1786.5,34.0,295.3,0.159,23.2,55.0,6.4,0.197,491.1,0.494,0
44.67,118.56,455.98,0.156,0.124,2.97,169.1,1053.3,40.8,23.5,0.36,18.7,46.9,41.2,0.392,1699.1,0.752,0
52.17,156.87,729.57,0.413,0.35,6.95,414.6,1685.6,17.0,354.4,0.206,27.4,94.4,15.8,0.167,779.2,0.89,1
5.53,45.72,191.85,0.224,0.209,1.12,109.0,2018.0,28.6,286.4,0.33,30.9,69.9,10.4,0.335,1165.1,0.351,0
2.63,21.49,145.04,0.19,0.18,1.51,151.6,795.8,17.1,239.9,0.666,24.1,64.7,23.1,0.771,261.5,0.411,0
98.23,232.68,533.72,0.415,0.362,4.98,361.9,814.6,28.9,19.1,0.246,18.3,96.4,36.5,0.321,543.8,0.175,1
123.41,388.96,902.34,0.384,0.361,3.56,163.9,228.5,14.0,352.7,0.421,37.1,89.0,16.5,0.481,463.5,0.874,1
130.42,355.08,1354.59,0.468,0.394,3.87,304.8,2388.0,38.2,274.0,0.233,24.8,93.9,14.4,0.238,300.8,0.172,1
61.61,179.84,741.27,0.407,0.308,5.05,530.1,92.0,12.7,162.6,0.737,36.6,95.3,32.2,0.727,420.5,0.931,1
69.96,148.5,513.41,0.48,0.387,4.43,489.6,1182.1,23.0,298.3,0.15,24.4,94.2,31.2,0.202,97.1,0.646,1
148.21,505.15,1424.05,0.377,0.305,5.96,548.7,1336.8,44.6,121.8,0.652,30.8,96.6,36.9,0.773,324.1,0.177,1
5.76,46.41,262.84,0.164,0.148,0.92,87.3,361.2,3.8,147.0,0.706,29.8,46.6,39.1,0.749,165.3,0.494,0
50.35,179.53,863.9,0.1,0.078,2.8,117.3,1230.2,34.4,241.9,0.606,34.3,61.6,25.1,0.726,643.0,0.323,0
5.12,50.14,279.5,0.342,0.268,2.52,143.8,743.9,37.1,332.0,0.34,36.2,53.5,39.3,0.319,2393.7,0.445,0
23.52,91.95,331.91,0.228,0.199,0.91,91.0,2008.4,38.2,331.0,0.358,27.2,45.2,43.0,0.422,1639.9,0.349,0
22.62,75.74,355.05,0.12,0.093,1.73,142.4,2059.6,35.0,85.0,0.12,26.5,43.8,36.1,0.113,2804.4,0.691,0
108.93,388.4,1609.78,0.456,0.388,4.4,382.6,1087.6,27.5,231.1,0.227,34.0,91.2,20.1,0.211,520.1,0.91,1
295.08,704.07,2881.91,0.519,0.393,6.26,656.5,1091.9,18.6,318.4,0.705,20.7,87.5,23.8,0.723,242.7,0.311,1
175.85,623.62,2852.22,0.428,0.378,6.35,594.4,199.0,7.3,37.4,0.573,23.2,80.4,18.8,0.622,134.1,0.101,1
40.08,90.31,426.71,0.199,0.186,1.35,99.6,899.3,32.7,66.9,0.458,20.4,66.0,6.6,0.471,620.8,0.137,0
109.51,280.44,1085.44,0.366,0.339,7.4,872.2,1020.0,34.6,283.0,0.744,24.0,90.1,20.8,0.791,291.5,0.733,1
244.4,504.82,1582.25,0.547,0.418,8.22,487.8,1122.1,42.8,202.4,0.595,28.9,84.6,37.6,0.666,10.1,0.349,1
21.8,38.8,196.02,0.111,0.097,0.72,48.7,1137.7,28.2,20.3,0.499,31.8,41.1,16.5,0.608,165.8,0.207,0
185.96,440.89,1876.55,0.523,0.403,8.11,757.8,239.5,9.6,192.4,0.437,23.5,94.1,23.3,0.54,45.7,0.836,1
1.98,11.49,103.17,0.315,0.24,2.42,141.9,416.1,12.5,331.7,0.403,32.0,53.2,37.7,0.336,411.8,0.145,0
19.98,81.92,211.5,0.346,0.302,2.96,208.3,1090.3,22.6,65.8,0.656,26.3,72.7,35.8,0.776,74.1,0.813,0
217.75,694.29,2033.39,0.513,0.444,6.79,647.4,952.2,18.8,24.6,0.414,32.9,98.0,23.6,0.385,13.5,0.65,1
23.63,60.8,348.4,0.116,0.089,2.65,177.9,364.6,12.5,340.7,0.383,28.7,59.9,5.2,0.452,533.4,0.095,0
7.98,30.26,183.01,0.329,0.27,2.67,119.1,1625.2,28.9,136.7,0.25,35.4,51.5,25.6,0.203,241.6,0.608,0
95.35,315.44,802.9,0.538,0.437,8.35,707.7,302.9,8.2,279.5,0.514,35.0,76.9,25.5,0.574,154.9,0.421,1
182.7,457.37,969.26,0.427,0.349,3.61,367.0,22.9,5.0,218.3,0.12,26.5,95.5,11.2,0.192,0.2,0.443,1
27.35,93.08,418.67,0.3,0.245,2.32,231.1,1535.4,31.6,67.4,0.265,34.1,56.4,27.8,0.218,1367.7,0.197,0
23.34,86.61,388.58,0.349,0.32,2.78,249.0,216.1,6.3,72.6,0.442,29.6,53.8,39.4,0.504,437.3,0.598,0
15.66,59.32,182.19,0.222,0.182,2.63,266.6,160.5,4.1,267.4,0.301,22.8,41.0,41.1,0.325,320.2,0.414,0
90.43,267.9,1227.27,0.498,0.406,3.65,204.4,223.5,11.8,228.4,0.434,20.3,93.1,29.3,0.576,5.0,0.109,1
28.73,92.1,352.84,0.312,0.236,1.39,137.0,2341.5,23.0,5.4,0.254,18.9,46.7,16.4,0.238,4445.4,0.87,0
18.85,64.68,261.37,0.199,0.18,2.34,103.0,272.4,2.8,178.3,0.658,23.0,72.6,28.4,0.738,254.3,0.356,0
183.52,469.04,1993.67,0.355,0.313,3.92,388.9,2099.2,41.0,330.8,0.173,19.7,77.7,29.0,0.265,263.3,0.298,1
139.48,284.26,872.07,0.457,0.374,4.37,192.7,1943.7,20.5,191.7,0.243,21.8,86.4,24.8,0.215,532.3,0.346,1
6.95,33.63,134.46,0.314,0.264,1.77,180.4,2104.6,21.8,10.1,0.401,26.4,45.8,40.7,0.473,1857.6,0.843,0
146.24,389.9,1408.02,0.516,0.469,8.04,891.1,1516.9,36.5,176.2,0.385,21.2,97.5,31.6,0.472,143.5,0.87,1
114.51,372.57,1723.6,0.518,0.424,3.94,418.7,396.2,9.0,16.3,0.537,32.6,97.4,18.9,0.648,113.9,0.809,1
19.88,72.42,231.27,0.211,0.178,2.46,167.0,1929.6,25.6,163.0,0.559,18.3,48.5,19.7,0.602,3237.5,0.508,0
19.02,84.05,410.61,0.308,0.232,0.81,95.8,1418.0,24.6,265.4,0.527,36.5,73.4,12.3,0.537,57.6,0.302,0
181.44,413.45,1478.5,0.452,0.422,4.4,358.6,1425.1,25.8,47.2,0.515,25.7,96.2,20.2,0.563,34.0,0.425,1
26.98,101.79,476.0,0.295,0.243,1.53,107.9,1525.8,20.1,122.8,0.392,20.1,47.9,21.8,0.476,1483.1,0.896,0
126.63,440.3,1853.3,0.415,0.336,7.63,660.9,379.4,3.5,71.6,0.39,18.2,76.9,19.4,0.339,36.2,0.369,1
5.12,24.06,126.03,0.248,0.216,2.48,159.7,735.8,31.3,141.7,0.158,36.4,62.6,19.2,0.144,357.9,0.158,0
8.47,41.7,170.88,0.133,0.114,2.45,132.8,2483.8,19.7,53.8,0.102,27.2,51.5,7.2,0.058,1392.3,0.66,0
49.56,196.32,520.79,0.308,0.256,2.19,116.0,2185.0,21.7,97.9,0.655,35.4,53.0,25.4,0.722,1061.2,0.561,0
12.13,56.57,236.91,0.252,0.235,1.75,93.7,904.5,21.1,48.4,0.107,28.9,71.6,22.3,0.175,1107.2,0.358,0
12.4,51.75,279.29,0.275,0.226,1.47,85.9,2466.5,33.2,148.5,0.689,20.4,56.8,30.2,0.777,2156.8,0.088,0
6.83,44.64,135.59,0.295,0.28,1.95,216.5,183.4,3.7,169.8,0.236,31.0,73.0,29.6,0.22,199.6,0.677,0
99.23,282.36,979.8,0.369,0.335,6.2,448.7,878.6,24.2,211.3,0.465,32.7,81.0,21.1,0.588,48.1,0.775,1
104.9,375.14,1631.89,0.536,0.499,4.66,186.6,1392.4,38.0,272.4,0.705,28.5,86.8,21.4,0.855,476.4,0.323,1
173.43,453.97,2023.22,0.437,0.353,8.0,514.3,1556.2,42.3,37.4,0.348,23.6,89.8,33.5,0.395,140.9,0.777,1
193.19,423.9,1604.58,0.5,0.382,4.22,504.8,2014.8,30.5,312.9,0.623,34.7,85.9,33.1,0.658,30.7,0.21,1
6.02,32.72,168.79,0.165,0.137,2.14,212.1,1844.3,42.3,251.9,0.476,19.9,58.2,30.7,0.492,660.5,0.306,0
324.4,799.63,2277.5,0.51,0.414,4.12,331.2,1723.2,33.8,38.9,0.38,28.7,76.6,5.0,0.42,355.8,0.918,1
6.14,39.59,143.17,0.288,0.22,2.47,123.8,2436.2,20.9,136.6,0.205,34.7,52.4,21.1,0.22,3393.1,0.778,0
70.97,224.97,525.95,0.537,0.41,5.92,452.9,1499.9,22.7,136.1,0.211,25.9,88.9,26.1,0.168,21.5,0.098,1
102.79,356.29,1242.64,0.516,0.405,6.27,571.6,26.3,14.3,253.5,0.302,26.0,75.9,12.5,0.323,2.6,0.94,1
82.42,297.02,981.57,0.517,0.427,5.16,585.4,1545.7,21.8,53.9,0.682,23.8,94.2,23.4,0.724,53.7,0.422,1
77.78,275.87,865.71,0.443,0.416,7.55,599.0,1899.8,15.1,22.1,0.22,25.3,86.3,15.4,0.273,139.4,0.176,1
191.08,581.35,1394.87,0.509,0.449,6.08,509.5,2296.1,22.8,9.0,0.61,24.8,85.3,43.2,0.671,214.2,0.292,1
21.16,87.95,269.47,0.309,0.256,1.6,136.9,986.9,16.5,312.3,0.171,25.3,71.4,31.9,0.218,1195.7,0.504,0
29.48,109.79,317.19,0.187,0.17,0.88,102.3,138.5,2.3,222.8,0.629,19.5,57.3,7.6,0.706,581.4,0.134,0
91.83,307.29,1410.79,0.507,0.438,4.42,296.5,325.7,4.0,7.4,0.145,24.4,78.3,17.4,0.087,110.8,0.515,1
11.08,47.81,272.5,0.176,0.147,1.86,202.8,2270.8,15.9,337.3,0.245,36.8,52.6,14.8,0.188,2600.8,0.862,0
70.8,202.73,445.9,0.365,0.285,6.27,467.3,2376.9,16.5,39.0,0.25,25.6,78.0,20.9,0.264,195.5,0.697,1
190.66,463.68,1166.8,0.413,0.386,5.3,526.1,589.2,15.9,269.5,0.636,36.7,91.5,5.2,0.622,30.2,0.836,1
22.82,68.66,341.59,0.27,0.236,0.92,72.5,1692.3,38.9,307.7,0.482,18.7,61.1,35.9,0.562,172.1,0.274,0
103.89,222.41,522.72,0.531,0.445,6.32,533.0,1188.6,38.6,233.9,0.515,30.7,76.7,29.7,0.556,150.7,0.523,1
58.31,199.93,946.31,0.537,0.449,3.93,260.6,1514.9,37.1,25.5,0.633,25.9,79.1,28.1,0.736,105.0,0.137,1
152.95,326.09,1022.66,0.518,0.468,7.33,536.0,135.4,10.8,204.0,0.596,24.9,92.6,31.4,0.724,15.9,0.658,1
104.06,218.22,760.64,0.401,0.315,5.75,471.3,2410.4,44.6,163.0,0.111,29.5,95.5,32.7,0.056,189.2,0.253,1
176.73,378.0,1512.07,0.445,0.371,5.56,491.4,1184.3,40.4,273.2,0.306,20.3,83.5,37.7,0.337,773.1,0.204,1
70.25,200.79,580.21,0.437,0.333,7.37,512.9,1933.8,34.3,96.8,0.285,32.6,85.4,37.8,0.372,142.5,0.231,1
121.32,313.41,758.56,0.438,0.335,6.35,677.3,1296.3,35.4,250.4,0.62,34.5,81.4,42.9,0.686,511.0,0.644,1
15.69,57.96,266.4,0.247,0.211,2.77,270.3,2143.4,26.5,72.9,0.106,18.8,64.6,7.9,0.125,5161.7,0.43,0
12.02,41.05,254.18,0.333,0.275,1.4,106.6,1585.8,32.1,255.1,0.111,21.1,43.2,19.1,0.076,553.5,0.414,0
82.55,299.33,1096.67,0.381,0.34,8.23,813.0,808.4,25.3,94.4,0.23,20.3,76.9,32.1,0.238,107.1,0.184,1
11.88,70.96,345.02,0.344,0.326,2.19,88.8,1251.5,36.4,355.3,0.251,36.8,63.1,26.6,0.298,433.4,0.164,0
197.83,582.64,2555.46,0.432,0.399,3.85,336.6,1978.5,25.1,333.3,0.208,31.8,86.1,41.9,0.276,491.1,0.412,1
124.14,422.08,1152.97,0.415,0.348,3.56,292.2,677.8,43.5,182.8,0.156,23.7,82.9,40.7,0.129,217.9,0.405,1
1.11,20.79,104.5,0.16,0.132,2.38,193.4,1969.6,44.0,252.6,0.529,19.9,62.3,39.4,0.609,8513.8,0.273,0
120.75,434.39,1171.59,0.415,0.36,3.91,345.0,1774.7,22.6,293.3,0.203,31.3,90.1,12.7,0.222,810.1,0.792,1
96.77,218.78,513.53,0.501,0.385,5.45,568.0,30.7,4.2,245.8,0.513,19.8,82.2,13.4,0.583,58.8,0.684,1
9.48,31.98,199.02,0.218,0.207,0.7,30.6,2168.2,18.0,292.9,0.398,36.4,54.9,32.9,0.397,3686.7,0.288,0
22.17,58.96,152.08,0.191,0.181,2.77,143.7,1306.9,22.7,111.1,0.659,23.3,61.6,43.3,0.743,1862.5,0.536,0
12.1,67.86,219.04,0.14,0.131,2.89,117.8,2319.5,22.9,43.7,0.275,23.3,70.2,18.4,0.344,1554.5,0.667,0
13.48,70.23,241.1,0.278,0.246,1.52,89.5,37.0,9.7,44.5,0.741,27.2,54.7,41.7,0.833,1242.4,0.479,0
177.01,466.31,1060.72,0.479,0.407,3.71,438.1,2155.8,42.6,231.9,0.461,36.9,78.2,42.4,0.445,87.5,0.168,1
20.2,80.68,255.92,0.161,0.143,1.42,99.3,1927.6,23.9,169.1,0.728,25.8,43.6,25.1,0.865,230.8,0.45,0
272.44,895.75,1970.29,0.399,0.325,8.47,729.2,1656.1,27.8,294.7,0.522,24.9,96.1,35.9,0.545,38.1,0.284,1
13.65,63.62,336.7,0.245,0.225,2.43,289.3,1499.1,26.7,21.1,0.255,29.7,55.5,11.8,0.266,885.4,0.205,0
28.42,98.12,445.38,0.198,0.154,1.05,94.8,1502.4,26.4,196.4,0.295,37.5,53.2,33.0,0.336,257.2,0.266,0
88.82,283.08,1226.77,0.416,0.379,4.25,228.2,2098.9,32.3,57.2,0.203,22.9,89.3,35.6,0.238,215.0,0.777,1
72.65,184.19,825.92,0.449,0.415,4.52,471.8,2484.9,35.2,253.6,0.377,35.4,81.1,15.7,0.488,18.4,0.406,1
9.68,35.35,206.68,0.346,0.271,0.62,51.9,1160.8,26.9,116.7,0.314,27.9,41.9,27.7,0.239,129.2,0.78,0
10.1,56.2,205.32,0.174,0.147,0.64,76.6,1420.4,39.2,85.7,0.263,33.8,43.1,36.2,0.316,44.8,0.164,0
6.25,51.76,260.55,0.118,0.11,0.87,87.1,462.2,11.0,2.9,0.23,25.4,41.8,9.0,0.292,358.2,0.567,0
24.53,94.74,380.55,0.244,0.23,0.57,68.7,985.9,23.2,184.2,0.644,27.0,49.9,6.1,0.714,574.1,0.583,0
186.54,367.26,948.59,0.548,0.5,7.49,833.7,431.5,1.7,217.1,0.645,25.8,81.2,11.6,0.696,13.9,0.846,1
11.76,50.52,230.42,0.197,0.185,0.66,36.0,36.0,11.1,251.4,0.452,28.3,60.8,15.6,0.435,2234.8,0.497,0
18.36,60.09,256.24,0.146,0.137,2.62,261.4,1811.6,33.1,355.3,0.494,21.2,52.1,28.2,0.557,3052.3,0.619,0
25.57,96.25,262.72,0.285,0.269,2.28,182.1,771.6,30.0,203.6,0.373,34.6,64.3,41.4,0.515,81.6,0.89,0
102.82,293.63,698.9,0.432,0.36,7.27,366.2,2176.4,22.4,234.8,0.507,25.8,93.3,22.5,0.631,57.0,0.107,1
142.6,516.53,1641.71,0.519,0.419,4.62,395.0,1233.3,31.0,213.2,0.612,24.6,78.5,20.8,0.678,20.5,0.564,1
12.37,68.17,325.11,0.166,0.145,2.16,102.6,2012.3,17.4,247.8,0.418,34.8,52.0,33.1,0.413,1400.6,0.121,0
159.53,385.04,1143.51,0.354,0.279,4.59,462.9,1064.9,27.0,331.8,0.614,22.3,77.3,6.0,0.72,264.6,0.739,1
51.38,133.77,573.31,0.322,0.277,0.65,44.5,2083.5,41.0,347.7,0.68,32.5,72.8,38.7,0.771,27.9,0.386,0
17.2,86.83,252.14,0.151,0.131,2.97,311.3,2141.4,28.0,209.2,0.744,24.8,74.2,21.7,0.717,745.9,0.503,0
132.1,356.35,1092.09,0.44,0.401,7.29,689.4,1172.4,40.3,211.8,0.727,29.4,91.2,9.8,0.728,178.3,0.459,1
102.89,318.68,752.97,0.442,0.363,4.91,541.3,2333.2,16.2,298.7,0.262,28.3,79.7,25.4,0.406,153.1,0.079,1
94.55,281.84,1230.18,0.55,0.478,5.73,314.5,745.2,19.2,5.7,0.497,29.6,90.1,25.9,0.489,74.5,0.141,1
152.91,312.2,1422.19,0.459,0.427,6.71,615.1,941.0,37.0,69.4,0.332,29.7,89.2,20.1,0.357,618.4,0.16,1
22.45,67.0,234.7,0.129,0.107,1.01,110.7,1196.8,37.3,63.1,0.555,31.8,57.0,35.4,0.651,1806.6,0.63,0
54.85,164.12,737.14,0.494,0.427,4.6,267.8,1872.8,34.4,26.0,0.23,27.4,76.0,11.6,0.25,170.1,0.662,1
13.54,51.26,282.93,0.249,0.226,2.17,222.6,1002.7,42.6,129.5,0.28,27.8,71.8,43.8,0.281,2338.9,0.754,0
155.83,482.38,1018.35,0.46,0.368,8.26,518.8,218.7,6.4,270.7,0.73,33.2,78.3,40.9,0.854,86.1,0.323,1
8.51,58.46,264.53,0.109,0.084,0.54,56.3,15.8,4.3,214.4,0.495,22.2,64.4,34.1,0.571,650.1,0.525,0
228.64,804.1,3307.11,0.5,0.443,6.5,528.2,2183.1,23.1,96.3,0.23,33.6,87.7,13.6,0.276,175.1,0.616,1
9.1,53.25,229.54,0.137,0.113,2.99,279.0,1603.4,33.4,321.0,0.356,18.2,52.2,28.9,0.341,999.8,0.438,0
3.81,24.37,140.41,0.19,0.157,0.8,56.0,433.4,10.0,112.5,0.333,29.5,53.6,28.6,0.366,2500.9,0.773,0
106.88,297.28,979.96,0.411,0.384,7.51,796.6,2256.3,35.9,188.4,0.251,26.7,91.4,19.0,0.336,51.4,0.501,1
18.09,76.7,283.82,0.335,0.278,0.72,35.8,1808.5,39.3,15.5,0.139,30.7,62.4,23.2,0.154,438.4,0.381,0
67.2,156.4,345.72,0.369,0.348,7.41,410.9,1915.5,27.1,302.7,0.737,27.8,91.4,11.6,0.806,1099.0,0.326,1
14.44,76.08,326.74,0.149,0.115,1.37,64.7,1129.2,23.5,351.8,0.341,33.8,49.5,15.8,0.361,3799.5,0.734,0
47.52,148.21,613.65,0.337,0.276,2.29,265.6,1885.1,23.3,320.8,0.455,22.0,70.4,15.7,0.539,264.3,0.159,0
10.06,58.31,269.44,0.106,0.095,1.93,149.1,1518.8,39.1,147.1,0.363,23.4,49.8,11.7,0.388,317.9,0.351,0
4.26,51.32,233.11,0.261,0.202,1.95,152.7,1839.1,40.6,56.5,0.561,29.6,61.8,15.3,0.622,0.2,0.791,0
134.91,406.85,1203.78,0.509,0.422,8.09,518.9,852.5,21.2,109.0,0.585,22.7,76.6,31.1,0.572,138.9,0.555,1
6.05,35.33,116.77,0.289,0.266,2.98,231.2,1342.2,26.2,329.8,0.685,36.9,61.8,36.8,0.767,903.8,0.673,0
97.76,296.3,1328.62,0.395,0.356,7.55,444.1,98.5,5.6,350.6,0.308,35.2,79.7,43.9,0.279,84.4,0.889,1
112.34,333.35,1071.13,0.524,0.423,4.27,496.1,414.1,6.6,21.6,0.737,33.2,88.4,15.0,0.835,87.1,0.087,1
5.24,34.86,164.18,0.293,0.24,1.31,79.7,2142.4,25.4,47.6,0.618,33.0,53.7,5.6,0.64,1030.0,0.485,0
135.77,280.45,744.85,0.514,0.438,3.67,418.2,1643.6,33.4,295.6,0.224,30.9,97.6,24.9,0.212,72.6,0.066,1
145.81,398.93,967.21,0.392,0.351,4.89,386.8,2071.8,19.4,61.9,0.427,32.7,81.1,43.3,0.443,766.4,0.531,1
145.78,519.02,1203.94,0.362,0.282,7.65,573.4,1407.1,35.6,139.3,0.322,18.7,90.8,30.0,0.357,209.4,0.052,1
4.77,49.29,261.44,0.101,0.086,2.8,292.5,1086.2,23.8,13.1,0.433,29.6,70.1,44.0,0.5,1602.2,0.298,0
19.83,61.12,277.31,0.314,0.24,1.61,128.1,2039.7,43.3,74.7,0.302,23.2,44.4,33.3,0.411,571.2,0.165,0
84.31,276.45,1032.92,0.398,0.33,7.54,462.4,127.4,10.0,63.7,0.258,20.0,85.8,26.0,0.323,1978.9,0.178,1
126.83,300.16,1352.28,0.531,0.418,6.15,460.2,1719.8,41.0,293.9,0.582,37.4,96.5,13.8,0.646,3.4,0.231,1
42.46,150.62,399.92,0.378,0.307,6.43,483.3,1527.5,33.0,21.5,0.436,36.9,85.1,10.3,0.517,339.9,0.874,1
9.51,43.56,156.45,0.207,0.169,0.74,47.3,98.8,1.9,214.5,0.457,36.1,44.4,37.6,0.454,369.2,0.717,0
84.01,315.55,858.53,0.41,0.37,4.1,302.1,845.7,15.5,210.4,0.376,30.9,85.3,19.5,0.421,280.6,0.825,1
2.14,40.47,167.9,0.198,0.159,1.98,98.0,1300.9,42.2,341.7,0.693,18.1,71.5,17.0,0.862,657.4,0.774,0
5.14,50.79,274.73,0.219,0.193,1.91,220.2,90.9,3.3,36.0,0.131,23.9,54.0,26.6,0.08,2044.4,0.172,0
15.65,52.0,281.27,0.138,0.119,2.91,265.6,777.0,28.5,231.1,0.61,18.4,74.6,42.4,0.712,3413.7,0.204,0
103.05,258.6,933.87,0.388,0.354,6.72,372.9,47.0,2.6,273.6,0.624,24.6,80.2,17.5,0.699,560.0,0.398,1
19.55,79.79,354.64,0.281,0.229,0.59,60.5,686.9,23.7,2.9,0.355,23.9,54.1,5.3,0.338,147.9,0.286,0
14.4,95.29,442.3,0.312,0.296,2.8,171.6,2443.9,24.9,233.1,0.145,29.4,41.9,38.7,0.146,1115.0,0.107,0
194.08,629.43,2299.7,0.353,0.286,6.53,572.6,1139.5,29.3,41.3,0.609,20.8,87.8,39.6,0.724,357.9,0.661,1
18.08,76.43,234.31,0.257,0.222,2.37,268.6,2374.3,17.4,226.9,0.393,24.5,40.5,8.1,0.526,2831.1,0.549,0
4.41,25.86,152.93,0.342,0.3,1.01,102.2,2012.4,17.3,103.2,0.503,36.0,55.0,30.2,0.598,145.1,0.486,0
13.36,40.03,209.69,0.1,0.086,2.57,128.0,662.9,39.5,39.4,0.623,22.6,47.9,20.9,0.703,796.8,0.738,0
195.35,630.04,2313.06,0.549,0.506,8.39,702.1,2342.5,26.3,164.1,0.208,27.9,84.2,38.9,0.202,66.8,0.768,1
122.47,294.31,845.33,0.44,0.34,3.85,371.5,757.2,44.4,224.4,0.338,20.4,92.2,28.8,0.383,420.0,0.412,1
22.82,99.24,337.1,0.187,0.163,0.87,48.8,869.8,17.6,114.1,0.55,33.1,59.6,10.8,0.607,2783.1,0.179,0
66.21,151.89,509.15,0.497,0.423,4.0,192.0,765.4,43.1,189.8,0.323,19.6,97.4,26.8,0.334,280.9,0.388,1
93.53,334.1,841.19,0.526,0.438,7.8,404.1,1111.3,34.5,133.0,0.34,21.4,95.8,12.2,0.269,106.3,0.182,1
5.49,38.2,191.64,0.232,0.19,0.6,69.9,193.4,14.0,338.2,0.583,37.7,71.0,17.6,0.599,833.3,0.911,0
184.47,461.71,1171.16,0.455,0.355,7.37,792.5,2042.7,23.0,214.5,0.585,23.9,91.5,27.8,0.61,76.2,0.642,1
105.78,252.86,880.41,0.414,0.365,6.89,748.8,214.0,2.3,116.9,0.49,18.2,78.2,19.8,0.54,66.9,0.379,1
79.09,261.81,596.65,0.46,0.356,4.03,240.8,1201.7,25.2,78.2,0.368,22.8,75.3,27.6,0.373,150.1,0.916,1
11.38,32.26,194.73,0.195,0.179,0.88,74.3,183.0,1.8,207.9,0.352,26.6,50.2,28.4,0.451,789.1,0.202,0
258.09,904.99,2400.73,0.387,0.325,7.02,554.8,1640.4,43.6,353.0,0.29,27.4,91.1,41.5,0.366,450.1,0.946,1
135.72,329.45,1085.08,0.485,0.422,5.3,566.2,1131.0,21.2,172.5,0.149,26.1,82.5,14.0,0.114,866.5,0.165,1
30.62,102.37,270.27,0.232,0.178,1.67,123.0,12.8,2.0,328.2,0.13,20.7,50.6,32.4,0.126,3361.2,0.275,0
36.6,83.36,220.54,0.184,0.141,2.32,192.8,1083.7,21.5,190.9,0.699,21.7,49.0,27.9,0.749,579.6,0.945,0
18.04,76.79,371.25,0.1,0.08,0.66,57.2,915.6,22.1,289.5,0.183,31.3,69.5,17.1,0.203,171.8,0.533,0
4.45,28.09,87.36,0.189,0.171,1.01,70.4,2286.2,36.1,212.3,0.498,37.5,54.0,27.2,0.581,833.9,0.296,0
212.51,525.35,1963.47,0.501,0.424,8.11,346.3,1501.5,20.2,210.5,0.277,33.0,91.2,14.3,0.293,136.0,0.842,1
46.02,113.84,261.49,0.125,0.102,0.91,72.4,2069.7,16.2,151.7,0.513,33.4,52.7,23.6,0.54,1872.3,0.818,0
13.87,39.7,158.58,0.15,0.138,2.17,172.3,370.2,5.1,247.3,0.553,26.7,46.2,38.2,0.669,1617.3,0.831,0
130.42,325.1,1278.52,0.421,0.332,3.79,163.8,324.6,13.1,177.8,0.61,25.2,79.6,9.6,0.609,710.9,0.2,1
5.84,32.14,179.91,0.17,0.136,1.8,142.1,465.4,10.2,304.2,0.159,34.0,71.0,6.5,0.253,1902.4,0.47,0
116.25,307.77,1032.64,0.364,0.329,6.32,511.6,2359.7,25.9,332.1,0.167,31.9,90.1,6.8,0.221,133.0,0.772,1
12.14,56.76,275.37,0.237,0.179,1.54,78.3,257.6,5.1,176.9,0.625,27.0,63.5,23.4,0.701,3835.7,0.377,0
0.96,0.96,55.7,0.24,0.191,2.05,105.8,1213.8,32.1,94.7,0.707,33.2,61.0,36.3,0.723,3155.4,0.496,0
21.51,74.7,236.69,0.112,0.096,2.7,310.8,199.9,1.7,161.9,0.268,19.4,65.2,7.6,0.381,1203.3,0.377,0
3.94,15.78,132.88,0.293,0.273,2.49,137.8,1899.3,34.5,253.5,0.3,19.3,73.2,9.2,0.398,1197.1,0.092,0
51.36,158.83,650.16,0.283,0.227,2.02,131.1,968.3,43.7,181.0,0.697,32.2,42.4,11.9,0.716,3355.9,0.433,0
126.54,463.05,1057.81,0.418,0.331,8.01,511.3,1533.3,15.7,142.7,0.615,37.6,76.4,22.6,0.714,20.4,0.878,1
77.24,162.38,793.09,0.503,0.476,5.01,464.2,188.4,1.8,9.7,0.255,21.2,94.9,39.7,0.257,155.4,0.189,1
14.07,46.4,178.75,0.238,0.204,2.53,231.6,1084.4,35.2,66.1,0.479,37.0,54.2,17.2,0.534,1423.8,0.481,0
50.54,138.25,494.21,0.417,0.318,8.3,937.9,343.1,8.0,302.7,0.304,37.4,95.6,27.0,0.388,586.5,0.304,1
76.51,215.73,721.51,0.447,0.36,3.54,255.4,818.0,36.8,275.1,0.388,19.9,83.8,7.8,0.449,43.2,0.722,1
195.08,402.95,1489.07,0.434,0.372,4.85,497.2,480.3,9.1,30.1,0.558,27.1,95.0,13.8,0.683,256.5,0.781,1
31.09,108.31,464.64,0.167,0.128,2.72,191.2,1209.5,18.7,38.2,0.262,26.7,57.0,8.1,0.359,2713.9,0.79,0
13.92,57.36,250.32,0.17,0.151,2.18,129.0,2235.0,15.1,336.2,0.148,22.3,73.4,10.2,0.261,1916.3,0.471,0
27.13,88.71,349.42,0.336,0.287,1.42,158.4,999.3,27.0,287.1,0.746,26.8,66.9,16.3,0.766,2031.4,0.327,0
157.69,404.45,974.53,0.509,0.454,6.36,500.3,2260.0,39.2,146.2,0.378,34.7,86.4,8.9,0.514,297.7,0.532,1
67.63,247.95,619.85,0.468,0.383,6.08,432.8,1939.6,32.7,350.2,0.575,36.3,84.9,16.6,0.555,527.0,0.776,1
8.88,35.65,196.39,0.21,0.175,1.61,180.9,1869.8,19.4,350.3,0.748,24.6,56.5,9.6,0.872,7753.1,0.592,0
4.57,31.55,199.18,0.12,0.112,2.5,287.9,1954.9,24.5,359.2,0.125,22.4,60.7,28.2,0.11,1525.2,0.08,0
95.35,298.2,974.76,0.535,0.423,3.76,286.4,1779.6,34.9,136.7,0.388,28.4,86.7,5.3,0.512,45.7,0.515,1
199.74,381.24,888.78,0.472,0.358,6.52,271.1,516.2,42.8,191.8,0.113,23.9,94.2,33.2,0.176,98.3,0.181,1
118.42,407.28,1323.73,0.452,0.428,6.09,259.3,2097.5,40.8,234.4,0.522,28.7,86.7,15.5,0.587,539.0,0.718,1
74.75,182.36,541.26,0.457,0.343,6.43,570.2,946.1,34.0,294.7,0.208,30.5,86.4,29.1,0.23,304.7,0.349,1
27.94,72.26,354.76,0.225,0.208,2.13,230.5,680.4,21.6,69.9,0.711,33.9,43.6,24.0,0.83,671.1,0.271,0
272.32,860.96,2027.67,0.446,0.408,3.91,430.6,2084.4,41.1,117.8,0.669,31.1,76.0,10.3,0.736,32.6,0.878,1
103.92,240.87,821.74,0.496,0.421,4.34,486.3,1546.9,42.6,128.7,0.525,28.7,85.5,44.6,0.679,98.3,0.297,1
14.55,22.82,148.4,0.229,0.204,0.75,78.7,640.1,42.3,300.5,0.205,31.5,48.5,25.6,0.202,543.9,0.618,0
119.18,275.28,1303.63,0.359,0.277,7.54,827.7,2220.4,32.0,172.0,0.324,22.5,86.7,32.9,0.376,245.2,0.793,1
161.97,552.07,1286.9,0.396,0.358,4.73,507.6,1351.7,41.1,208.4,0.737,36.7,81.0,40.6,0.869,52.8,0.498,1
12.44,64.1,188.5,0.229,0.207,1.71,183.2,69.6,10.2,281.6,0.305,31.0,40.5,13.6,0.281,609.8,0.467,0
39.12,107.3,523.64,0.517,0.393,4.68,309.6,1321.8,33.6,229.5,0.746,34.9,83.8,17.5,0.855,231.9,0.94,1
154.69,495.51,1565.41,0.434,0.369,7.25,518.0,2388.1,44.5,329.0,0.635,22.3,82.4,7.1,0.727,350.6,0.262,1
82.43,261.66,1065.59,0.455,0.428,7.87,514.5,413.4,9.5,55.4,0.446,31.6,97.3,16.1,0.501,123.5,0.494,1
2.99,33.09,161.36,0.117,0.11,2.08,108.9,759.4,33.7,169.8,0.653,18.5,58.6,33.5,0.616,779.7,0.382,0
6.45,42.89,195.69,0.201,0.191,2.76,183.8,578.9,15.8,139.6,0.733,20.9,69.0,37.5,0.83,5582.0,0.301,0
31.52,136.6,380.9,0.45,0.397,3.69,415.7,558.6,28.5,293.7,0.288,20.7,94.1,11.0,0.243,374.5,0.097,1
26.14,87.33,262.4,0.158,0.123,1.37,161.3,202.4,3.6,173.7,0.176,35.7,57.0,27.0,0.265,1316.5,0.517,0
90.86,320.09,1284.31,0.354,0.295,4.48,233.3,1171.4,22.1,331.6,0.154,27.3,96.4,7.6,0.065,436.6,0.668,1
89.95,195.36,857.32,0.48,0.43,5.87,546.0,2047.9,37.5,101.0,0.496,31.6,75.2,33.1,0.627,715.6,0.471,1
22.62,55.52,277.59,0.207,0.167,1.07,125.5,607.7,37.8,88.7,0.311,37.5,73.0,6.5,0.298,547.4,0.151,0
70.55,256.64,851.47,0.523,0.477,6.59,372.5,1780.7,34.0,211.1,0.35,35.5,92.6,38.0,0.336,361.4,0.187,1
177.42,571.9,1558.07,0.5,0.461,6.33,678.5,1436.9,41.8,17.9,0.201,30.2,79.1,15.4,0.192,360.7,0.376,1
8.06,42.61,164.35,0.276,0.249,2.1,133.9,538.5,28.5,237.6,0.156,23.1,46.4,40.2,0.135,2.8,0.673,0
232.79,676.06,2963.21,0.371,0.303,7.34,534.3,1428.4,21.3,276.0,0.308,21.1,84.8,17.2,0.38,386.4,0.678,1
112.77,280.84,1215.89,0.409,0.367,3.57,404.9,1311.2,34.5,94.5,0.214,31.6,77.6,15.5,0.208,867.6,0.697,1
41.34,80.21,282.07,0.375,0.287,7.83,349.5,572.3,43.5,128.4,0.144,24.8,97.6,14.6,0.167,144.5,0.497,1
108.24,211.09,642.44,0.498,0.407,3.51,266.7,52.2,13.3,239.5,0.125,26.5,92.0,20.8,0.104,93.6,0.828,1
33.69,80.32,373.24,0.303,0.274,2.31,185.7,1023.2,41.4,200.7,0.138,31.5,45.6,29.1,0.189,2175.8,0.261,0
65.84,219.82,731.86,0.481,0.437,7.91,886.2,814.7,41.0,226.0,0.568,34.1,87.9,18.8,0.707,574.3,0.83,1
109.01,266.85,1014.29,0.4,0.325,5.59,480.2,714.2,15.2,201.7,0.497,29.1,87.0,7.9,0.497,45.5,0.611,1
110.22,250.83,824.53,0.463,0.436,7.28,841.4,1749.6,17.3,179.2,0.55,35.1,86.3,23.9,0.594,69.7,0.426,1
174.74,626.76,1675.49,0.511,0.411,5.51,360.8,1776.5,31.6,10.9,0.63,34.8,86.5,17.6,0.679,824.0,0.755,1
24.42,79.72,250.58,0.138,0.122,0.96,76.4,2317.5,40.7,134.0,0.504,29.1,68.4,25.5,0.476,1433.8,0.671,0
222.53,675.44,1617.51,0.351,0.325,8.5,355.3,78.3,7.4,217.4,0.412,19.7,90.0,18.2,0.409,1046.8,0.523,1
21.63,84.76,202.77,0.332,0.286,0.74,88.1,2276.8,41.7,287.8,0.631,31.7,72.3,20.0,0.628,653.6,0.673,0
16.26,58.79,233.81,0.221,0.184,2.83,166.3,1688.9,25.6,310.5,0.507,25.5,47.5,25.2,0.565,974.4,0.348,0
27.58,72.86,233.02,0.346,0.274,2.42,276.7,1652.1,27.5,130.2,0.555,33.6,61.0,11.1,0.647,174.8,0.266,0
170.84,512.32,1427.41,0.451,0.356,6.21,447.2,2480.2,24.7,251.8,0.381,19.5,83.5,11.9,0.334,478.1,0.124,1
205.71,576.77,1280.36,0.431,0.337,8.31,442.1,203.6,12.9,29.7,0.393,27.1,93.0,11.2,0.421,104.1,0.344,1
50.69,158.23,482.05,0.419,0.351,5.53,407.1,2010.0,28.8,130.4,0.391,26.3,90.0,18.3,0.431,1191.7,0.313,1
100.84,301.72,1051.6,0.373,0.321,4.89,322.0,1487.4,29.4,57.3,0.286,21.8,92.8,12.9,0.339,61.1,0.156,1
139.02,496.51,2199.0,0.45,0.413,8.32,966.9,412.7,2.8,169.2,0.502,29.0,93.9,30.1,0.57,1211.4,0.435,1
120.76,244.73,723.34,0.514,0.408,7.04,716.3,1929.3,26.6,230.5,0.386,28.6,96.3,5.5,0.472,167.4,0.776,1
28.82,114.11,265.5,0.228,0.205,2.7,153.0,903.0,33.1,338.8,0.131,27.6,62.1,13.8,0.158,1316.3,0.791,0
43.12,112.23,369.71,0.307,0.273,2.78,231.7,639.2,15.3,304.0,0.555,24.6,72.5,37.1,0.561,706.9,0.129,0
2.94,46.53,246.38,0.111,0.098,2.71,253.9,1447.5,31.4,59.1,0.427,36.4,49.5,31.8,0.465,4107.3,0.688,0
112.36,232.37,746.64,0.426,0.349,6.02,519.6,1197.7,15.5,274.7,0.223,33.7,95.7,42.7,0.276,261.8,0.859,1
103.24,289.14,818.1,0.548,0.446,7.18,814.0,401.2,3.2,208.0,0.137,34.9,87.5,14.4,0.116,165.0,0.06,1
5.0,28.01,150.34,0.254,0.229,1.72,84.3,1830.3,26.4,295.0,0.225,23.6,42.3,12.2,0.275,4863.2,0.656,0
33.93,78.84,237.25,0.29,0.234,2.43,105.0,786.7,28.9,171.7,0.432,37.2,54.9,15.5,0.461,1791.7,0.947,0
102.28,234.17,1097.81,0.47,0.384,5.69,505.8,1235.1,39.3,72.6,0.142,24.5,81.5,19.0,0.157,129.2,0.61,1
12.11,53.6,271.27,0.22,0.208,0.72,71.7,729.0,35.2,27.9,0.5,20.1,69.0,5.7,0.521,845.9,0.196,0
195.95,402.0,1522.36,0.485,0.461,7.86,823.9,1106.3,42.9,95.9,0.277,34.4,82.7,14.0,0.333,89.6,0.416,1
133.04,442.73,1581.1,0.441,0.331,8.17,464.7,631.6,22.4,69.9,0.727,18.7,92.6,6.0,0.781,331.5,0.064,1
32.55,126.27,371.03,0.25,0.222,0.72,39.7,1207.3,26.9,219.6,0.613,37.4,49.0,42.9,0.657,1788.3,0.607,0
13.1,63.67,292.27,0.13,0.112,2.14,229.3,410.1,6.3,232.1,0.172,20.3,41.1,44.8,0.158,195.2,0.89,0
116.03,329.91,975.34,0.504,0.425,7.43,497.8,714.1,20.4,159.1,0.564,20.8,94.9,40.0,0.66,249.5,0.629,1
82.23,244.78,840.29,0.52,0.418,4.73,438.4,541.0,35.0,163.8,0.64,18.5,90.8,25.9,0.739,192.6,0.479,1
129.32,303.88,709.29,0.514,0.438,4.82,251.1,908.6,34.7,311.8,0.664,20.2,77.0,6.6,0.733,47.1,0.274,1
93.56,278.28,813.57,0.43,0.362,6.88,716.4,2077.3,29.8,51.9,0.455,22.6,87.6,39.8,0.515,79.5,0.377,1
18.71,72.13,286.13,0.105,0.087,0.93,109.0,1243.5,19.4,39.1,0.661,33.9,49.2,23.1,0.734,3897.1,0.067,0
116.44,409.17,1355.14,0.524,0.482,7.02,826.2,1065.7,32.0,26.0,0.596,18.2,88.7,16.1,0.6,228.8,0.416,1
235.13,809.32,2387.89,0.379,0.304,3.86,314.9,1435.2,30.3,171.3,0.468,35.1,91.1,41.0,0.496,55.2,0.183,1
50.65,202.07,685.14,0.406,0.353,6.02,356.1,1963.7,32.1,281.1,0.374,24.1,97.1,5.1,0.449,667.3,0.59,1
9.98,38.47,198.6,0.111,0.102,2.54,130.2,749.5,28.5,241.1,0.101,35.8,50.4,43.0,0.072,848.3,0.589,0
66.21,163.14,524.01,0.358,0.339,5.87,350.3,2019.2,17.5,31.8,0.5,26.3,95.8,19.8,0.537,520.2,0.37,1
102.27,342.71,1208.53,0.473,0.412,4.14,371.4,631.5,27.3,181.5,0.259,32.1,90.7,44.3,0.312,187.6,0.749,1
13.97,55.25,220.12,0.146,0.124,0.85,63.8,2121.4,24.5,14.7,0.248,20.9,45.0,22.3,0.194,721.2,0.779,0
39.21,148.98,659.77,0.12,0.11,1.23,96.1,2085.5,23.1,45.8,0.193,28.9,60.6,13.3,0.265,909.1,0.418,0
88.91,205.68,681.3,0.509,0.401,4.22,328.9,1481.3,34.9,75.3,0.544,24.6,91.5,41.0,0.662,707.5,0.165,1
29.85,102.62,481.97,0.269,0.236,2.2,227.9,898.0,35.1,154.2,0.541,23.2,44.8,32.7,0.589,37.8,0.724,0
12.47,64.52,270.76,0.146,0.111,2.18,232.7,1041.5,44.2,131.9,0.371,31.6,42.2,44.4,0.403,2513.1,0.496,0
36.19,108.13,357.42,0.217,0.192,1.12,46.2,2034.4,34.0,245.1,0.404,36.1,42.3,24.5,0.401,672.3,0.771,0
89.45,314.9,1245.13,0.492,0.447,4.83,547.6,215.1,8.3,273.9,0.594,30.7,79.2,43.6,0.685,221.4,0.268,1
87.42,231.02,609.69,0.377,0.288,5.53,392.8,1969.1,31.0,326.6,0.2,35.7,82.0,23.2,0.2,226.5,0.548,1
77.37,265.47,1211.24,0.373,0.343,5.34,316.4,341.9,7.4,218.6,0.249,25.5,80.4,44.7,0.26,196.4,0.163,1
18.42,54.85,217.85,0.141,0.11,0.63,75.9,2040.6,27.3,93.5,0.713,31.3,58.5,39.1,0.805,1863.3,0.621,0
97.26,295.91,1172.08,0.366,0.287,7.52,374.5,2254.4,34.1,183.8,0.749,20.0,77.9,18.2,0.783,583.7,0.665,1
105.83,232.82,900.46,0.394,0.361,7.21,473.7,1288.5,39.6,230.1,0.433,37.0,76.5,22.8,0.41,51.9,0.904,1
102.08,280.02,669.93,0.438,0.339,7.42,835.3,1884.7,33.9,66.1,0.401,32.2,81.6,38.0,0.468,960.8,0.79,1
85.81,248.09,984.64,0.514,0.455,4.24,330.7,514.1,20.1,150.0,0.154,28.6,83.3,32.4,0.182,151.9,0.218,1
32.26,112.77,508.47,0.118,0.096,2.05,234.0,1931.5,24.7,114.9,0.537,35.3,70.3,15.9,0.499,179.2,0.509,0
158.22,542.78,2496.8,0.464,0.371,5.15,305.6,1760.2,43.9,232.5,0.404,32.3,90.7,33.5,0.344,280.2,0.918,1
10.4,36.21,172.55,0.284,0.25,2.56,185.6,295.7,8.2,33.1,0.45,26.9,65.2,19.4,0.455,1606.5,0.23,0
79.84,298.33,1037.42,0.51,0.394,3.83,169.0,1265.1,39.9,295.5,0.706,29.4,95.1,25.6,0.868,27.4,0.187,1
44.14,130.24,621.08,0.174,0.15,1.28,98.1,1917.7,19.2,34.4,0.698,29.2,56.2,38.9,0.696,158.0,0.335,0
10.64,56.81,252.45,0.207,0.194,1.45,57.9,240.4,8.5,299.5,0.696,31.2,49.2,27.2,0.78,967.8,0.829,0
23.26,80.18,229.57,0.178,0.164,1.02,66.4,1650.5,21.3,49.9,0.164,33.3,40.7,8.6,0.172,4872.2,0.367,0
99.82,241.33,626.88,0.383,0.352,7.77,755.5,2005.1,43.8,278.8,0.349,25.7,92.7,7.5,0.302,353.8,0.715,1
3.21,29.93,192.24,0.133,0.108,0.67,65.8,877.4,16.5,311.7,0.532,33.3,62.5,17.4,0.481,255.6,0.431,0
215.56,405.82,1128.21,0.5,0.445,6.3,467.4,960.8,32.3,208.1,0.19,23.6,92.5,28.0,0.167,756.8,0.619,1
31.74,156.47,646.25,0.283,0.257,2.83,116.0,693.4,20.4,325.8,0.711,25.6,69.1,35.1,0.783,1447.9,0.264,0
11.53,36.6,197.39,0.215,0.2,2.57,129.7,475.6,12.3,105.3,0.474,25.5,59.2,14.9,0.642,2239.5,0.505,0
157.95,549.52,1459.09,0.388,0.311,4.32,256.4,2395.1,42.0,120.7,0.488,19.6,89.7,30.7,0.653,77.5,0.136,1
24.68,91.17,412.32,0.301,0.271,2.4,99.3,1761.9,23.9,135.3,0.182,21.9,42.3,19.6,0.221,791.2,0.608,0
3.37,34.86,148.89,0.199,0.158,1.91,109.4,141.2,11.7,346.5,0.111,37.6,46.3,33.3,0.141,1356.2,0.46,0
39.87,118.76,419.91,0.514,0.388,7.4,606.3,2319.9,16.4,25.5,0.518,28.1,86.0,28.9,0.572,212.3,0.221,1
45.64,130.97,367.87,0.189,0.16,0.51,25.5,297.6,2.2,2.9,0.239,22.4,53.3,5.6,0.218,141.5,0.537,0
28.43,77.77,247.51,0.172,0.156,2.21,241.9,2310.9,33.1,18.7,0.632,25.7,47.0,35.8,0.659,628.9,0.315,0
14.42,74.37,339.47,0.25,0.199,0.61,27.1,1134.9,33.5,176.1,0.132,26.9,50.6,31.4,0.088,1910.3,0.303,0
130.27,375.08,1150.74,0.452,0.344,4.76,485.4,1219.3,42.4,79.3,0.212,27.4,91.9,39.6,0.188,145.8,0.239,1
77.02,260.31,888.08,0.512,0.422,4.22,319.8,1354.7,17.8,175.4,0.607,26.8,84.2,34.2,0.685,186.9,0.783,1
76.74,274.64,695.09,0.375,0.296,5.69,506.5,243.4,2.1,191.6,0.109,33.8,92.2,26.7,0.079,1191.8,0.827,1
121.2,343.83,1483.39,0.381,0.315,7.1,558.6,1665.5,23.9,174.4,0.257,25.2,79.2,21.3,0.237,266.4,0.622,1
4.92,38.06,151.91,0.335,0.313,2.17,161.2,1638.9,22.3,161.4,0.571,29.9,42.4,15.6,0.612,827.6,0.616,0
25.54,76.43,337.19,0.196,0.176,1.75,164.8,1448.6,25.1,141.5,0.552,27.1,72.3,42.2,0.548,218.8,0.399,0
147.35,478.99,1213.83,0.363,0.299,6.76,393.2,2220.6,43.2,116.3,0.233,27.3,90.6,34.6,0.215,849.6,0.876,1
8.19,20.03,122.47,0.226,0.184,0.79,62.0,1201.3,22.6,116.3,0.615,36.8,54.5,41.9,0.628,2361.8,0.9,0
18.2,53.77,172.65,0.168,0.157,2.15,224.7,1779.2,17.5,75.9,0.373,24.5,73.6,12.4,0.376,2592.9,0.664,0
7.91,33.5,150.02,0.207,0.192,1.82,95.6,854.8,27.3,143.0,0.555,20.6,58.4,31.8,0.74,56.8,0.351,0
11.28,21.49,93.79,0.194,0.169,0.62,29.2,2312.3,23.0,197.5,0.402,25.6,49.1,9.8,0.444,312.2,0.681,0
112.27,333.35,1465.49,0.493,0.405,3.67,323.8,2331.0,23.7,338.2,0.106,20.6,97.5,22.3,0.159,369.9,0.491,1
3.57,30.53,156.78,0.225,0.204,2.62,307.1,1210.4,28.6,261.0,0.103,34.4,70.7,35.5,0.11,2422.3,0.215,0
89.73,265.36,991.86,0.531,0.468,6.65,494.6,1842.5,39.5,327.9,0.743,22.7,83.6,37.9,0.743,564.6,0.209,1
79.05,256.1,885.72,0.101,0.087,2.24,235.8,590.7,40.1,78.7,0.232,29.3,62.6,15.5,0.288,650.2,0.231,0
55.02,149.99,525.66,0.436,0.392,5.77,447.6,1612.3,29.5,89.4,0.657,21.9,87.2,22.3,0.706,24.8,0.67,1
4.45,34.28,134.06,0.143,0.111,2.42,142.4,221.8,7.3,109.3,0.248,19.1,67.7,26.7,0.253,2901.9,0.631,0
20.75,78.27,356.42,0.278,0.26,0.83,65.7,2157.8,20.0,348.2,0.394,24.4,49.5,18.0,0.438,3177.1,0.272,0
90.45,264.53,1029.0,0.383,0.362,3.82,287.7,1806.7,23.0,190.0,0.74,37.8,86.7,15.5,0.825,656.7,0.734,1
228.3,428.08,1596.72,0.417,0.343,3.79,228.3,2387.7,19.8,296.0,0.187,37.5,91.9,39.4,0.275,14.5,0.911,1
32.43,117.62,500.87,0.344,0.323,1.63,111.1,1947.8,42.6,292.9,0.46,27.5,42.4,18.2,0.498,1590.1,0.059,0
10.02,32.76,175.54,0.119,0.108,0.96,68.6,465.7,2.8,318.8,0.335,25.6,71.8,22.4,0.306,142.1,0.203,0
16.54,62.64,190.91,0.216,0.203,2.2,238.8,1174.0,38.0,74.1,0.471,37.5,48.0,26.3,0.516,139.4,0.698,0
22.81,80.48,288.84,0.325,0.303,2.35,152.0,1360.6,35.6,186.4,0.441,26.7,73.0,22.6,0.541,2074.5,0.671,0
19.44,73.79,365.6,0.18,0.142,1.18,134.2,2072.9,15.4,213.3,0.185,18.3,53.4,39.5,0.214,748.0,0.251,0
13.63,52.48,220.24,0.301,0.241,1.28,52.7,1380.5,21.3,184.9,0.469,37.1,53.4,13.8,0.513,832.8,0.76,0
23.57,96.47,464.65,0.24,0.193,1.14,57.5,1197.0,41.2,307.4,0.335,34.9,41.6,11.7,0.293,1849.1,0.154,0
3.06,11.79,90.64,0.345,0.265,1.2,50.5,1785.4,29.4,337.5,0.267,31.8,68.9,32.6,0.342,3725.7,0.566,0
67.88,245.12,745.62,0.362,0.301,5.53,561.0,1609.0,37.3,79.6,0.191,35.3,94.1,39.0,0.293,136.9,0.56,1
157.83,508.72,1579.31,0.411,0.338,4.98,248.8,1874.5,21.5,20.8,0.533,20.9,78.7,44.8,0.601,74.6,0.7,1
96.45,260.63,777.72,0.355,0.291,6.72,577.1,1193.1,17.0,264.9,0.567,22.6,82.9,36.5,0.64,291.6,0.82,1
13.18,45.99,243.4,0.14,0.115,1.71,175.0,1811.5,39.8,183.4,0.631,19.6,50.8,22.0,0.713,799.5,0.825,0
8.21,40.74,200.18,0.315,0.24,2.04,161.7,2428.1,22.0,338.0,0.632,36.5,63.5,26.6,0.704,76.8,0.694,0
157.9,551.6,2481.63,0.529,0.416,4.97,237.6,462.2,4.4,255.4,0.747,24.6,87.8,6.6,0.764,166.5,0.815,1
16.91,63.51,248.58,0.255,0.206,1.76,188.2,140.2,14.5,112.5,0.257,36.6,65.4,38.7,0.237,8680.9,0.784,0
18.99,69.92,195.48,0.288,0.267,1.77,99.7,1431.1,31.4,191.2,0.468,27.6,72.1,30.1,0.518,1905.0,0.861,0
164.97,504.48,1213.35,0.533,0.498,8.3,394.7,404.5,1.0,323.5,0.471,32.5,98.0,15.0,0.442,1006.0,0.179,1
83.1,276.88,758.75,0.362,0.292,4.6,466.5,421.0,2.9,305.4,0.448,33.1,86.2,32.0,0.541,537.2,0.129,1
181.32,390.14,1442.92,0.445,0.395,5.01,211.7,1683.6,37.7,168.2,0.33,24.1,88.2,13.4,0.299,982.1,0.709,1
6.02,24.64,123.49,0.27,0.248,0.62,55.2,1060.7,30.8,79.8,0.216,27.1,72.7,34.8,0.31,81.8,0.459,0
11.19,51.27,207.19,0.349,0.297,2.12,155.9,91.0,9.9,38.3,0.474,36.0,71.2,13.2,0.539,986.6,0.8,0
136.58,332.89,1378.73,0.432,0.389,5.23,390.8,1408.4,19.1,61.8,0.197,33.7,77.0,17.9,0.162,324.9,0.526,1
22.41,67.88,199.08,0.102,0.097,1.6,167.5,618.5,18.9,159.2,0.108,29.3,63.3,35.7,0.034,77.0,0.938,0
80.75,251.11,622.75,0.441,0.345,6.34,277.3,1090.1,44.6,258.0,0.53,26.2,87.2,42.1,0.634,64.9,0.136,1
133.14,438.03,1535.85,0.548,0.418,7.89,783.7,107.2,8.5,61.8,0.385,37.5,87.2,8.1,0.413,551.9,0.58,1
154.45,426.23,1635.09,0.355,0.312,6.56,632.6,168.2,3.0,245.8,0.725,18.8,84.1,35.0,0.744,613.3,0.492,1
10.01,42.72,208.16,0.332,0.283,1.3,144.0,487.0,12.4,109.7,0.322,33.4,63.4,27.5,0.478,59.0,0.226,0
8.53,45.73,220.74,0.132,0.107,1.73,149.1,1798.6,24.6,225.3,0.744,29.7,61.5,28.4,0.847,775.3,0.801,0
107.11,235.6,1102.22,0.436,0.407,8.38,442.3,1977.1,24.5,175.0,0.106,36.5,84.0,13.4,0.125,14.7,0.696,1
71.8,236.1,641.3,0.39,0.359,5.61,245.3,866.0,15.2,314.3,0.138,32.9,97.3,18.9,0.101,73.8,0.307,1
130.6,421.68,1263.1,0.539,0.433,6.36,479.5,322.7,9.1,332.9,0.531,20.9,75.9,39.5,0.62,199.4,0.191,1
14.25,39.89,197.05,0.315,0.285,0.84,82.0,2341.7,40.7,138.6,0.513,33.8,45.9,13.4,0.565,1532.0,0.476,0
29.79,102.49,442.45,0.205,0.188,1.83,79.2,1970.1,18.3,133.0,0.453,24.5,47.9,42.7,0.482,4815.5,0.137,0
133.61,455.93,1738.35,0.54,0.441,6.73,403.0,420.6,1.7,220.6,0.225,24.8,79.9,21.5,0.292,39.6,0.177,1
96.08,276.55,965.97,0.494,0.38,5.21,530.0,575.1,34.4,105.6,0.162,27.8,89.5,28.3,0.147,75.6,0.226,1
148.15,295.38,650.8,0.54,0.497,6.1,356.5,100.8,5.9,210.9,0.139,30.7,81.6,20.5,0.132,296.9,0.176,1
43.86,173.87,535.44,0.27,0.208,2.16,152.2,2253.2,22.3,148.2,0.603,18.2,52.9,22.9,0.71,625.9,0.709,0
127.53,331.85,858.73,0.366,0.309,6.67,665.1,2333.9,42.2,171.6,0.672,37.1,75.2,27.4,0.763,609.3,0.363,1
153.77,380.47,829.9,0.473,0.373,8.27,615.8,216.4,2.8,284.8,0.634,30.7,82.2,44.7,0.671,554.7,0.251,1
165.76,495.65,2004.64,0.546,0.511,7.27,739.4,375.8,7.9,39.8,0.197,26.2,96.4,44.2,0.325,12.3,0.211,1
7.75,28.11,143.71,0.2,0.154,2.0,123.3,521.2,39.0,53.5,0.607,31.1,59.6,41.3,0.71,1077.3,0.909,0
18.16,64.98,247.48,0.277,0.214,1.92,224.2,460.5,6.5,41.3,0.737,31.6,50.0,5.4,0.763,2162.7,0.378,0
135.13,308.97,1370.63,0.387,0.344,5.71,271.3,2352.0,23.1,223.9,0.499,18.4,86.2,29.0,0.518,239.4,0.677,1
58.71,174.98,557.54,0.349,0.276,2.19,219.1,660.7,22.9,312.3,0.349,20.1,52.9,42.6,0.359,4266.4,0.08,0
8.02,49.31,185.99,0.313,0.243,1.51,69.3,943.4,20.5,324.7,0.161,29.2,73.6,19.5,0.196,1589.4,0.634,0
141.64,476.26,1812.64,0.418,0.328,5.27,567.0,181.1,12.3,188.3,0.297,26.1,75.2,26.2,0.376,937.8,0.502,1
14.04,45.88,257.07,0.125,0.109,2.81,143.1,1574.8,26.8,233.4,0.481,27.4,67.0,24.9,0.599,407.1,0.724,0
105.59,332.78,988.72,0.359,0.285,4.57,397.2,672.4,41.2,248.5,0.372,22.2,80.0,17.7,0.319,137.1,0.506,1
6.14,55.1,266.94,0.19,0.157,2.72,181.2,620.6,41.5,166.0,0.434,36.7,74.0,13.9,0.484,735.3,0.431,0
112.47,398.92,1106.28,0.476,0.438,7.47,660.6,2443.0,18.9,234.8,0.544,25.0,95.6,12.9,0.594,305.5,0.896,1
109.6,274.1,1053.04,0.54,0.424,7.13,312.6,106.1,8.4,127.4,0.381,19.2,75.2,37.9,0.46,146.3,0.157,1
5.78,33.13,141.75,0.314,0.288,1.74,192.3,475.9,8.8,225.9,0.226,30.8,45.3,28.7,0.29,2521.2,0.84,0
26.54,128.2,431.45,0.347,0.314,1.93,187.0,1287.9,21.3,178.7,0.15,29.6,48.7,25.5,0.213,4254.7,0.859,0
19.87,86.21,326.55,0.202,0.185,2.85,192.7,1410.0,26.5,57.9,0.372,29.6,54.9,10.5,0.4,444.9,0.772,0
4.62,25.66,125.69,0.236,0.194,2.12,164.6,1785.5,18.9,304.2,0.672,19.5,44.4,28.3,0.815,4252.3,0.746,0
49.11,166.5,644.94,0.478,0.403,8.05,724.9,530.7,43.4,95.7,0.542,33.4,94.2,8.4,0.558,277.0,0.895,1
162.92,570.48,2393.87,0.55,0.49,6.73,602.2,991.2,17.7,37.6,0.253,24.7,92.3,5.9,0.358,108.3,0.823,1
22.77,97.11,249.32,0.123,0.093,2.17,197.6,725.1,39.2,299.1,0.425,37.1,44.2,32.7,0.521,3269.6,0.125,0
12.63,70.95,292.41,0.129,0.114,1.89,98.9,2087.9,40.8,311.3,0.241,30.4,61.6,41.4,0.213,838.2,0.676,0
21.87,96.61,289.01,0.322,0.249,2.85,294.8,905.9,42.7,17.3,0.19,31.5,53.3,17.6,0.12,346.6,0.867,0
137.52,303.95,1048.15,0.382,0.308,6.47,497.1,660.2,28.8,337.4,0.607,29.7,91.2,29.2,0.653,25.5,0.248,1
23.71,81.22,316.82,0.27,0.246,2.49,258.9,1545.9,31.9,25.2,0.377,27.0,71.3,15.5,0.332,103.8,0.755,0
47.79,134.44,328.71,0.471,0.413,5.03,575.4,277.7,3.7,75.2,0.136,24.8,97.1,14.9,0.099,214.6,0.171,1
178.76,466.95,1071.75,0.392,0.343,7.88,380.4,2123.9,31.2,2.3,0.632,21.2,81.9,16.7,0.674,672.2,0.274,1
75.38,250.34,1115.2,0.43,0.342,4.3,294.7,704.8,22.3,5.3,0.709,30.4,93.9,36.7,0.697,99.8,0.19,1
29.2,77.92,241.52,0.162,0.143,2.74,225.9,2061.8,32.3,30.6,0.323,37.9,65.9,20.9,0.245,826.2,0.073,0
125.75,254.97,755.32,0.534,0.414,5.3,269.0,2478.5,22.8,318.8,0.422,26.2,96.2,38.6,0.472,29.6,0.055,1
17.66,80.83,340.04,0.154,0.145,1.2,73.1,63.1,10.8,20.6,0.593,22.9,49.5,39.3,0.732,237.4,0.692,0
14.33,59.16,208.85,0.273,0.219,1.51,66.2,488.0,7.2,268.2,0.124,34.0,65.5,23.1,0.186,570.1,0.637,0
184.89,487.25,1258.76,0.397,0.363,4.13,390.6,1869.4,15.1,205.6,0.696,36.7,79.3,25.6,0.616,829.0,0.597,1
214.24,739.62,2281.39,0.367,0.343,8.19,652.6,216.2,8.3,283.5,0.749,37.7,95.7,23.4,0.796,1347.2,0.196,1
10.66,51.23,177.71,0.305,0.239,1.06,45.2,1121.7,28.4,299.6,0.428,35.1,59.3,12.0,0.468,558.7,0.395,0
40.24,103.47,491.36,0.187,0.141,0.72,46.3,384.9,8.3,152.1,0.447,28.2,72.3,32.5,0.549,2446.7,0.906,0
11.68,49.92,278.26,0.164,0.152,2.05,149.2,1179.7,22.7,54.8,0.437,35.1,50.2,40.0,0.486,797.5,0.912,0
38.27,107.78,417.39,0.313,0.282,2.93,197.6,41.3,9.0,0.5,0.636,19.5,50.9,32.9,0.701,543.2,0.682,0
11.94,64.52,183.54,0.271,0.212,2.09,86.5,384.9,3.6,319.8,0.441,34.2,59.8,42.8,0.498,2142.8,0.335,0
15.47,67.88,231.23,0.201,0.184,2.87,180.7,694.6,44.2,196.0,0.525,19.9,45.5,28.2,0.462,632.4,0.533,0
13.63,50.44,174.78,0.225,0.205,2.7,125.3,502.7,38.2,185.0,0.523,30.2,63.8,30.0,0.532,304.3,0.079,0
166.47,322.4,974.73,0.431,0.363,6.7,271.2,909.8,41.3,266.7,0.445,24.7,81.0,43.8,0.511,201.8,0.791,1
44.27,119.51,303.03,0.529,0.497,8.17,557.8,370.9,6.5,118.0,0.702,29.2,76.2,29.9,0.782,331.3,0.657,1
179.95,466.02,1793.33,0.425,0.368,8.26,586.0,2053.8,34.3,357.7,0.654,24.1,87.3,44.1,0.629,1225.6,0.478,1
3.55,39.4,163.15,0.322,0.27,1.77,200.8,1305.4,25.6,204.5,0.146,19.1,43.9,31.2,0.136,727.0,0.285,0
99.88,343.11,1169.5,0.53,0.399,4.54,228.4,782.3,39.5,25.6,0.366,33.9,86.0,24.2,0.423,123.8,0.807,1
215.79,575.05,1229.41,0.422,0.397,4.74,454.8,745.0,44.3,62.2,0.481,20.4,85.3,25.1,0.501,120.5,0.861,1
140.15,465.89,1571.48,0.423,0.328,4.0,244.2,617.5,21.4,107.6,0.61,30.3,80.0,22.6,0.668,88.3,0.135,1
66.21,253.31,533.84,0.368,0.297,4.9,391.0,1268.0,37.1,55.9,0.334,24.0,86.5,9.5,0.271,181.0,0.911,1
120.67,388.21,1724.72,0.42,0.376,8.06,599.9,1332.7,37.4,327.0,0.5,30.6,95.9,6.1,0.574,332.1,0.286,1
84.73,267.72,922.96,0.499,0.375,5.32,419.0,2479.0,25.5,164.9,0.384,26.5,84.8,39.3,0.441,911.9,0.54,1
6.6,37.58,140.45,0.118,0.101,2.9,293.3,1576.2,19.3,150.7,0.181,35.5,51.2,29.8,0.169,2167.4,0.698,0
63.95,173.19,573.64,0.495,0.387,8.41,348.7,1333.2,24.6,271.6,0.747,32.5,92.8,39.7,0.818,131.6,0.302,1
223.02,422.66,969.6,0.351,0.265,4.03,267.6,105.4,11.5,296.8,0.541,23.0,88.3,12.5,0.551,1018.0,0.664,1
148.32,530.09,1822.76,0.373,0.328,7.38,495.9,1379.6,41.5,94.4,0.291,37.3,82.7,33.1,0.257,18.3,0.363,1
94.95,267.26,682.45,0.496,0.432,7.0,333.0,1242.4,39.8,17.0,0.527,23.1,89.3,41.3,0.588,1280.0,0.929,1
3.61,31.76,156.31,0.344,0.308,1.11,45.1,2242.6,38.0,51.2,0.278,21.1,44.5,11.8,0.254,1297.4,0.749,0
7.88,68.27,262.27,0.106,0.092,2.11,205.4,1809.1,37.8,309.7,0.568,37.5,41.2,16.7,0.635,4730.6,0.77,0
18.92,63.58,305.48,0.395,0.331,6.01,664.7,1204.2,27.0,150.0,0.253,19.7,81.1,23.0,0.406,108.4,0.596,1
226.56,629.52,2056.95,0.372,0.314,6.66,432.1,578.0,42.2,80.7,0.73,25.2,79.4,14.3,0.8,159.0,0.917,1
113.36,326.57,1380.59,0.525,0.417,7.3,673.4,1789.1,39.3,355.3,0.454,30.7,80.2,37.8,0.513,74.2,0.627,1
13.94,65.33,357.44,0.284,0.217,2.25,269.2,724.5,42.2,78.6,0.623,37.1,66.0,29.8,0.685,3167.6,0.295,0
7.35,50.43,269.42,0.163,0.151,1.07,57.0,888.8,30.0,289.2,0.559,23.8,66.1,10.2,0.516,474.9,0.266,0
127.01,385.47,1110.01,0.469,0.417,5.85,363.2,1734.0,23.5,359.9,0.664,31.1,88.0,6.0,0.698,276.7,0.857,1
137.86,296.92,1191.53,0.388,0.301,8.21,865.6,787.9,34.5,50.6,0.643,18.5,78.0,38.5,0.583,26.0,0.274,1
70.9,195.75,680.93,0.396,0.318,4.41,177.5,749.2,35.5,244.9,0.139,32.3,97.4,7.3,0.185,103.6,0.912,1
11.4,33.63,144.55,0.137,0.126,2.36,205.9,1111.0,36.2,300.3,0.292,36.3,66.1,13.1,0.279,1477.3,0.688,0
41.88,142.18,651.12,0.539,0.508,4.06,317.3,1662.0,26.6,331.4,0.462,21.2,91.1,31.4,0.487,209.4,0.087,1
6.32,29.59,93.92,0.157,0.142,2.68,261.6,2355.2,30.5,106.4,0.641,33.6,43.5,36.0,0.686,212.4,0.098,0
58.25,186.8,609.97,0.536,0.463,7.87,647.6,380.3,7.6,28.4,0.669,28.0,77.3,41.4,0.728,25.9,0.17,1
7.17,38.28,212.91,0.174,0.161,0.99,80.1,638.9,33.0,13.8,0.36,30.0,60.5,8.7,0.458,865.5,0.606,0
7.05,46.91,142.8,0.168,0.147,2.74,265.6,2463.5,28.9,128.8,0.588,32.1,53.7,44.4,0.568,3363.3,0.115,0
142.11,272.46,1203.49,0.54,0.481,7.93,666.5,1546.7,20.7,54.9,0.518,32.1,82.6,17.3,0.552,191.6,0.544,1
112.66,289.59,843.61,0.454,0.415,5.0,594.8,34.0,6.6,130.9,0.696,27.5,90.9,10.0,0.664,87.3,0.78,1
7.2,12.29,114.49,0.14,0.115,1.08,103.6,2237.6,25.4,323.2,0.663,27.2,67.5,26.3,0.763,347.7,0.068,0
119.64,305.28,1360.3,0.403,0.366,5.4,564.3,712.4,34.6,83.7,0.26,23.8,85.0,44.4,0.205,220.9,0.362,1
17.83,58.02,246.22,0.342,0.271,0.91,67.4,1379.6,39.2,209.8,0.323,21.3,50.0,23.7,0.386,121.9,0.448,0
13.8,30.83,192.88,0.286,0.226,0.7,81.7,924.4,27.3,351.8,0.278,35.0,54.5,38.5,0.315,1060.8,0.561,0
15.57,58.69,196.47,0.313,0.286,3.0,227.4,444.0,2.8,136.7,0.437,34.5,56.8,15.4,0.445,325.5,0.723,0
12.93,52.65,232.96,0.297,0.256,0.53,35.6,1509.0,20.2,77.1,0.144,35.2,67.2,12.7,0.213,442.8,0.365,0
137.36,364.18,1289.72,0.354,0.295,6.79,781.6,545.3,34.1,340.8,0.335,37.5,86.5,6.4,0.422,175.8,0.608,1
3.98,51.49,206.69,0.283,0.242,0.53,37.4,577.8,27.9,208.9,0.701,25.2,64.0,16.7,0.756,235.2,0.199,0
14.38,61.7,170.04,0.288,0.272,1.88,130.1,2008.7,26.3,19.7,0.598,26.9,62.2,18.4,0.652,1018.6,0.316,0
63.77,164.39,634.66,0.398,0.37,4.72,399.0,1611.4,21.8,46.5,0.315,36.4,80.4,15.5,0.284,132.4,0.862,1
15.59,83.34,241.94,0.33,0.281,2.47,266.5,2296.8,22.3,209.1,0.387,21.8,65.0,13.1,0.494,1895.4,0.353,0
215.48,585.75,1343.13,0.428,0.368,3.88,257.3,1100.6,28.7,174.0,0.562,30.0,76.3,36.8,0.616,70.5,0.109,1
24.07,60.95,241.06,0.24,0.21,1.36,144.7,1267.5,40.2,161.3,0.706,31.7,68.0,28.5,0.859,489.2,0.314,0
172.22,362.44,1276.76,0.42,0.381,5.19,275.0,182.8,5.9,197.0,0.602,33.0,85.8,16.4,0.735,494.2,0.514,1
7.12,46.2,201.24,0.189,0.175,0.78,42.2,905.9,32.2,130.8,0.737,34.8,55.2,36.6,0.801,1323.5,0.887,0
24.03,87.97,365.71,0.246,0.191,1.75,133.2,131.4,6.7,300.1,0.745,23.3,69.8,14.9,0.74,966.6,0.056,0
8.91,56.56,236.47,0.102,0.089,1.62,98.9,881.7,23.7,340.6,0.225,30.0,74.7,13.8,0.251,1245.3,0.195,0
5.15,27.2,126.1,0.177,0.141,1.85,145.6,1027.7,26.4,113.4,0.117,36.7,74.0,36.6,0.088,923.8,0.761,0
6.4,36.39,107.57,0.112,0.098,2.06,84.7,440.9,7.8,244.3,0.645,36.0,59.3,44.2,0.7,1102.1,0.298,0
107.76,318.97,1144.55,0.359,0.281,5.36,333.3,2139.2,16.6,136.5,0.68,29.8,96.7,43.2,0.79,261.7,0.268,1
203.85,688.21,1819.08,0.489,0.446,4.14,479.7,848.5,30.4,56.4,0.395,23.4,80.3,35.4,0.511,51.0,0.545,1
71.64,207.22,857.18,0.549,0.485,5.3,584.8,146.3,8.8,75.5,0.142,28.6,79.3,44.2,0.133,618.6,0.711,1
287.12,663.37,1527.31,0.396,0.365,4.02,170.0,982.0,31.6,87.2,0.211,25.1,78.3,37.2,0.366,227.8,0.655,1
19.51,56.01,194.2,0.336,0.316,0.98,102.1,1374.6,37.8,177.3,0.175,31.6,53.2,12.1,0.139,1417.4,0.532,0
16.17,47.86,260.45,0.234,0.219,2.02,152.2,1200.3,28.5,94.4,0.215,29.6,61.7,44.1,0.211,235.6,0.089,0
15.4,91.05,439.92,0.239,0.186,2.3,241.9,1412.8,40.3,185.3,0.153,21.0,45.2,38.2,0.228,2019.3,0.109,0
17.79,65.24,218.28,0.236,0.195,2.38,148.3,2207.5,25.2,0.0,0.176,26.0,67.0,17.4,0.144,1277.1,0.158,0
99.99,292.69,809.84,0.485,0.411,6.03,506.7,83.0,12.3,112.4,0.559,37.0,78.4,31.1,0.671,345.8,0.468,1
131.4,411.53,1859.8,0.443,0.402,4.91,584.2,1975.2,43.9,140.5,0.122,33.8,92.4,5.3,0.145,29.3,0.458,1
12.08,49.12,254.9,0.251,0.189,2.79,184.5,946.0,24.7,224.1,0.662,26.3,68.9,31.4,0.705,194.4,0.864,0
9.63,44.0,212.68,0.221,0.207,2.22,245.9,966.1,20.8,17.1,0.642,35.3,59.5,31.4,0.771,3131.1,0.394,0
126.58,399.14,1076.4,0.519,0.431,6.76,745.2,1479.7,31.6,332.3,0.502,27.6,83.7,34.7,0.513,385.1,0.287,1
162.98,433.88,1354.83,0.357,0.313,7.29,381.4,1488.0,43.6,111.8,0.696,27.8,96.6,39.6,0.783,290.7,0.202,1
16.9,70.15,191.31,0.148,0.14,2.14,127.5,273.1,6.0,178.2,0.158,34.3,51.6,24.9,0.256,3841.2,0.768,0
179.68,547.27,1288.28,0.48,0.445,8.12,408.2,1588.4,28.1,250.2,0.266,32.6,90.2,40.4,0.209,707.5,0.645,1
148.86,382.57,1029.26,0.355,0.292,7.23,455.9,446.7,11.5,132.7,0.412,18.2,92.9,43.1,0.449,212.7,0.696,1
28.32,123.9,439.85,0.173,0.147,1.8,147.3,744.4,44.9,226.8,0.189,25.8,69.5,16.9,0.295,3174.6,0.723,0
8.57,57.05,357.52,0.205,0.185,1.83,209.3,1214.1,36.6,177.6,0.507,18.1,47.2,36.5,0.552,1894.1,0.103,0
102.16,333.82,1062.14,0.472,0.425,6.3,452.0,1671.7,18.0,170.8,0.642,29.0,78.0,13.5,0.653,45.9,0.92,1
86.46,262.03,1060.8,0.373,0.333,6.57,781.9,1895.4,33.3,66.1,0.652,26.9,97.0,21.0,0.818,330.3,0.331,1
40.85,132.34,591.75,0.536,0.404,4.18,300.8,1800.5,43.3,141.3,0.296,23.0,93.1,9.5,0.371,244.0,0.264,1
11.35,68.18,236.28,0.186,0.147,0.86,75.0,1305.5,20.8,74.5,0.198,37.7,64.4,29.1,0.224,817.1,0.188,0
22.96,85.41,238.01,0.1,0.08,1.41,165.0,433.8,4.3,284.7,0.606,20.6,59.7,30.3,0.675,349.3,0.394,0
54.51,142.32,412.17,0.466,0.373,4.26,375.6,1695.3,27.4,47.8,0.33,35.8,80.3,13.1,0.315,24.4,0.073,1
207.05,666.62,2907.04,0.373,0.287,6.1,433.1,2441.7,19.3,15.3,0.525,36.8,96.0,27.9,0.597,40.2,0.456,1
10.85,37.93,181.23,0.19,0.173,2.15,176.6,2042.7,40.2,141.6,0.151,35.7,63.8,39.8,0.261,91.6,0.436,0
142.7,419.68,1349.92,0.389,0.318,6.71,560.4,1083.1,34.2,5.6,0.418,27.0,76.9,19.4,0.435,283.7,0.083,1
87.63,256.21,1067.84,0.429,0.389,4.36,211.2,1153.5,15.4,128.8,0.294,37.4,75.7,19.5,0.342,307.5,0.647,1
179.11,498.74,1327.27,0.525,0.492,3.6,260.8,2386.4,39.9,281.0,0.541,18.2,75.5,42.5,0.646,231.7,0.389,1
112.32,365.48,971.07,0.356,0.289,5.88,483.0,178.7,1.9,287.7,0.497,24.0,80.5,24.7,0.547,323.3,0.865,1
146.22,451.16,1596.55,0.488,0.41,4.29,438.6,1486.4,33.7,136.6,0.395,20.8,79.9,38.5,0.391,525.8,0.558,1
21.22,60.69,295.37,0.32,0.245,2.54,102.7,361.1,9.6,223.3,0.706,21.1,47.2,41.3,0.752,202.3,0.159,0
154.88,319.27,902.45,0.478,0.387,6.89,724.2,197.7,7.5,223.4,0.454,32.9,83.2,24.9,0.484,390.5,0.55,1
15.9,57.96,196.13,0.272,0.234,2.54,156.3,718.1,19.1,156.1,0.109,23.4,41.8,40.4,0.087,725.1,0.621,0
112.6,403.69,1324.38,0.53,0.417,7.7,748.7,581.3,36.6,194.5,0.441,25.9,93.2,37.2,0.516,267.5,0.756,1
11.56,55.0,165.33,0.218,0.187,2.9,295.7,123.4,7.7,224.6,0.14,30.1,61.2,17.0,0.03,248.9,0.103,0
21.95,74.67,342.13,0.482,0.392,6.54,711.4,2134.0,40.8,158.6,0.725,33.7,79.4,12.6,0.824,1263.5,0.311,1
7.99,39.42,184.71,0.11,0.104,2.56,297.2,2089.7,33.4,340.4,0.582,23.8,69.8,28.8,0.604,153.4,0.124,0
39.0,147.25,520.45,0.328,0.271,1.03,115.6,1705.1,16.3,311.3,0.105,34.6,43.9,25.0,0.078,3818.9,0.531,0
22.4,54.16,270.67,0.28,0.212,2.32,210.2,1923.2,27.4,252.8,0.417,28.7,70.9,37.1,0.438,585.2,0.727,0
4.72,32.89,206.79,0.316,0.267,2.54,249.4,175.7,13.2,203.4,0.713,32.2,41.4,41.3,0.694,3142.3,0.868,0
111.65,263.04,713.65,0.436,0.357,6.95,668.0,689.2,32.9,248.9,0.619,31.9,79.3,32.3,0.656,210.3,0.464,1
126.74,425.59,1344.11,0.531,0.438,5.96,485.6,1483.2,21.1,298.8,0.278,35.9,93.1,44.5,0.285,305.2,0.208,1
125.72,432.15,1246.71,0.528,0.435,7.41,751.7,2231.4,43.3,41.9,0.54,34.4,88.3,15.1,0.631,528.6,0.855,1
4.07,32.75,180.31,0.248,0.23,1.96,149.7,1770.2,19.7,39.9,0.599,35.5,62.0,15.7,0.646,586.8,0.076,0
26.2,84.36,393.09,0.123,0.105,1.13,119.3,54.4,11.0,136.1,0.522,31.5,73.0,6.9,0.516,1816.3,0.309,0
42.37,149.89,525.78,0.333,0.266,2.15,214.3,605.4,33.3,339.7,0.683,20.4,46.7,11.8,0.75,97.6,0.171,0
7.18,29.26,175.87,0.287,0.261,1.48,117.2,1017.2,24.3,49.0,0.252,21.1,52.5,33.1,0.288,518.7,0.914,0
112.43,231.85,738.23,0.51,0.428,3.91,317.0,1558.4,38.7,184.6,0.585,34.5,95.7,25.3,0.617,70.5,0.34,1
7.33,39.0,183.0,0.246,0.192,2.03,185.6,1665.2,44.0,81.2,0.492,30.5,42.4,19.9,0.601,575.1,0.294,0
7.07,34.17,136.31,0.258,0.245,0.68,45.6,1531.3,19.3,55.3,0.728,18.6,51.9,35.7,0.746,817.2,0.234,0
15.94,89.85,263.83,0.155,0.117,2.06,174.2,186.3,7.5,315.5,0.545,21.2,62.1,33.3,0.599,539.5,0.367,0
6.4,37.3,208.21,0.328,0.292,2.94,328.8,1897.0,39.3,249.7,0.382,35.5,55.3,8.9,0.443,1674.8,0.639,0
76.13,194.35,460.06,0.535,0.492,4.25,275.7,1678.5,37.8,232.1,0.175,29.3,84.3,33.4,0.239,451.5,0.351,1
157.34,511.58,1984.32,0.42,0.345,4.79,455.5,541.3,23.1,205.8,0.514,20.3,79.0,22.8,0.51,441.1,0.21,1
3.37,27.63,160.3,0.32,0.25,2.75,118.9,1245.8,38.1,259.0,0.723,19.1,72.5,12.5,0.819,270.0,0.414,0
23.46,69.72,268.7,0.316,0.265,1.82,91.4,647.8,17.4,274.4,0.316,38.0,73.4,30.7,0.362,529.3,0.229,0
15.04,45.99,255.81,0.1,0.085,1.82,201.8,1719.5,18.2,133.3,0.527,23.9,73.3,10.4,0.532,3.5,0.074,0
17.97,97.05,360.77,0.331,0.315,1.45,162.3,547.6,24.2,141.5,0.611,31.2,69.4,44.7,0.711,1253.9,0.488,0
14.01,56.91,292.06,0.191,0.144,0.63,53.9,60.2,11.9,70.8,0.669,24.6,73.2,40.2,0.719,713.2,0.549,0
57.31,126.87,474.82,0.515,0.454,7.38,647.4,1084.9,29.3,310.6,0.598,33.2,92.8,14.4,0.641,308.5,0.38,1
132.51,278.62,959.04,0.545,0.497,7.85,571.2,117.1,8.1,48.5,0.37,36.2,90.7,28.7,0.424,15.8,0.212,1
166.04,578.34,1942.23,0.478,0.418,3.52,308.4,117.6,2.3,197.6,0.105,27.5,83.3,43.1,0.128,580.4,0.248,1
15.08,59.5,271.28,0.235,0.206,1.53,168.5,485.9,9.3,10.7,0.483,36.1,56.4,40.5,0.495,1984.5,0.539,0
9.45,54.89,210.53,0.326,0.302,2.08,109.2,1805.4,15.2,183.1,0.459,23.9,44.4,19.9,0.416,1208.8,0.336,0
82.01,192.49,771.7,0.37,0.319,3.65,292.4,2357.6,21.9,309.2,0.375,31.6,84.8,29.8,0.418,268.8,0.505,1
164.3,452.34,1237.96,0.371,0.344,6.83,751.6,1286.5,25.6,333.8,0.512,21.2,77.7,33.9,0.535,2027.5,0.924,1
159.25,479.04,1134.8,0.479,0.38,4.4,201.2,1698.1,26.8,303.6,0.127,23.1,97.4,10.1,0.139,600.7,0.224,1
2.6,11.61,103.32,0.321,0.274,0.65,36.7,133.4,9.7,274.9,0.691,34.4,73.1,25.4,0.744,167.0,0.804,0
251.33,535.83,1302.06,0.531,0.402,8.31,673.5,1978.0,15.4,57.1,0.298,36.7,89.5,34.7,0.333,407.2,0.625,1
9.93,55.66,227.38,0.118,0.107,1.37,122.8,1126.2,43.1,215.0,0.179,32.4,73.8,6.3,0.127,4350.9,0.679,0
274.16,587.98,1833.43,0.395,0.358,5.34,515.8,1211.1,37.9,44.0,0.228,21.1,93.9,13.4,0.241,69.1,0.289,1
99.42,276.09,1181.66,0.406,0.348,6.95,380.6,2008.7,15.2,29.1,0.488,18.5,80.5,24.0,0.513,318.7,0.125,1
85.19,209.44,877.44,0.492,0.408,3.53,309.8,300.1,5.8,4.0,0.606,19.7,76.1,31.8,0.672,32.6,0.455,1
23.09,85.48,259.7,0.337,0.278,2.12,143.1,1144.6,28.3,80.9,0.202,24.6,46.9,44.7,0.208,6829.1,0.352,0
79.19,207.38,735.41,0.518,0.409,5.22,341.1,1353.0,21.5,267.3,0.543,24.7,91.0,40.5,0.615,420.6,0.104,1
17.4,71.87,196.79,0.159,0.133,1.9,85.5,1537.5,42.5,172.9,0.198,18.9,65.5,33.7,0.097,2028.9,0.712,0
24.16,82.62,311.21,0.256,0.208,2.74,136.7,1771.6,36.9,59.6,0.566,37.7,68.4,17.1,0.576,985.2,0.947,0
6.64,46.41,225.24,0.281,0.243,0.98,101.9,1581.4,40.9,89.3,0.548,29.0,41.3,43.6,0.625,940.0,0.36,0
44.77,169.9,483.41,0.508,0.461,6.58,503.4,2120.7,37.1,96.0,0.659,19.0,80.5,34.8,0.7,158.9,0.936,1
3.99,21.64,132.89,0.192,0.171,0.66,65.9,2455.1,25.6,296.1,0.534,31.5,65.8,32.1,0.662,1456.0,0.848,0
12.65,50.83,142.72,0.177,0.151,1.73,182.3,52.1,7.9,100.6,0.144,35.3,46.0,39.5,0.192,6000.2,0.321,0
94.15,295.15,663.46,0.487,0.458,7.45,771.2,1039.0,16.8,76.3,0.648,23.1,91.2,27.1,0.724,327.6,0.087,1
16.01,66.86,183.93,0.286,0.226,1.86,220.6,1028.6,27.6,152.7,0.525,34.0,67.7,24.3,0.487,1568.9,0.948,0
118.58,286.78,821.3,0.401,0.352,4.61,280.1,1878.7,39.0,318.3,0.237,35.7,86.7,6.1,0.338,13.0,0.715,1
4.15,56.23,193.28,0.181,0.139,2.76,126.7,733.3,37.4,268.8,0.711,20.7,72.0,27.2,0.748,874.6,0.57,0
3.79,29.95,115.97,0.215,0.19,1.83,149.8,47.5,10.4,240.9,0.671,26.3,51.9,35.2,0.757,997.9,0.334,0
103.83,392.79,1796.84,0.411,0.368,4.38,513.0,195.9,10.8,330.9,0.376,19.8,77.7,7.6,0.349,123.9,0.499,1
16.32,45.83,254.93,0.311,0.282,2.38,133.5,2309.8,18.0,287.0,0.484,18.4,56.8,41.4,0.577,548.6,0.502,0
16.77,64.23,240.04,0.209,0.185,2.78,232.0,2296.4,28.8,121.1,0.535,33.3,64.9,34.4,0.594,476.8,0.655,0
67.78,172.41,640.65,0.358,0.277,7.58,551.8,648.2,29.4,19.8,0.649,19.6,83.2,30.7,0.746,1345.5,0.636,1
108.57,312.64,1393.72,0.548,0.416,3.51,315.4,2340.6,33.7,34.7,0.331,29.0,86.6,40.2,0.409,35.1,0.895,1
75.85,178.33,737.34,0.504,0.45,5.24,392.2,2191.2,17.8,137.2,0.541,27.8,97.5,14.2,0.629,30.1,0.687,1
17.6,92.72,280.16,0.29,0.264,2.1,250.2,1725.6,16.2,128.0,0.562,27.7,57.0,27.5,0.594,2743.1,0.754,0
13.26,49.71,255.41,0.258,0.195,0.84,85.5,619.3,37.4,303.3,0.34,35.9,47.9,26.9,0.357,3420.1,0.618,0
138.45,267.2,737.67,0.447,0.348,5.25,534.5,304.7,3.6,353.4,0.376,29.7,82.5,9.7,0.39,80.6,0.415,1
158.09,541.39,1726.48,0.525,0.477,6.14,425.6,427.6,12.8,344.8,0.375,37.1,77.3,21.7,0.455,922.0,0.831,1
143.29,513.22,1751.41,0.354,0.334,3.52,356.0,502.5,40.2,236.7,0.364,32.7,82.9,39.2,0.407,27.4,0.936,1
173.29,513.88,2006.89,0.46,0.393,7.54,616.4,2019.8,25.4,145.6,0.451,27.6,95.5,39.5,0.445,102.5,0.104,1
124.03,405.18,1011.61,0.361,0.282,4.07,441.9,808.9,29.4,133.4,0.129,20.5,82.8,38.8,0.227,247.0,0.818,1
5.31,41.03,119.89,0.184,0.15,0.78,79.6,1698.1,18.8,8.7,0.748,29.8,55.3,8.5,0.836,46.4,0.863,0
6.18,46.54,227.82,0.316,0.286,2.75,257.8,1923.4,44.2,312.9,0.299,31.8,57.4,16.8,0.379,1614.3,0.72,0
136.13,323.83,1390.32,0.397,0.341,6.28,372.5,1089.5,36.8,324.8,0.452,37.0,97.9,32.6,0.45,104.1,0.257,1
20.25,80.76,348.7,0.146,0.111,2.89,248.4,542.7,22.2,73.5,0.286,24.0,48.4,5.9,0.355,1333.2,0.628,0
11.4,48.86,242.89,0.333,0.271,1.76,196.0,1191.6,43.5,126.7,0.708,38.0,48.3,15.8,0.821,145.3,0.646,0
129.51,249.44,985.77,0.392,0.353,7.26,652.7,344.1,14.5,222.9,0.734,19.2,93.4,17.7,0.875,482.2,0.592,1
81.76,225.26,797.44,0.504,0.411,6.8,725.0,2040.5,27.8,106.0,0.737,22.3,86.1,39.9,0.757,184.5,0.372,1
14.19,64.12,231.74,0.15,0.126,1.32,109.4,2017.7,19.9,127.3,0.383,37.5,41.4,44.6,0.36,193.4,0.857,0
8.43,34.77,168.08,0.283,0.263,0.81,86.8,2335.4,27.8,165.9,0.493,26.3,49.4,21.6,0.573,605.9,0.691,0
25.36,101.02,529.03,0.33,0.313,1.32,114.3,2031.5,44.2,130.8,0.634,37.7,55.8,30.3,0.668,43.1,0.524,0
118.3,283.3,1192.79,0.373,0.336,8.35,902.3,1626.0,28.0,39.1,0.199,37.8,87.2,27.3,0.274,208.3,0.243,1
102.53,214.81,745.1,0.511,0.408,5.36,417.2,950.6,36.0,262.0,0.348,24.0,90.6,43.9,0.488,192.8,0.219,1
19.52,53.05,169.73,0.319,0.255,0.96,90.0,1246.4,44.4,57.5,0.299,27.5,45.6,41.2,0.311,3784.4,0.845,0
4.03,35.8,189.08,0.338,0.274,2.65,118.2,474.3,10.9,308.5,0.417,22.2,48.3,24.2,0.437,4602.2,0.361,0
148.23,444.54,1700.43,0.402,0.315,5.85,439.0,1687.1,23.5,116.8,0.618,34.5,78.2,30.1,0.642,8.2,0.897,1
38.68,103.36,371.36,0.298,0.234,1.1,56.4,2088.5,25.3,92.0,0.508,20.8,66.8,5.8,0.553,1833.5,0.213,0
211.58,668.7,1611.05,0.47,0.377,4.27,249.2,1746.0,22.1,255.8,0.176,21.3,89.6,22.2,0.228,40.8,0.066,1
119.57,262.13,1077.8,0.383,0.338,8.36,696.5,2392.7,43.4,278.1,0.232,34.1,94.9,24.2,0.243,413.9,0.449,1
24.13,65.21,240.15,0.296,0.258,2.63,218.7,2432.9,41.8,112.2,0.186,33.6,69.2,5.6,0.297,1365.6,0.353,0
204.21,697.36,2489.21,0.478,0.391,4.9,509.0,1744.3,34.1,324.7,0.241,33.8,81.2,10.7,0.324,221.2,0.925,1
42.08,121.4,485.22,0.128,0.101,2.75,214.6,1867.8,17.4,239.1,0.12,22.2,58.3,26.7,0.151,331.9,0.738,0
15.26,67.71,304.34,0.248,0.217,1.51,174.4,825.1,38.7,46.2,0.674,32.3,44.8,35.7,0.738,223.8,0.216,0
122.01,428.57,1484.78,0.414,0.321,6.22,415.3,122.3,11.9,52.1,0.649,25.9,96.6,41.2,0.616,227.1,0.64,1
24.15,67.47,286.05,0.187,0.146,2.19,168.4,2147.3,37.5,81.1,0.461,31.1,55.2,8.4,0.58,397.5,0.78,0
155.35,299.75,708.59,0.45,0.372,4.48,455.3,1723.0,20.2,281.7,0.6,22.1,91.5,21.7,0.647,488.1,0.387,1
59.96,208.62,814.73,0.413,0.356,8.3,768.1,2412.4,23.5,336.8,0.75,36.4,96.1,33.4,0.874,135.6,0.804,1
8.42,28.37,122.97,0.282,0.252,1.72,91.9,10.8,1.3,278.5,0.478,29.9,49.2,34.8,0.516,1865.4,0.076,0
24.08,92.83,325.61,0.176,0.156,1.77,144.6,1792.3,28.3,8.9,0.499,33.2,65.5,8.2,0.45,1029.6,0.909,0
8.29,38.35,144.71,0.319,0.264,1.34,61.8,678.0,22.3,53.4,0.662,26.8,61.7,19.1,0.712,181.2,0.483,0
13.58,58.65,278.84,0.157,0.138,0.53,27.5,1116.3,34.3,190.9,0.445,35.0,45.4,9.4,0.523,2153.6,0.348,0
6.16,42.82,212.64,0.196,0.155,0.86,41.6,1134.3,32.8,207.7,0.133,25.7,55.7,28.2,0.073,1411.4,0.669,0
6.51,24.29,75.05,0.262,0.222,1.33,63.3,98.9,2.0,301.8,0.325,23.8,49.6,26.4,0.385,1418.2,0.861,0
11.65,46.88,123.16,0.203,0.177,2.01,104.2,2131.6,25.3,130.1,0.567,37.6,71.6,5.2,0.635,494.3,0.892,0
106.03,356.84,1099.38,0.544,0.489,3.97,441.9,230.2,9.8,310.1,0.558,27.8,86.4,20.4,0.545,140.3,0.294,1
108.2,226.96,688.73,0.54,0.414,6.54,621.4,2382.5,32.1,57.4,0.746,25.0,89.2,15.9,0.798,132.5,0.233,1
152.49,509.31,1588.09,0.437,0.337,6.84,643.4,1431.8,41.0,69.9,0.582,29.2,86.2,37.6,0.585,75.2,0.153,1
13.94,63.06,264.34,0.205,0.157,1.49,165.9,694.0,39.9,103.1,0.147,34.5,54.1,41.9,0.165,1312.8,0.52,0
12.13,45.39,158.86,0.114,0.098,2.23,213.5,1600.3,43.3,88.2,0.721,28.3,43.3,20.4,0.725,201.8,0.176,0
77.16,298.0,1042.14,0.375,0.324,3.75,332.7,2319.1,37.2,281.9,0.12,28.4,78.3,14.6,0.22,95.6,0.913,1
10.35,51.08,252.84,0.119,0.089,0.77,76.8,1954.1,19.2,122.6,0.519,28.5,71.9,36.6,0.565,4376.5,0.394,0
20.35,62.99,269.4,0.216,0.19,0.51,48.9,422.3,14.6,40.4,0.267,27.8,46.7,44.3,0.298,472.3,0.611,0
105.66,306.46,1236.26,0.537,0.485,4.5,396.6,781.6,37.6,186.4,0.26,32.0,90.8,17.8,0.327,407.5,0.705,1
85.45,188.19,848.02,0.483,0.374,4.94,240.3,280.4,13.5,45.6,0.469,34.7,79.1,7.0,0.483,27.9,0.63,1
67.51,207.04,658.62,0.549,0.449,6.28,286.3,1830.9,35.3,296.5,0.119,30.4,86.2,34.0,0.137,2.7,0.45,1
26.68,95.83,433.35,0.168,0.154,0.57,30.3,510.4,24.9,119.7,0.282,24.4,62.2,34.3,0.318,834.3,0.425,0
219.57,753.57,1666.93,0.416,0.369,7.73,693.1,1866.6,22.1,177.9,0.252,34.1,87.2,18.4,0.237,71.9,0.808,1
85.31,164.51,390.41,0.429,0.348,6.36,519.6,338.0,4.9,318.2,0.363,20.1,97.7,27.6,0.368,307.4,0.212,1
37.88,126.25,430.61,0.42,0.377,4.16,348.3,1908.8,17.7,144.5,0.129,25.6,86.8,8.3,0.179,419.8,0.621,1
118.53,250.27,660.43,0.43,0.399,5.42,384.1,1291.0,35.8,34.7,0.311,34.5,96.4,32.0,0.326,158.5,0.948,1
85.31,180.71,660.8,0.527,0.428,4.79,507.3,2098.4,27.2,311.5,0.216,32.3,94.4,33.4,0.22,348.5,0.224,1
101.09,362.34,942.01,0.468,0.415,4.79,476.5,1302.1,32.9,49.4,0.234,37.4,88.8,13.2,0.342,171.8,0.264,1
7.97,48.73,262.87,0.143,0.11,1.6,70.5,629.0,17.6,270.6,0.639,25.6,50.9,36.7,0.783,5028.9,0.929,0
104.59,340.78,1445.57,0.408,0.31,5.59,313.3,1705.7,28.2,158.8,0.746,30.7,97.9,6.3,0.782,169.4,0.286,1
99.15,301.72,1374.82,0.548,0.475,4.16,348.0,757.8,38.5,277.3,0.385,33.9,77.2,37.6,0.406,79.4,0.112,1
87.61,285.94,1194.33,0.406,0.345,4.76,263.4,239.1,10.8,37.2,0.163,28.2,94.4,39.6,0.247,174.9,0.459,1
10.82,32.51,182.08,0.124,0.113,0.83,42.4,2068.7,31.1,267.5,0.605,23.9,51.2,7.4,0.748,217.5,0.054,0
11.85,54.48,210.94,0.137,0.124,1.63,66.3,1826.5,20.8,218.9,0.642,20.3,42.3,40.4,0.755,4670.3,0.803,0
47.44,122.17,422.45,0.518,0.418,3.57,423.4,153.0,12.6,81.0,0.291,22.4,97.9,34.1,0.359,41.1,0.467,1
62.82,204.82,579.38,0.429,0.365,3.92,229.2,2318.1,35.3,156.2,0.394,19.1,82.3,18.3,0.418,40.5,0.382,1
137.88,368.33,1380.24,0.458,0.413,7.78,573.8,517.0,31.8,309.2,0.33,23.3,75.7,6.2,0.306,265.4,0.534,1
117.65,331.61,1353.22,0.433,0.348,4.57,412.3,1861.6,37.7,194.0,0.732,20.4,92.2,42.8,0.782,384.4,0.197,1
89.69,208.8,742.75,0.409,0.336,5.06,302.1,64.5,7.7,48.0,0.65,18.7,77.1,20.2,0.731,588.0,0.257,1
141.3,427.3,1238.19,0.513,0.391,5.19,545.1,1202.4,26.8,272.1,0.277,25.5,81.9,31.2,0.295,119.8,0.333,1
96.92,332.75,1113.67,0.501,0.389,7.83,684.3,649.4,43.3,44.6,0.535,27.6,98.0,14.9,0.485,222.5,0.155,1
167.17,424.65,950.91,0.447,0.39,4.31,408.9,1392.3,42.3,126.7,0.505,29.7,83.3,42.8,0.558,85.8,0.438,1
87.99,275.92,1072.44,0.441,0.375,7.56,395.5,682.7,20.4,37.8,0.414,34.4,85.9,12.8,0.509,124.7,0.498,1
17.97,84.66,323.35,0.148,0.116,0.61,59.3,1247.2,22.4,142.7,0.565,19.1,69.5,13.0,0.744,348.3,0.309,0
8.43,42.71,233.87,0.242,0.182,2.4,106.2,38.1,4.2,308.3,0.638,20.1,61.7,39.9,0.657,686.3,0.217,0
152.78,415.51,1808.03,0.535,0.419,6.94,455.8,2270.6,31.7,280.1,0.715,26.0,81.2,8.5,0.803,6.7,0.899,1
7.74,50.24,153.21,0.213,0.192,2.42,180.0,2023.2,17.4,327.6,0.405,30.1,40.4,38.9,0.411,489.9,0.621,0
15.27,62.3,335.91,0.258,0.199,2.5,119.0,72.2,3.0,194.4,0.524,22.2,62.0,11.4,0.597,451.2,0.226,0
7.69,25.63,165.66,0.173,0.144,2.07,175.0,2466.3,38.2,235.9,0.58,22.2,65.2,32.9,0.569,1516.8,0.181,0
6.28,46.12,238.75,0.303,0.242,1.6,107.5,2320.7,38.9,227.6,0.431,18.6,61.1,19.9,0.406,6849.3,0.678,0
5.0,41.11,194.01,0.251,0.216,2.33,118.5,1652.0,35.7,17.9,0.637,29.6,74.5,18.8,0.688,425.8,0.626,0
16.85,46.07,144.09,0.195,0.167,0.55,34.4,991.2,20.0,218.2,0.112,29.3,44.1,35.3,0.152,1424.3,0.744,0
200.89,450.67,2024.61,0.444,0.42,6.98,602.8,2210.9,25.9,169.6,0.553,28.2,82.8,33.6,0.55,37.2,0.682,1
110.07,344.4,1133.87,0.436,0.394,4.21,244.1,2146.9,24.8,129.7,0.216,36.7,86.2,19.3,0.14,5.4,0.384,1
10.87,62.39,313.06,0.153,0.144,2.15,167.0,1059.0,44.7,57.3,0.36,27.6,53.7,10.5,0.459,71.3,0.918,0
8.95,46.93,194.49,0.185,0.16,0.84,80.4,1765.2,18.4,45.1,0.636,34.1,66.0,19.5,0.684,4327.4,0.765,0
192.03,372.56,1521.06,0.488,0.438,5.38,478.7,2028.0,31.6,182.6,0.623,25.5,93.0,30.8,0.638,2.4,0.507,1
9.9,45.73,204.47,0.34,0.316,1.63,164.8,2045.5,38.2,60.2,0.397,33.3,42.5,5.1,0.431,258.5,0.48,0
117.49,398.58,1194.28,0.405,0.307,4.46,425.3,2434.0,27.2,269.7,0.12,34.4,91.9,39.3,0.074,655.1,0.221,1
135.79,431.53,1914.14,0.494,0.461,4.09,322.1,2002.0,30.8,278.2,0.345,18.8,76.3,43.0,0.301,978.5,0.744,1
87.49,234.83,934.59,0.511,0.405,4.84,395.0,1391.4,20.0,103.8,0.322,20.4,89.5,40.1,0.415,13.5,0.177,1
26.16,114.68,557.3,0.235,0.209,0.63,38.8,2012.1,21.2,222.3,0.23,35.7,56.7,30.9,0.242,201.0,0.141,0
85.97,262.67,901.72,0.508,0.459,4.1,469.7,762.3,35.9,22.5,0.185,27.6,97.6,23.3,0.21,8.9,0.338,1
1.84,16.89,99.68,0.314,0.243,0.51,57.1,625.2,36.7,326.6,0.306,33.0,46.2,8.1,0.305,1570.4,0.15,0
78.0,260.14,1056.14,0.537,0.505,7.47,786.2,747.4,31.7,225.5,0.367,30.3,78.5,33.9,0.459,4.3,0.273,1
126.69,471.53,1100.69,0.418,0.391,8.11,421.2,1365.1,42.2,127.9,0.573,29.7,77.7,20.9,0.621,432.8,0.466,1
16.81,76.74,356.75,0.222,0.196,1.71,174.0,1475.6,26.2,198.7,0.469,20.4,44.0,16.6,0.58,256.0,0.252,0
21.81,85.86,213.58,0.151,0.118,1.65,188.8,807.5,36.8,125.9,0.466,18.5,55.5,18.2,0.481,1028.0,0.884,0
28.05,109.87,505.86,0.173,0.149,1.56,176.4,1209.7,36.8,29.2,0.651,30.0,40.7,6.2,0.674,1967.3,0.835,0
84.36,266.75,815.15,0.428,0.351,4.48,503.5,1446.9,28.9,94.4,0.686,37.7,90.0,26.8,0.704,409.9,0.873,1
11.22,57.37,236.93,0.23,0.215,1.97,185.1,700.8,39.9,3.7,0.36,30.6,72.4,35.5,0.424,1612.4,0.266,0
140.87,378.41,1532.23,0.474,0.394,6.69,401.4,151.4,1.8,278.1,0.648,32.7,90.1,37.8,0.762,501.4,0.08,1
20.06,52.03,236.24,0.167,0.149,1.99,172.7,272.8,4.9,348.0,0.633,19.2,62.6,38.0,0.67,91.2,0.811,0
123.53,411.13,1528.33,0.376,0.33,4.06,254.5,1535.7,16.3,110.2,0.247,36.1,78.1,7.9,0.28,83.8,0.58,1
193.08,674.95,2903.46,0.478,0.384,7.84,815.4,2305.3,35.7,258.2,0.132,30.9,91.9,42.3,0.131,51.7,0.392,1
183.9,461.55,1393.24,0.49,0.42,7.59,408.2,1119.7,34.5,188.5,0.699,32.6,92.8,39.5,0.83,96.6,0.765,1
84.17,277.66,1011.23,0.423,0.352,5.09,291.4,1276.2,42.2,7.6,0.74,35.4,97.2,9.5,0.795,107.4,0.807,1
14.15,59.71,168.96,0.316,0.261,2.52,154.1,110.1,2.7,350.8,0.488,31.3,69.0,8.1,0.552,730.3,0.549,0
28.27,112.46,396.71,0.135,0.125,1.53,133.8,2381.3,20.7,346.5,0.323,20.6,61.4,39.9,0.414,1223.0,0.75,0
164.41,519.99,1290.16,0.449,0.349,8.41,731.6,2147.2,29.4,320.3,0.53,29.4,92.4,42.4,0.577,398.1,0.49,1
7.77,34.05,220.4,0.306,0.255,1.02,85.4,1225.4,25.4,113.4,0.134,21.5,49.7,26.4,0.118,270.0,0.371,0
3.63,26.1,162.45,0.158,0.119,0.58,29.9,2206.7,19.2,48.2,0.589,34.3,64.4,22.6,0.635,3678.3,0.185,0
5.8,36.96,202.39,0.239,0.192,1.76,135.9,1098.0,19.6,113.3,0.235,25.3,57.7,33.1,0.256,34.5,0.59,0
22.1,101.78,347.97,0.21,0.183,2.94,335.6,1148.9,36.5,265.3,0.162,20.1,59.5,33.1,0.2,759.6,0.284,0
16.67,75.19,266.35,0.266,0.204,2.38,273.9,1710.7,37.5,172.0,0.685,27.4,64.4,32.4,0.76,1580.8,0.703,0
72.51,157.39,537.83,0.394,0.317,3.92,307.3,815.1,41.8,330.1,0.463,27.8,89.4,40.7,0.556,788.1,0.278,1
17.93,52.1,177.25,0.245,0.227,1.25,75.9,2205.0,24.3,7.0,0.419,36.9,48.1,28.5,0.446,2351.3,0.674,0
50.74,185.28,542.09,0.419,0.372,5.31,634.3,542.2,28.6,346.2,0.501,19.8,85.7,14.8,0.484,385.0,0.572,1
15.62,72.54,339.93,0.144,0.11,1.16,66.8,2402.0,19.2,344.9,0.747,22.9,75.0,35.9,0.802,72.1,0.602,0
127.06,307.32,1085.67,0.53,0.503,5.91,633.6,2318.3,18.7,282.4,0.225,34.3,84.0,29.6,0.296,96.0,0.916,1
7.24,34.4,127.64,0.222,0.209,2.06,131.0,870.6,15.3,182.6,0.237,23.3,43.8,31.9,0.325,5428.3,0.575,0
187.52,461.91,1008.45,0.497,0.387,3.68,415.3,1654.9,20.1,129.0,0.559,36.5,84.9,27.1,0.663,102.4,0.256,1
127.01,354.78,1171.68,0.423,0.396,6.76,334.7,1246.7,23.4,344.0,0.637,25.0,79.9,27.4,0.8,8.5,0.614,1
28.96,103.47,423.03,0.124,0.106,1.16,75.6,1465.5,32.0,248.1,0.709,34.6,65.0,24.0,0.744,471.1,0.604,0
213.96,414.04,1263.72,0.408,0.381,3.64,332.9,440.2,2.4,275.2,0.62,31.1,97.3,17.8,0.754,92.3,0.053,1
72.61,179.74,514.22,0.483,0.455,8.16,388.4,1874.0,31.4,291.0,0.441,23.4,78.4,13.7,0.533,222.7,0.925,1
192.4,648.79,1995.67,0.515,0.458,6.76,481.9,1280.7,16.0,309.8,0.564,28.2,78.3,12.2,0.619,22.2,0.87,1
189.31,399.85,1796.5,0.398,0.321,3.87,276.7,269.4,10.8,180.5,0.447,25.6,96.4,42.9,0.378,443.6,0.223,1
30.64,100.32,391.27,0.263,0.245,1.36,109.9,2000.2,28.5,344.3,0.526,36.2,62.9,43.1,0.565,1556.3,0.614,0
146.34,365.56,1043.05,0.508,0.44,5.6,225.8,2255.5,38.1,106.2,0.15,36.9,76.0,42.0,0.163,142.2,0.076,1
14.97,56.32,243.95,0.325,0.266,1.25,114.8,25.4,13.8,284.7,0.52,37.9,73.1,41.2,0.509,754.0,0.548,0
21.62,48.79,222.0,0.323,0.272,0.87,63.6,2019.1,34.9,45.7,0.307,35.5,69.6,9.1,0.332,173.8,0.832,0
63.66,163.1,400.18,0.428,0.356,7.22,428.9,1422.8,36.3,132.6,0.45,36.5,89.0,20.9,0.491,35.5,0.686,1
32.38,78.0,336.48,0.181,0.169,0.93,52.7,135.5,2.5,159.9,0.188,30.7,74.5,41.1,0.221,321.9,0.594,0
126.93,438.37,1824.73,0.535,0.489,4.43,451.5,1119.5,32.8,199.5,0.457,27.6,98.0,13.9,0.454,247.6,0.313,1
103.78,300.66,810.53,0.351,0.265,5.58,351.3,1045.0,31.4,27.2,0.532,30.2,84.8,41.7,0.574,253.4,0.554,1
150.23,297.86,1333.61,0.475,0.358,4.69,441.5,488.2,9.6,142.4,0.23,34.9,79.6,44.0,0.206,105.7,0.369,1
83.83,291.04,1074.16,0.393,0.3,6.36,259.5,906.5,37.0,112.3,0.164,33.0,84.3,42.2,0.178,132.2,0.744,1
19.12,59.91,244.19,0.305,0.266,1.19,140.1,1262.3,23.3,166.3,0.345,19.6,51.7,25.1,0.314,1498.4,0.907,0
2.13,20.91,161.45,0.136,0.124,2.61,121.1,1377.3,41.6,262.8,0.395,28.9,45.5,29.7,0.416,254.4,0.798,0
8.61,43.11,134.74,0.337,0.287,2.85,206.0,373.3,6.8,54.5,0.515,26.0,41.5,41.8,0.581,328.7,0.315,0
14.23,72.91,309.62,0.311,0.266,1.03,96.3,1470.6,19.8,245.7,0.215,23.5,49.2,32.3,0.209,348.1,0.268,0
15.03,38.78,243.57,0.33,0.263,2.52,226.5,649.1,40.0,128.5,0.406,25.2,70.5,43.0,0.438,3571.5,0.945,0
13.41,64.48,231.48,0.171,0.144,2.39,266.2,416.1,12.7,110.3,0.696,24.9,62.6,27.4,0.766,1780.0,0.259,0
149.31,403.83,849.16,0.432,0.346,6.67,784.6,833.7,17.4,144.8,0.37,21.5,91.9,30.1,0.45,19.5,0.064,1
185.49,495.01,1704.6,0.545,0.438,3.72,362.8,1595.7,26.7,308.2,0.212,28.3,86.9,20.8,0.235,406.4,0.464,1
11.39,34.06,120.59,0.156,0.129,2.22,201.9,2399.6,29.6,24.2,0.647,37.6,49.0,14.9,0.697,1000.9,0.281,0
71.82,249.08,887.33,0.547,0.416,4.21,201.6,2063.1,23.3,206.8,0.375,23.6,81.7,5.7,0.428,47.2,0.323,1
19.02,91.68,398.72,0.102,0.096,2.92,219.8,2164.8,23.8,264.5,0.51,22.2,45.7,15.4,0.586,1498.9,0.503,0
34.77,127.22,430.22,0.319,0.298,2.31,126.8,549.1,18.9,224.7,0.673,31.2,44.7,19.5,0.697,1678.1,0.079,0
48.72,148.29,602.84,0.536,0.488,5.41,380.4,1159.1,36.3,192.7,0.505,22.9,76.3,32.9,0.514,590.8,0.561,1
312.89,954.14,2209.73,0.374,0.323,4.36,223.9,1121.7,16.6,224.0,0.648,32.4,97.4,22.0,0.718,200.1,0.584,1
87.61,192.04,464.43,0.385,0.351,5.94,611.2,1156.5,23.5,127.5,0.523,30.4,95.1,12.7,0.627,107.6,0.703,1
16.34,59.41,260.87,0.305,0.288,1.33,108.1,507.3,21.3,152.9,0.629,36.4,43.0,17.0,0.68,958.7,0.44,0
66.54,173.86,391.85,0.495,0.4,5.79,283.0,2110.0,28.5,139.7,0.397,22.8,90.3,19.2,0.475,1357.3,0.625,1
122.24,372.9,1028.96,0.525,0.432,3.64,297.2,836.0,38.6,208.8,0.737,35.1,90.0,16.8,0.859,642.3,0.497,1
89.67,264.45,1203.36,0.504,0.451,5.32,352.8,1191.1,24.0,318.5,0.453,32.2,92.1,9.0,0.551,472.8,0.856,1
67.6,227.9,771.99,0.378,0.332,5.52,441.9,913.0,41.2,170.2,0.543,26.8,96.0,16.8,0.54,132.6,0.738,1
60.24,209.33,833.9,0.533,0.488,4.92,297.7,874.9,41.0,145.9,0.225,23.9,86.9,19.3,0.303,699.0,0.143,1
80.72,207.34,594.24,0.504,0.413,4.98,500.5,1538.8,27.2,243.9,0.368,22.8,78.9,41.1,0.456,313.8,0.67,1
156.28,511.08,1430.35,0.464,0.377,4.49,182.7,2482.6,39.9,71.3,0.403,26.8,77.0,8.5,0.467,108.2,0.856,1
321.21,922.38,3099.25,0.456,0.396,8.28,424.3,2213.4,24.0,321.2,0.637,24.9,87.1,5.4,0.688,0.7,0.122,1
144.41,291.26,1121.07,0.465,0.362,6.15,526.9,2320.2,22.8,272.5,0.603,30.2,90.0,33.9,0.658,9.9,0.455,1
18.13,68.36,370.05,0.266,0.201,1.6,147.2,1090.7,41.1,125.9,0.453,26.1,55.1,18.6,0.507,1331.1,0.702,0
98.79,343.12,1233.72,0.511,0.408,5.63,243.9,483.5,9.4,75.0,0.623,22.6,95.8,39.5,0.709,10.8,0.833,1
35.87,112.56,316.53,0.157,0.123,1.38,129.1,43.6,5.6,230.2,0.627,34.0,41.5,15.5,0.647,2859.5,0.338,0
1.16,41.75,163.58,0.203,0.152,2.94,165.2,119.0,9.1,345.3,0.529,26.8,56.7,17.2,0.536,4692.2,0.503,0
203.89,551.8,1486.01,0.358,0.324,6.94,359.7,1818.8,37.5,314.8,0.713,28.3,96.0,40.5,0.843,189.7,0.236,1
278.19,814.96,2232.66,0.391,0.335,3.94,164.0,914.3,24.3,27.8,0.657,31.6,81.8,23.8,0.747,15.8,0.262,1
81.15,275.32,937.34,0.501,0.443,3.65,289.5,1637.4,17.9,100.0,0.241,22.6,83.7,5.2,0.263,67.9,0.435,1
1.04,28.85,117.92,0.191,0.15,1.33,133.3,1386.3,23.7,247.4,0.324,24.9,59.2,15.4,0.357,563.1,0.682,0
217.38,599.59,1675.6,0.42,0.336,7.17,628.4,2449.9,28.0,195.4,0.182,22.4,97.7,34.5,0.237,83.1,0.101,1
4.74,30.16,172.3,0.106,0.08,0.64,70.2,1784.6,21.5,70.1,0.376,30.9,46.5,32.3,0.415,3232.2,0.242,0
177.8,423.31,1505.33,0.522,0.495,5.49,454.5,2456.8,16.8,311.8,0.321,35.1,94.5,43.9,0.287,739.5,0.585,1
126.64,442.46,1229.33,0.393,0.303,3.52,143.2,757.5,25.0,347.7,0.61,26.1,80.8,43.2,0.717,292.1,0.616,1
105.71,214.1,631.37,0.398,0.306,4.1,444.8,835.8,30.0,139.6,0.623,21.7,88.7,37.3,0.779,606.1,0.332,1
152.71,316.92,1344.63,0.369,0.322,5.46,619.7,1280.2,38.9,213.7,0.397,33.1,86.3,36.0,0.45,274.8,0.429,1
218.65,683.1,2973.83,0.532,0.434,6.82,749.5,1246.4,38.5,127.5,0.431,38.0,90.5,22.2,0.535,275.2,0.625,1
18.6,61.97,271.78,0.415,0.385,5.06,279.4,1306.0,19.8,74.4,0.669,22.0,95.5,10.2,0.653,107.3,0.313,1
20.37,66.31,252.83,0.182,0.167,2.31,275.0,2131.7,29.1,323.3,0.444,22.6,49.6,41.2,0.515,5037.6,0.238,0
9.5,40.04,169.85,0.145,0.134,1.48,173.3,1788.3,41.0,151.8,0.706,33.6,53.8,38.1,0.695,462.6,0.375,0
128.26,299.78,1326.25,0.417,0.374,4.35,471.8,453.4,5.4,9.9,0.643,25.3,87.5,27.9,0.694,481.3,0.192,1
178.43,415.07,1049.68,0.499,0.388,7.21,624.0,1471.2,29.6,116.3,0.394,33.0,87.3,43.2,0.455,318.4,0.655,1
13.15,38.61,219.67,0.295,0.225,1.44,80.2,446.1,1.5,142.7,0.708,24.6,45.4,42.3,0.725,559.8,0.167,0
232.83,517.73,2193.93,0.495,0.378,8.25,457.6,1058.8,39.9,61.1,0.61,32.9,93.2,30.7,0.644,626.2,0.061,1
11.02,34.43,162.76,0.281,0.256,2.29,186.9,2274.7,29.9,264.7,0.722,32.4,52.9,21.0,0.76,2085.6,0.343,0
83.23,284.97,852.95,0.478,0.421,5.74,639.3,192.2,4.1,63.7,0.236,34.2,85.9,36.3,0.298,1455.4,0.841,1
147.22,463.29,1665.45,0.438,0.415,4.44,313.7,2408.6,35.7,312.1,0.549,34.1,78.2,34.6,0.588,414.8,0.223,1
94.08,196.34,571.46,0.51,0.448,4.78,380.1,561.4,32.0,218.6,0.699,19.4,75.6,34.4,0.753,78.6,0.607,1
221.83,735.67,1772.68,0.496,0.397,6.7,492.7,447.1,9.4,285.2,0.101,31.5,84.6,17.4,0.14,459.4,0.655,1
35.87,98.44,494.54,0.156,0.12,2.51,248.6,1206.6,23.6,245.3,0.163,26.7,42.1,27.5,0.219,2931.7,0.855,0
20.12,83.3,337.59,0.127,0.104,1.73,82.8,2237.6,17.3,274.6,0.179,33.0,69.6,13.1,0.147,4201.9,0.315,0
80.51,184.9,640.82,0.501,0.396,4.15,404.9,477.0,3.7,150.2,0.364,36.8,97.8,41.7,0.501,1080.2,0.465,1
111.47,241.86,606.38,0.544,0.476,8.26,849.6,28.8,11.0,213.6,0.669,26.6,82.6,23.8,0.8,79.8,0.545,1
20.37,114.0,411.61,0.108,0.083,2.51,243.7,1053.0,43.2,137.3,0.412,22.1,45.1,43.5,0.538,1356.9,0.144,0
58.74,177.15,732.44,0.408,0.369,5.06,476.9,1437.9,43.2,259.2,0.153,30.2,87.0,41.6,0.156,409.1,0.257,1
12.99,45.4,182.76,0.287,0.255,0.73,52.2,1870.5,20.2,111.8,0.242,20.7,47.2,38.6,0.299,238.8,0.839,0
117.57,331.53,1005.45,0.439,0.394,7.44,585.8,149.5,10.8,120.5,0.327,21.4,94.1,28.3,0.367,72.0,0.18,1
98.04,209.52,546.75,0.43,0.405,6.99,398.3,1309.7,29.3,298.0,0.673,37.0,78.6,32.7,0.815,186.9,0.134,1
20.49,103.77,361.63,0.174,0.153,0.83,79.4,425.4,10.7,64.9,0.23,20.8,63.5,29.6,0.194,689.8,0.657,0
23.13,88.83,401.97,0.295,0.267,1.86,105.4,1080.9,43.9,143.6,0.558,30.1,58.5,8.2,0.709,581.6,0.649,0
257.02,513.55,1384.49,0.367,0.281,5.06,428.4,2423.8,23.8,206.4,0.652,33.8,76.4,29.2,0.742,832.4,0.554,1
120.93,314.9,705.03,0.443,0.416,4.56,454.5,2449.8,18.6,48.1,0.433,27.8,83.1,11.9,0.48,299.5,0.487,1
187.75,562.41,1928.77,0.372,0.295,5.55,303.8,2463.5,28.9,220.6,0.5,32.6,83.8,31.6,0.52,271.4,0.262,1
21.37,77.65,304.93,0.527,0.447,3.54,218.1,914.6,30.3,134.6,0.451,29.5,78.4,34.6,0.537,75.0,0.513,1
88.43,296.11,920.39,0.377,0.355,6.04,453.5,1760.3,27.3,77.1,0.595,38.0,96.8,29.6,0.669,332.7,0.067,1
240.08,739.37,2722.59,0.368,0.289,5.33,488.8,2182.9,38.6,20.5,0.44,19.6,82.6,44.3,0.51,56.6,0.428,1
91.55,343.72,759.73,0.543,0.411,4.16,273.9,1269.1,29.8,202.8,0.713,22.6,89.7,14.7,0.839,259.3,0.195,1
5.4,50.31,200.06,0.305,0.247,2.7,146.4,1191.5,24.2,349.7,0.662,29.4,68.1,31.7,0.748,697.7,0.646,0
11.37,43.34,189.0,0.22,0.172,0.76,40.0,1808.4,29.6,278.4,0.587,28.2,48.6,19.7,0.712,2835.3,0.064,0
20.98,92.4,289.67,0.184,0.162,1.71,104.2,1262.0,42.0,142.6,0.316,19.9,47.5,16.2,0.266,439.6,0.535,0
47.98,151.77,529.34,0.437,0.352,7.03,508.7,1459.9,40.8,68.3,0.492,29.0,85.7,21.6,0.596,1.5,0.892,1
3.09,29.12,121.2,0.227,0.173,2.97,140.8,1138.0,34.7,270.3,0.184,20.2,64.9,44.8,0.146,1600.9,0.658,0
80.3,250.57,592.51,0.548,0.509,5.64,655.0,1831.4,34.5,310.9,0.358,31.8,91.2,31.8,0.395,541.9,0.688,1
153.61,471.99,1070.73,0.474,0.36,5.88,705.3,2125.9,33.1,124.3,0.452,31.0,83.8,31.1,0.385,1415.3,0.71,1
261.62,756.38,2876.87,0.534,0.429,7.59,832.3,1140.4,21.9,22.4,0.325,19.3,94.5,22.4,0.358,271.1,0.127,1
38.69,97.38,309.12,0.315,0.251,0.78,82.6,1232.8,33.5,222.9,0.159,27.3,41.5,20.4,0.218,933.2,0.441,0
75.77,222.8,597.4,0.289,0.218,2.47,183.4,2307.6,33.0,33.0,0.303,32.2,65.8,23.6,0.294,1619.5,0.228,0
11.78,35.58,176.82,0.105,0.082,1.72,115.0,1412.2,32.1,62.5,0.7,34.0,45.7,32.0,0.846,1646.1,0.423,0
27.35,119.51,523.58,0.142,0.129,2.12,158.1,1192.5,39.2,1.6,0.496,18.7,72.1,16.3,0.464,1547.4,0.715,0
16.5,87.69,244.26,0.219,0.166,1.94,80.4,2427.4,16.4,93.9,0.228,27.3,63.0,17.6,0.216,1570.8,0.153,0
98.33,315.43,1107.71,0.412,0.311,4.88,257.6,175.4,2.3,274.2,0.617,37.8,76.3,38.7,0.59,24.2,0.528,1
59.58,126.72,404.22,0.356,0.312,7.7,644.7,1561.3,16.6,295.5,0.689,25.7,79.3,36.4,0.748,248.1,0.665,1
147.65,408.53,1705.85,0.507,0.39,6.6,753.5,73.6,6.2,341.3,0.463,28.7,92.0,37.6,0.435,85.3,0.336,1
206.3,422.61,1727.74,0.536,0.442,5.68,648.2,1127.9,22.0,296.2,0.381,24.0,88.7,37.5,0.37,1132.0,0.601,1
37.69,142.04,576.17,0.105,0.079,2.48,240.8,817.5,26.0,76.1,0.334,19.1,47.8,20.6,0.454,1118.7,0.063,0
147.82,366.07,1138.11,0.457,0.376,8.34,657.2,1092.2,24.8,188.5,0.207,36.1,92.1,25.2,0.113,88.8,0.409,1
174.9,568.28,2106.87,0.5,0.407,8.14,499.6,2258.5,43.1,211.3,0.136,30.6,93.6,6.0,0.09,160.9,0.137,1
14.92,78.32,363.25,0.297,0.259,1.98,145.1,1277.9,25.2,45.9,0.241,28.5,60.4,28.2,0.165,3519.7,0.325,0
99.25,350.71,1037.33,0.379,0.322,5.16,613.1,1463.8,16.6,156.8,0.414,34.2,97.4,11.5,0.497,190.8,0.071,1
5.29,38.02,187.92,0.342,0.303,2.15,233.0,830.4,16.1,109.9,0.134,20.9,70.7,19.5,0.181,251.1,0.166,0
62.21,199.06,921.86,0.441,0.414,6.27,493.8,2463.3,21.5,271.0,0.736,35.4,92.5,39.7,0.737,707.9,0.473,1
124.1,368.86,1116.65,0.498,0.453,3.95,428.0,2437.1,17.7,28.7,0.552,30.2,97.3,19.6,0.631,676.7,0.41,1
17.6,54.4,297.36,0.139,0.13,2.56,255.4,2180.7,38.8,99.3,0.323,32.2,59.1,24.3,0.394,1479.5,0.84,0
110.51,256.69,863.0,0.513,0.39,7.41,535.8,1773.3,35.2,37.3,0.378,30.4,90.6,17.8,0.43,4.3,0.216,1
170.45,353.39,1199.61,0.45,0.427,4.11,327.2,1075.8,38.3,166.7,0.743,34.5,79.2,37.7,0.717,55.5,0.328,1
152.74,341.39,1048.48,0.531,0.432,4.77,367.8,325.1,8.5,68.0,0.33,33.9,79.1,15.0,0.306,252.0,0.21,1
6.58,28.5,141.1,0.216,0.174,2.3,94.6,2273.8,29.2,37.8,0.2,29.4,71.2,5.2,0.213,4961.7,0.92,0
48.15,114.58,528.31,0.439,0.365,5.89,386.9,1339.5,25.9,237.0,0.383,34.8,93.3,11.4,0.373,245.7,0.942,1
10.26,45.97,270.33,0.111,0.101,2.96,127.5,1408.8,39.4,304.2,0.229,33.7,50.0,42.6,0.17,4975.9,0.613,0
13.46,38.62,158.37,0.334,0.314,2.19,242.8,265.3,12.5,72.5,0.482,28.1,73.4,15.2,0.577,1886.3,0.112,0
17.2,90.48,379.96,0.306,0.264,1.43,124.2,1983.5,30.5,44.0,0.347,19.9,58.3,12.8,0.384,1824.6,0.346,0
237.11,604.75,2336.8,0.433,0.338,3.87,280.1,1385.3,26.2,237.7,0.272,35.3,80.9,23.4,0.354,643.8,0.769,1
120.39,334.19,994.27,0.464,0.368,8.03,385.3,653.4,19.6,15.6,0.29,25.5,87.0,14.8,0.395,171.7,0.533,1
166.65,432.7,1111.15,0.522,0.434,4.9,212.1,437.8,4.7,85.8,0.725,34.4,87.7,20.7,0.759,285.1,0.555,1
112.92,375.66,1566.19,0.443,0.364,8.0,484.0,1538.7,23.0,109.8,0.345,33.4,88.9,12.1,0.267,50.4,0.911,1
5.0,38.9,190.94,0.273,0.218,0.67,48.1,2161.2,27.5,331.1,0.71,19.7,49.4,40.1,0.8,4552.2,0.127,0
2.74,30.07,150.14,0.234,0.215,2.13,187.5,1317.6,23.7,126.4,0.459,23.4,64.3,11.7,0.441,332.7,0.879,0
6.24,39.45,141.61,0.252,0.203,2.5,170.7,2153.1,33.3,191.7,0.466,34.6,41.1,11.0,0.514,306.2,0.841,0
25.47,49.94,192.32,0.198,0.172,2.76,216.9,476.4,1.9,278.3,0.155,29.7,42.5,36.4,0.195,288.5,0.331,0
15.38,56.97,285.92,0.232,0.196,0.87,82.0,1387.9,34.7,304.3,0.735,24.5,49.1,31.9,0.797,273.2,0.357,0
8.28,52.07,245.76,0.235,0.22,2.36,102.8,1108.4,27.4,34.4,0.441,21.2,54.4,23.1,0.525,562.6,0.204,0
7.35,35.9,183.57,0.316,0.277,2.96,242.5,814.2,36.4,271.5,0.654,26.7,53.1,21.8,0.746,1161.5,0.117,0
20.83,97.13,302.32,0.155,0.126,0.67,42.0,259.4,6.3,271.3,0.548,30.6,56.8,12.4,0.565,3001.1,0.416,0
15.64,57.63,183.99,0.162,0.142,0.57,58.5,523.4,30.4,316.2,0.417,25.0,67.8,38.2,0.397,4461.2,0.287,0
4.31,25.31,109.65,0.153,0.124,1.03,67.9,2221.9,41.1,275.6,0.549,30.0,66.9,32.8,0.59,2786.9,0.481,0
129.63,403.67,1225.52,0.514,0.395,3.82,204.6,911.8,19.0,46.6,0.171,34.3,89.3,29.1,0.204,959.5,0.861,1
226.49,670.84,1951.61,0.381,0.322,6.86,708.1,2146.3,16.0,108.3,0.138,23.4,85.1,12.7,0.148,55.1,0.076,1
157.34,402.36,1742.04,0.439,0.404,4.96,503.5,2037.2,41.6,152.4,0.331,19.8,88.9,36.0,0.36,247.5,0.532,1
3.36,40.83,150.01,0.269,0.251,2.21,170.2,769.3,18.5,40.8,0.224,21.6,71.0,22.0,0.299,1632.1,0.502,0
3.31,22.14,120.35,0.257,0.221,0.53,28.8,1200.7,20.4,43.5,0.675,22.7,56.5,35.4,0.692,36.9,0.681,0
203.69,569.5,2559.25,0.36,0.32,3.86,300.7,1138.7,18.6,283.9,0.295,20.6,82.4,41.0,0.338,139.4,0.894,1
8.38,46.46,207.37,0.157,0.137,2.69,202.6,2243.7,20.1,61.3,0.53,26.1,49.6,25.0,0.563,1536.0,0.338,0
21.91,73.68,248.99,0.32,0.292,1.84,95.0,1541.3,42.0,325.8,0.692,24.5,62.0,35.0,0.79,2099.9,0.292,0
13.77,68.19,210.55,0.242,0.187,0.99,68.0,1099.3,40.4,76.5,0.14,25.7,62.8,15.6,0.196,4599.1,0.271,0
9.54,60.28,244.98,0.276,0.229,2.88,303.4,1303.4,23.0,176.7,0.561,25.2,44.2,19.3,0.613,2117.7,0.327,0
13.17,58.39,170.02,0.331,0.265,1.27,101.8,2105.4,36.1,76.2,0.107,23.0,64.8,37.2,0.25,549.6,0.157,0
41.09,135.64,634.36,0.151,0.114,1.38,69.2,776.5,38.7,338.8,0.658,30.8,73.9,6.3,0.716,1532.0,0.054,0
78.17,292.08,1052.38,0.403,0.369,6.53,723.2,1045.9,19.6,195.2,0.74,22.8,93.2,35.9,0.776,297.4,0.221,1
28.16,79.63,327.17,0.209,0.162,1.49,148.0,334.9,13.0,201.5,0.25,36.6,40.4,18.6,0.378,2214.4,0.77,0
19.72,93.09,333.18,0.158,0.129,2.27,189.6,1424.3,29.3,313.6,0.205,24.4,57.0,44.5,0.223,158.3,0.608,0
223.47,667.26,3023.7,0.469,0.433,6.86,421.2,2424.8,34.1,53.9,0.424,37.1,90.4,42.3,0.414,108.2,0.479,1
19.71,51.31,223.62,0.121,0.108,1.66,79.4,867.2,27.6,31.2,0.718,21.8,41.6,26.4,0.783,194.1,0.788,0
14.96,46.21,195.48,0.16,0.138,1.16,114.8,2352.5,38.5,350.9,0.295,19.7,58.7,8.4,0.271,1552.7,0.282,0
89.59,219.5,959.07,0.517,0.42,4.27,385.1,2013.3,44.7,330.7,0.306,24.2,81.7,33.4,0.367,96.9,0.748,1
10.2,60.16,320.63,0.338,0.289,2.87,302.8,1983.2,40.9,91.0,0.503,24.4,56.5,8.8,0.556,3268.0,0.11,0
24.53,61.48,201.41,0.257,0.196,1.22,116.4,1858.9,40.5,213.2,0.565,34.2,70.8,9.4,0.658,46.3,0.779,0
13.49,42.61,136.19,0.279,0.25,2.54,133.1,1902.1,21.0,249.6,0.453,33.5,55.9,18.8,0.49,3252.9,0.629,0
6.31,44.16,150.18,0.127,0.101,1.05,79.8,849.3,42.1,333.6,0.245,21.7,65.6,35.2,0.258,1011.4,0.905,0
123.44,255.56,569.81,0.493,0.417,7.79,506.3,2082.3,44.7,75.7,0.687,36.5,80.6,15.0,0.756,224.2,0.574,1
141.66,429.3,1848.92,0.411,0.316,5.65,617.3,2434.6,32.0,283.7,0.44,25.1,86.6,41.8,0.379,56.4,0.055,1
8.08,26.38,91.67,0.242,0.216,2.95,182.6,270.0,6.2,64.3,0.715,37.7,45.1,22.0,0.835,356.6,0.371,0
115.47,261.48,771.0,0.369,0.342,3.8,302.4,326.0,3.7,201.4,0.41,37.3,79.8,34.9,0.395,0.0,0.422,1
136.22,299.33,701.85,0.497,0.418,4.0,335.1,38.9,1.3,72.2,0.189,23.5,80.0,12.6,0.296,3.2,0.185,1
50.8,153.51,701.44,0.219,0.168,0.52,46.6,1758.3,33.1,107.2,0.338,27.0,61.1,18.1,0.378,4045.2,0.627,0
122.4,282.63,1189.92,0.513,0.482,6.94,630.7,190.6,8.0,191.4,0.453,34.9,76.5,21.7,0.463,156.5,0.515,1
10.03,50.26,246.27,0.248,0.208,2.16,197.7,1309.5,19.7,115.0,0.226,24.0,40.8,13.5,0.295,1261.4,0.744,0
20.59,61.35,277.79,0.143,0.11,1.52,104.3,1722.7,40.3,359.0,0.364,27.0,41.4,41.4,0.402,412.4,0.13,0
3.65,36.01,213.64,0.303,0.239,0.82,66.2,1490.6,21.1,232.1,0.169,21.9,53.5,40.6,0.157,2146.8,0.659,0
20.85,62.08,276.69,0.255,0.197,1.17,52.2,1522.1,35.3,301.1,0.68,27.9,55.2,21.2,0.761,404.6,0.492,0
19.89,63.36,200.61,0.318,0.251,2.29,187.8,2404.0,22.3,70.8,0.722,23.5,60.3,43.6,0.872,1108.9,0.621,0
125.08,271.96,1050.36,0.385,0.301,7.59,681.3,760.3,36.0,46.9,0.396,20.3,84.0,9.3,0.413,71.3,0.864,1
6.49,25.29,160.0,0.228,0.213,1.7,169.1,1554.5,16.4,100.9,0.682,31.8,54.4,5.2,0.763,1105.6,0.697,0
13.37,63.07,292.64,0.29,0.23,0.6,30.9,1570.4,20.3,293.2,0.215,25.2,71.6,37.0,0.275,1481.0,0.165,0
19.31,82.97,296.66,0.237,0.198,1.82,163.4,696.9,36.6,71.4,0.145,28.6,52.1,13.6,0.155,2364.0,0.309,0
181.45,413.21,1871.97,0.455,0.407,5.2,344.0,764.2,32.7,88.4,0.313,29.1,78.1,35.5,0.334,575.0,0.858,1
140.93,372.62,1367.59,0.501,0.444,5.85,422.8,1854.6,31.7,267.5,0.255,29.8,77.3,34.1,0.217,371.4,0.321,1
69.98,234.33,855.98,0.497,0.467,6.19,482.5,793.6,17.8,288.3,0.253,33.4,85.0,41.8,0.323,97.9,0.326,1
107.58,333.75,1425.5,0.351,0.331,6.94,349.1,587.7,40.9,197.1,0.606,32.4,75.6,14.5,0.621,25.8,0.654,1
65.7,234.35,765.21,0.406,0.351,7.72,457.1,2459.3,34.0,51.9,0.63,33.2,76.1,43.3,0.722,463.2,0.201,1
9.23,38.08,133.68,0.325,0.293,1.92,86.3,241.1,10.1,300.5,0.466,34.2,66.8,8.6,0.538,527.3,0.593,0
142.84,271.46,945.82,0.542,0.448,8.23,970.4,788.9,43.8,209.6,0.569,25.9,82.2,38.5,0.613,475.5,0.615,1
232.58,580.01,2084.09,0.452,0.378,7.43,410.5,2103.3,31.5,335.6,0.284,33.9,87.8,21.0,0.341,496.0,0.707,1
106.5,225.04,674.53,0.462,0.356,4.2,380.7,515.0,39.2,74.3,0.554,25.2,77.2,6.3,0.664,407.3,0.728,1
98.46,312.39,1228.63,0.35,0.31,5.18,255.0,650.4,21.4,52.6,0.591,26.3,85.3,20.2,0.758,28.1,0.749,1
4.82,39.06,213.72,0.305,0.246,0.97,93.2,414.0,11.4,81.3,0.713,36.0,41.0,39.0,0.756,327.4,0.853,0
0.69,22.74,133.82,0.16,0.123,1.92,211.1,1467.3,34.8,68.5,0.157,31.5,50.6,28.3,0.108,434.9,0.056,0
11.75,38.45,208.23,0.118,0.091,2.89,225.8,16.6,13.1,290.0,0.651,23.0,69.3,5.1,0.732,2282.8,0.667,0
121.23,268.7,779.6,0.411,0.368,3.83,363.4,2190.5,17.6,34.3,0.205,31.3,83.1,30.3,0.219,492.7,0.59,1
9.28,49.02,275.44,0.175,0.14,1.82,168.8,944.8,16.6,292.2,0.379,21.1,59.3,8.9,0.397,759.4,0.084,0
25.42,89.84,443.0,0.259,0.234,0.84,77.6,1258.3,21.4,232.5,0.104,23.2,74.5,22.7,0.077,1849.1,0.472,0
121.06,436.42,1444.68,0.42,0.391,5.31,257.4,629.3,31.0,330.1,0.72,19.1,83.6,11.1,0.796,1.4,0.917,1
2.82,35.31,138.53,0.339,0.277,2.14,225.0,114.7,3.2,167.9,0.726,31.6,70.4,31.2,0.718,3269.9,0.465,0
98.77,376.99,1104.25,0.513,0.466,4.22,366.7,2406.2,26.7,97.2,0.722,37.0,78.2,43.0,0.828,35.2,0.401,1
16.58,79.78,227.35,0.102,0.086,2.91,169.1,2203.0,22.6,324.8,0.158,36.7,44.0,5.9,0.171,187.6,0.25,0
5.58,24.45,94.62,0.219,0.198,1.96,147.5,698.0,32.7,2.6,0.301,34.2,64.4,7.9,0.29,422.7,0.862,0
15.43,46.85,146.07,0.297,0.241,2.91,285.1,257.4,4.6,330.5,0.359,21.2,62.7,36.0,0.455,384.8,0.081,0
103.82,292.16,999.58,0.527,0.493,4.11,376.1,1130.9,20.1,224.9,0.736,34.9,90.3,9.0,0.877,20.7,0.69,1
36.33,102.04,423.97,0.215,0.204,0.55,28.9,1381.1,28.6,58.2,0.611,18.1,48.0,41.2,0.624,1948.7,0.274,0
23.38,90.93,299.43,0.131,0.109,0.89,78.1,1430.4,44.0,105.5,0.521,36.3,51.5,39.4,0.509,204.0,0.727,0
32.02,98.11,364.57,0.421,0.333,6.45,520.2,2292.6,24.8,212.4,0.35,32.1,87.6,45.0,0.378,465.6,0.791,1
4.55,32.8,150.74,0.345,0.306,2.35,216.7,1685.7,40.5,34.9,0.733,21.5,72.6,13.6,0.814,1129.5,0.576,0
148.53,340.02,1374.91,0.402,0.349,8.38,860.7,1544.3,44.3,20.7,0.563,29.3,87.1,35.6,0.61,64.4,0.059,1
43.74,141.1,358.27,0.509,0.483,6.01,398.9,222.8,3.3,186.8,0.438,30.5,88.4,31.7,0.489,277.5,0.433,1
24.71,112.97,455.41,0.241,0.22,1.84,134.1,1316.5,28.3,12.1,0.436,23.4,70.1,22.1,0.442,1496.3,0.319,0
113.82,328.46,1062.31,0.498,0.457,4.03,353.1,1386.8,39.3,277.6,0.15,35.0,89.8,20.2,0.121,373.6,0.647,1
20.64,61.72,216.56,0.247,0.221,2.03,208.6,1578.4,16.3,250.9,0.346,28.3,44.5,35.0,0.431,2973.2,0.829,0
82.04,198.72,670.05,0.36,0.295,4.66,416.2,410.5,11.1,333.9,0.19,29.3,76.6,19.5,0.279,90.8,0.869,1
16.8,34.09,193.62,0.113,0.106,1.34,55.1,2402.4,29.7,297.2,0.58,35.7,71.0,6.2,0.586,580.2,0.266,0
168.24,510.74,1610.54,0.483,0.407,5.54,660.9,1435.2,28.5,22.9,0.67,31.1,83.5,27.5,0.677,3.2,0.446,1
19.66,77.14,292.16,0.138,0.114,2.37,100.3,1046.9,37.0,72.7,0.705,29.8,42.0,40.3,0.782,3720.3,0.842,0
91.81,250.74,633.28,0.363,0.286,6.76,740.5,1662.6,42.9,72.2,0.735,20.5,94.8,6.6,0.767,508.4,0.474,1
36.4,116.95,457.74,0.246,0.199,1.97,221.4,370.4,6.1,159.2,0.24,28.8,74.8,14.9,0.341,862.5,0.177,0
7.5,32.35,132.61,0.152,0.114,1.93,110.5,1096.1,27.7,196.8,0.434,36.3,64.9,10.1,0.424,294.7,0.48,0
9.83,51.77,212.79,0.236,0.208,1.52,154.9,1805.2,34.5,166.6,0.578,30.1,69.3,14.0,0.633,1706.6,0.6,0
28.65,89.49,269.42,0.279,0.243,2.87,224.4,2351.9,33.2,81.8,0.519,23.7,57.0,8.8,0.504,794.3,0.815,0
92.07,308.58,1206.69,0.352,0.292,4.8,352.0,1122.2,22.0,329.4,0.75,34.6,76.7,39.7,0.795,93.3,0.245,1
13.87,62.93,217.53,0.255,0.24,0.52,27.0,1580.0,15.5,13.3,0.265,26.7,56.6,12.8,0.284,3296.8,0.91,0
97.52,209.02,899.11,0.5,0.445,4.11,316.1,1083.0,19.9,10.9,0.482,19.6,80.7,13.8,0.422,342.6,0.75,1
131.35,295.92,1341.04,0.41,0.327,6.96,633.1,1314.5,16.2,273.3,0.276,27.7,88.4,27.8,0.268,1209.2,0.293,1
164.86,520.1,1863.56,0.373,0.308,8.12,648.0,1262.3,16.8,102.6,0.536,33.2,82.2,33.0,0.581,329.8,0.93,1
14.18,60.86,273.57,0.178,0.152,1.31,75.9,1744.1,22.4,267.7,0.289,36.4,62.2,37.5,0.284,1585.6,0.897,0
38.1,141.14,374.19,0.146,0.125,1.55,122.5,1637.1,36.7,107.7,0.571,31.3,73.9,38.8,0.631,514.4,0.718,0
178.33,352.82,993.67,0.444,0.358,4.99,548.3,29.6,1.7,203.7,0.515,34.8,76.2,9.4,0.558,2.1,0.553,1
22.88,78.6,261.93,0.237,0.189,0.87,91.6,217.4,7.6,311.6,0.213,33.0,58.6,14.3,0.358,1754.4,0.879,0
30.4,85.55,368.3,0.245,0.198,2.05,113.6,1903.8,34.1,67.5,0.246,21.6,56.4,9.4,0.289,5226.2,0.448,0
143.29,487.48,1616.45,0.448,0.422,4.7,371.7,412.1,12.8,258.2,0.413,37.7,90.1,37.7,0.414,22.9,0.433,1
263.09,846.18,2476.82,0.479,0.394,4.29,378.9,1926.2,30.2,292.1,0.557,19.1,85.3,24.4,0.561,674.4,0.39,1
119.05,414.77,1095.64,0.375,0.309,4.31,355.5,2040.5,34.4,350.6,0.202,23.5,97.5,33.3,0.271,18.2,0.792,1
5.49,33.68,205.73,0.167,0.149,2.92,271.4,2337.5,25.7,68.7,0.286,33.3,49.8,26.1,0.257,215.6,0.19,0
63.09,234.96,534.56,0.507,0.396,5.32,504.0,2036.6,15.4,180.4,0.181,20.7,78.6,12.8,0.234,63.4,0.111,1
27.18,98.76,272.87,0.13,0.114,2.41,174.2,1338.4,27.9,105.8,0.159,29.4,44.2,12.3,0.25,1428.8,0.326,0
19.31,59.55,202.38,0.346,0.305,1.9,113.0,536.0,26.0,156.8,0.38,30.6,56.5,8.3,0.454,1133.7,0.9,0
208.58,737.48,1799.87,0.417,0.318,6.86,517.4,330.4,8.2,23.9,0.245,31.7,91.8,25.6,0.317,14.0,0.462,1
13.44,67.93,216.67,0.297,0.234,1.79,87.0,2186.2,17.7,321.8,0.289,21.2,57.0,8.5,0.339,1177.2,0.327,0
1.29,9.21,96.23,0.2,0.169,2.96,295.5,981.9,38.4,115.5,0.509,22.1,55.2,19.0,0.585,2067.8,0.099,0
11.56,65.26,257.87,0.204,0.187,2.02,205.9,140.0,12.8,356.0,0.54,20.5,71.2,27.7,0.533,4440.5,0.647,0
63.02,207.27,723.43,0.458,0.41,5.79,669.0,875.0,25.0,158.6,0.122,21.4,88.5,37.3,0.225,158.2,0.531,1
70.95,253.83,1053.2,0.446,0.412,4.62,517.1,2173.1,33.8,127.5,0.322,34.7,97.8,42.6,0.451,72.6,0.763,1
120.92,341.67,1499.31,0.38,0.35,3.7,185.5,1409.9,30.8,181.4,0.333,20.3,89.6,14.6,0.316,316.8,0.415,1
221.5,726.0,1702.87,0.456,0.389,7.9,661.4,1607.2,21.4,50.4,0.67,26.0,94.1,19.1,0.747,257.4,0.719,1
7.53,37.47,133.11,0.171,0.149,2.16,208.6,641.0,42.1,304.7,0.393,18.3,48.1,16.2,0.477,4393.3,0.213,0
4.18,19.61,133.48,0.266,0.248,0.85,90.6,58.5,12.1,290.9,0.323,33.3,71.1,7.6,0.39,887.8,0.688,0
7.08,62.34,230.23,0.177,0.159,2.52,161.1,2292.8,19.1,296.4,0.215,37.1,53.0,28.1,0.321,1750.5,0.28,0
24.21,91.11,260.37,0.319,0.262,1.98,235.5,194.6,4.7,149.3,0.648,24.0,73.5,35.6,0.753,2823.0,0.785,0
29.37,117.78,497.83,0.112,0.092,2.39,191.8,2498.2,37.3,129.1,0.67,24.1,45.7,40.3,0.76,271.4,0.624,0
55.86,168.91,591.85,0.544,0.448,6.94,534.1,2174.3,21.6,345.2,0.733,29.5,97.0,24.3,0.809,119.5,0.454,1
23.18,63.57,311.44,0.315,0.268,2.94,217.0,298.5,5.6,204.4,0.676,20.6,70.7,13.2,0.753,1660.5,0.166,0
5.09,22.86,121.3,0.255,0.21,1.62,87.8,2498.3,32.3,320.0,0.601,30.0,58.1,38.1,0.71,2489.5,0.27,0
10.68,41.2,191.28,0.293,0.231,1.2,101.8,2022.1,20.7,93.5,0.421,29.0,69.8,33.5,0.501,849.4,0.197,0
11.54,54.73,292.7,0.181,0.157,2.09,104.2,2122.0,31.3,196.1,0.57,26.0,50.8,35.5,0.617,2759.3,0.389,0
120.89,340.14,956.23,0.385,0.356,5.3,570.1,2026.1,22.0,242.8,0.491,32.0,81.1,9.2,0.547,264.4,0.258,1
5.54,35.1,142.56,0.322,0.273,1.24,54.2,2323.0,21.1,35.4,0.588,28.9,62.0,23.8,0.644,2039.2,0.407,0
15.52,54.71,132.77,0.287,0.228,1.2,130.2,1894.1,19.6,318.2,0.559,34.9,51.0,5.5,0.597,869.8,0.898,0
235.73,598.87,2066.26,0.421,0.385,6.45,676.6,1320.6,32.7,159.0,0.396,32.5,76.5,42.4,0.353,819.4,0.096,1
10.42,61.45,303.94,0.154,0.139,2.77,177.7,10.1,10.7,286.8,0.407,29.6,71.5,24.4,0.424,1937.9,0.167,0
34.0,113.76,266.17,0.127,0.113,0.75,32.3,705.6,43.6,287.6,0.524,24.3,68.7,9.9,0.606,4457.9,0.517,0
9.23,35.74,188.0,0.315,0.279,1.12,123.6,1504.6,15.8,245.3,0.663,18.6,58.4,29.2,0.742,743.0,0.717,0
72.63,254.72,1079.75,0.538,0.488,6.62,690.8,787.3,42.9,136.8,0.395,25.4,78.4,37.4,0.482,9.6,0.308,1
142.78,343.59,1126.21,0.433,0.397,3.92,355.5,1031.1,25.0,202.1,0.344,33.5,84.5,12.8,0.409,84.7,0.768,1
63.8,193.97,578.18,0.48,0.447,5.98,265.4,278.7,5.7,290.2,0.654,35.8,89.4,32.5,0.814,15.2,0.249,1
28.68,98.58,496.47,0.329,0.287,1.22,98.8,2450.1,30.0,36.9,0.289,35.0,44.4,9.7,0.289,387.3,0.887,0
72.66,264.15,595.93,0.37,0.307,7.8,894.8,296.3,4.8,294.3,0.695,25.4,83.4,31.3,0.757,81.8,0.548,1
18.29,80.21,234.86,0.205,0.158,2.9,140.6,187.7,14.0,103.3,0.451,18.6,69.0,33.0,0.383,1778.5,0.264,0
9.96,54.78,268.19,0.144,0.129,1.49,120.3,1465.4,19.0,136.1,0.336,36.7,67.3,29.1,0.34,1449.1,0.542,0
22.24,74.14,243.42,0.278,0.217,0.79,82.3,1557.7,25.1,102.0,0.361,31.7,54.4,42.1,0.411,105.3,0.888,0
15.84,27.16,165.94,0.162,0.149,2.93,272.3,1315.9,34.0,353.6,0.454,27.6,70.3,23.2,0.533,1788.1,0.803,0
86.66,187.7,594.52,0.37,0.308,6.31,451.4,889.6,32.8,256.7,0.309,33.6,77.5,24.4,0.331,752.3,0.533,1
164.58,402.2,1661.37,0.529,0.489,3.53,393.0,2311.5,40.6,359.3,0.604,19.8,85.9,10.6,0.624,61.6,0.199,1
117.7,395.94,1499.86,0.478,0.408,8.06,662.3,865.2,21.7,34.6,0.738,19.7,91.0,21.4,0.909,87.2,0.898,1
90.72,208.98,715.47,0.514,0.432,5.22,571.5,783.6,19.8,348.6,0.634,32.1,86.2,35.7,0.664,9.5,0.839,1
154.64,472.15,1621.92,0.372,0.306,7.48,665.6,2363.5,39.1,81.5,0.179,19.4,90.6,5.6,0.1,119.8,0.061,1
21.56,90.22,302.79,0.195,0.148,1.28,83.2,2213.3,39.2,6.7,0.314,19.0,51.9,15.3,0.258,21.8,0.116,0
5.13,23.43,126.56,0.164,0.124,1.1,122.8,1197.2,36.9,77.8,0.434,32.4,64.4,18.8,0.545,476.4,0.47,0
191.01,400.31,1542.95,0.452,0.385,7.3,805.4,659.1,19.2,66.3,0.674,32.8,96.8,44.9,0.776,477.6,0.562,1
20.89,90.78,421.33,0.198,0.184,0.98,63.5,332.4,13.5,269.0,0.401,26.3,61.1,44.6,0.469,448.7,0.555,0
305.16,724.91,2817.36,0.499,0.433,6.53,374.2,1999.7,27.0,241.8,0.309,25.8,79.5,25.5,0.311,358.5,0.604,1
61.88,155.17,697.47,0.118,0.108,0.56,66.0,1818.1,25.7,128.1,0.604,26.8,71.4,32.1,0.559,489.0,0.666,0
32.36,122.0,558.45,0.174,0.165,1.55,120.6,273.0,7.2,66.7,0.581,25.4,48.0,20.9,0.571,5154.0,0.894,0
12.45,38.94,217.12,0.241,0.189,2.96,354.9,1853.6,20.4,129.4,0.192,26.9,48.3,5.7,0.106,144.5,0.408,0
15.31,77.8,385.27,0.319,0.281,2.08,125.7,2245.1,17.9,347.6,0.207,21.7,56.1,19.5,0.225,1297.6,0.076,0
27.64,56.77,187.31,0.171,0.143,1.28,61.4,149.0,6.8,108.6,0.43,29.7,63.7,8.7,0.536,1330.0,0.559,0
67.88,259.52,1030.48,0.533,0.422,4.12,167.4,1032.4,26.4,247.4,0.658,28.3,85.0,9.9,0.671,18.3,0.564,1
18.37,58.81,249.51,0.299,0.239,1.38,89.9,1026.8,19.5,120.7,0.282,31.3,74.6,12.7,0.315,2417.0,0.26,0
166.1,586.22,1441.85,0.375,0.299,6.03,523.2,2027.7,35.3,290.1,0.512,21.7,84.6,42.3,0.606,54.7,0.519,1
33.09,89.91,432.46,0.313,0.28,1.09,65.1,306.2,3.9,207.3,0.378,19.8,58.8,32.8,0.341,314.3,0.857,0
2.34,25.11,71.4,0.214,0.176,1.3,111.9,387.0,13.8,239.8,0.115,34.1,47.3,34.8,0.155,1107.2,0.615,0
16.09,77.47,290.09,0.242,0.194,2.22,98.9,963.7,39.0,13.6,0.406,36.1,69.9,12.9,0.458,1445.0,0.713,0
93.41,251.04,573.41,0.364,0.337,5.56,654.0,2130.9,33.8,264.9,0.513,21.4,88.3,36.2,0.54,17.3,0.64,1
18.56,81.81,306.82,0.13,0.098,1.94,131.6,2466.8,15.3,96.8,0.663,26.3,73.5,24.6,0.804,934.2,0.346,0
84.52,186.14,622.15,0.541,0.485,3.79,446.7,1369.9,23.5,231.8,0.287,32.5,78.5,39.5,0.352,397.9,0.211,1
14.9,66.58,292.38,0.16,0.151,1.93,160.0,403.0,9.1,150.9,0.484,28.5,66.0,19.4,0.57,2489.6,0.396,0
225.74,469.4,1882.12,0.355,0.311,5.36,414.4,2258.0,25.7,115.4,0.702,29.3,90.6,12.7,0.763,117.2,0.67,1
19.86,75.63,338.26,0.333,0.287,0.64,30.4,414.0,1.1,126.2,0.491,24.8,60.4,43.9,0.599,354.8,0.436,0
58.68,163.39,665.15,0.549,0.418,5.03,235.4,925.8,39.3,42.0,0.69,20.4,84.0,36.4,0.663,508.4,0.46,1
156.95,328.28,773.04,0.417,0.354,7.31,592.7,1854.4,19.9,48.0,0.485,37.2,96.8,44.3,0.518,128.6,0.699,1
125.62,259.73,847.4,0.378,0.311,5.79,379.3,158.6,2.5,42.4,0.497,32.9,78.1,40.5,0.527,114.9,0.636,1
7.93,38.66,189.27,0.198,0.179,2.36,129.7,1217.0,41.3,242.7,0.567,24.4,42.3,32.8,0.597,355.8,0.805,0
15.13,85.92,346.77,0.109,0.099,1.9,96.6,1024.1,40.9,101.0,0.588,32.3,72.8,20.4,0.611,2689.0,0.793,0
12.81,63.84,296.33,0.33,0.259,1.64,138.5,2364.0,39.1,345.6,0.43,25.8,48.9,29.7,0.516,148.0,0.187,0
216.47,575.37,1522.32,0.481,0.411,4.4,282.1,1370.0,22.3,295.4,0.521,21.9,93.8,28.7,0.545,60.6,0.447,1
133.28,308.79,919.76,0.387,0.357,7.0,731.6,2220.2,44.2,124.3,0.553,31.6,87.7,9.6,0.605,714.3,0.322,1
52.86,186.42,834.04,0.507,0.443,7.27,343.2,230.9,12.3,185.7,0.202,26.2,83.9,26.6,0.355,251.1,0.925,1
22.45,68.38,321.07,0.131,0.111,1.27,51.4,1398.9,35.9,282.6,0.297,20.3,51.1,33.7,0.329,4461.6,0.398,0
14.71,61.24,231.34,0.248,0.231,0.58,67.4,1732.9,42.6,52.6,0.681,24.7,54.0,7.4,0.727,4737.3,0.571,0
30.21,85.82,302.89,0.17,0.161,0.87,36.1,386.2,12.8,65.7,0.256,25.8,72.4,36.3,0.248,219.7,0.54,0
160.43,564.86,1907.39,0.432,0.344,8.04,874.9,2122.2,28.5,136.3,0.514,25.7,92.3,11.0,0.556,824.5,0.693,1
78.28,178.44,610.04,0.381,0.3,6.77,747.6,2199.1,28.1,188.1,0.135,29.4,85.8,28.6,0.137,148.8,0.182,1
113.57,243.22,811.95,0.505,0.466,6.06,701.5,1697.9,18.5,45.7,0.635,26.7,86.4,5.5,0.795,30.5,0.914,1
26.2,116.04,464.48,0.232,0.185,2.77,220.6,1305.6,23.7,168.0,0.485,32.8,43.3,26.7,0.541,1413.1,0.12,0
147.1,443.96,2035.95,0.37,0.34,6.88,618.1,1738.3,36.1,70.6,0.428,30.5,84.0,7.0,0.45,185.1,0.627,1
151.4,386.36,1622.65,0.354,0.287,7.2,499.1,720.1,16.2,316.5,0.582,28.5,77.5,5.7,0.755,56.5,0.946,1
37.45,136.68,650.69,0.25,0.188,2.4,282.9,285.7,12.2,336.7,0.596,33.2,40.7,28.1,0.624,875.3,0.902,0
156.18,416.61,1621.12,0.353,0.295,5.86,577.1,1384.6,36.7,264.8,0.26,36.6,95.9,13.6,0.211,13.3,0.268,1
129.43,251.23,583.75,0.476,0.361,5.63,549.6,1211.5,37.1,49.3,0.734,22.5,83.9,27.8,0.783,265.5,0.442,1
159.31,463.25,1451.66,0.441,0.349,8.0,546.1,1071.9,42.5,247.6,0.693,33.8,97.7,31.7,0.675,85.4,0.511,1
125.65,309.74,1060.72,0.505,0.428,7.49,480.0,480.6,8.7,194.2,0.238,26.6,84.1,25.0,0.279,407.7,0.225,1
44.75,119.84,495.54,0.212,0.161,2.14,181.2,483.8,1.7,305.8,0.313,29.3,47.2,9.1,0.342,379.8,0.748,0
18.98,90.71,464.65,0.187,0.141,2.75,128.1,2463.3,38.1,137.3,0.344,34.4,68.6,35.1,0.397,853.0,0.504,0
143.55,391.23,1254.45,0.473,0.369,8.02,589.6,2318.3,30.2,353.0,0.609,29.1,97.3,20.4,0.645,46.1,0.301,1
14.55,40.76,142.18,0.222,0.187,1.75,144.7,640.1,39.4,288.4,0.317,21.6,65.5,34.0,0.359,402.2,0.874,0
122.78,408.32,1172.31,0.454,0.429,6.27,626.8,159.2,10.5,72.8,0.535,37.6,92.2,30.1,0.668,601.0,0.25,1
99.87,304.42,1108.12,0.496,0.381,4.38,375.5,818.4,15.2,241.1,0.528,34.8,97.1,17.9,0.619,279.9,0.268,1
93.72,242.69,703.64,0.438,0.383,8.25,587.6,2114.5,23.4,186.7,0.468,20.1,78.1,43.0,0.563,961.4,0.896,1
145.97,468.74,2039.76,0.547,0.464,6.63,280.1,566.3,20.5,264.8,0.503,21.4,93.9,29.5,0.585,91.1,0.302,1
27.14,96.79,350.13,0.192,0.146,1.89,183.1,2460.4,36.5,135.2,0.248,25.0,64.3,12.8,0.349,201.1,0.74,0
47.75,162.94,763.59,0.332,0.251,1.37,138.9,517.2,30.1,4.9,0.199,27.5,47.1,14.4,0.228,1583.9,0.434,0
10.07,36.38,97.54,0.255,0.202,1.57,170.2,1399.5,26.2,139.5,0.318,21.2,63.6,15.2,0.353,1160.3,0.688,0
20.48,74.15,225.85,0.295,0.262,2.13,118.9,2480.8,17.3,237.0,0.417,27.0,52.9,38.1,0.459,778.7,0.95,0
12.35,65.66,298.18,0.122,0.115,1.55,124.5,333.9,14.0,48.3,0.447,26.9,40.6,32.4,0.455,1669.6,0.723,0
9.92,26.26,178.95,0.105,0.091,1.74,133.6,502.0,42.9,337.9,0.213,23.1,70.9,9.0,0.225,3420.9,0.492,0
192.17,371.16,1129.85,0.451,0.343,5.68,573.2,1480.3,21.2,121.2,0.555,21.0,92.4,24.1,0.681,130.8,0.664,1
90.6,262.63,1130.01,0.42,0.337,5.6,449.2,1975.5,32.4,212.4,0.163,21.2,81.6,32.3,0.147,573.6,0.483,1
3.08,14.72,87.82,0.323,0.303,2.39,247.9,1758.7,39.6,39.9,0.741,34.6,66.1,25.6,0.813,390.3,0.75,0
18.08,71.98,362.19,0.305,0.23,1.45,67.4,1477.0,23.7,9.0,0.614,33.9,43.3,12.2,0.723,668.9,0.083,0
114.37,388.55,1107.89,0.382,0.332,5.33,235.9,1081.9,39.1,188.5,0.686,18.4,94.4,10.7,0.752,9.9,0.413,1
8.52,41.52,180.35,0.108,0.085,2.86,175.6,1967.9,24.7,170.1,0.401,22.3,45.1,44.2,0.434,3879.5,0.133,0
33.88,130.66,406.35,0.215,0.164,0.72,56.2,360.1,2.1,359.2,0.72,18.6,71.9,14.2,0.814,3268.7,0.312,0
5.18,34.62,105.74,0.12,0.096,2.21,221.3,620.1,23.5,296.8,0.74,20.7,57.5,6.6,0.855,305.7,0.81,0
98.64,329.54,1046.43,0.448,0.42,7.07,489.4,1975.4,32.3,253.1,0.409,19.6,91.2,22.1,0.377,211.9,0.171,1
29.86,109.89,337.86,0.253,0.228,2.12,210.3,710.2,21.3,230.6,0.644,33.2,60.8,39.0,0.756,433.7,0.46,0
100.65,193.58,793.86,0.501,0.393,8.31,885.4,354.2,14.0,340.2,0.536,25.1,94.3,31.7,0.599,136.7,0.95,1
18.28,83.11,380.97,0.24,0.183,1.21,97.2,2109.0,29.4,321.5,0.232,32.0,73.6,14.0,0.18,111.9,0.78,0
192.56,662.77,1944.34,0.472,0.401,4.67,544.9,1924.2,42.5,35.7,0.362,28.8,92.7,21.4,0.425,455.8,0.448,1
25.81,106.64,543.2,0.136,0.104,1.15,59.9,1600.8,33.9,113.3,0.566,22.9,69.7,28.7,0.675,464.0,0.305,0
29.29,114.09,576.57,0.12,0.1,2.74,174.4,1643.2,39.8,77.2,0.202,27.9,44.0,29.7,0.22,1059.6,0.577,0
159.22,422.14,1861.69,0.458,0.417,3.9,467.1,1662.8,40.5,241.1,0.309,22.6,94.1,31.7,0.363,338.6,0.761,1
95.65,234.46,850.59,0.456,0.388,3.7,197.5,1829.2,30.8,307.4,0.314,24.9,92.5,32.8,0.362,60.1,0.469,1
159.04,357.81,1155.08,0.452,0.42,6.91,779.8,794.6,36.5,341.4,0.37,35.6,76.1,7.8,0.468,0.5,0.298,1
222.69,484.15,1408.22,0.506,0.459,8.05,914.7,2164.8,31.7,358.5,0.1,34.3,94.8,9.8,0.147,178.6,0.734,1
156.22,364.85,817.31,0.478,0.412,4.65,424.2,656.5,15.7,310.6,0.296,26.8,84.8,12.6,0.312,262.9,0.813,1
112.62,334.7,1226.43,0.393,0.357,3.77,165.7,1040.2,36.5,122.6,0.236,21.4,96.3,15.4,0.19,113.7,0.272,1
121.06,383.04,1340.58,0.437,0.336,7.98,644.1,1281.0,44.8,72.6,0.711,21.2,78.9,19.3,0.738,412.8,0.258,1
10.22,33.77,166.36,0.221,0.175,1.53,69.9,2017.5,41.1,98.2,0.642,31.0,58.0,34.6,0.746,139.4,0.358,0
4.65,20.99,126.41,0.125,0.111,1.09,72.3,1088.6,16.6,251.4,0.442,27.9,48.1,32.1,0.525,348.9,0.112,0
6.49,31.92,137.32,0.331,0.248,1.44,59.7,1274.7,43.0,233.1,0.159,28.7,43.7,43.7,0.119,1166.6,0.908,0
75.64,261.24,1029.38,0.375,0.282,4.75,207.4,2132.2,21.0,302.3,0.715,19.5,89.4,26.7,0.749,80.8,0.731,1
12.2,60.74,252.91,0.337,0.278,1.75,167.3,2499.3,16.6,96.3,0.354,25.6,58.7,18.0,0.372,238.3,0.106,0
21.76,87.76,331.29,0.223,0.206,2.92,345.8,1985.1,15.4,203.3,0.6,25.4,42.1,31.3,0.73,2325.7,0.904,0
146.66,279.02,842.13,0.431,0.407,7.21,739.4,761.2,27.7,326.4,0.247,23.4,89.4,26.2,0.244,129.9,0.495,1
254.31,686.03,1446.47,0.487,0.428,5.49,393.3,283.6,6.6,25.1,0.509,33.1,77.5,19.0,0.502,146.2,0.294,1
55.29,192.79,842.25,0.547,0.514,7.34,491.7,1740.4,20.4,129.8,0.385,20.7,76.9,10.4,0.498,20.0,0.886,1
6.82,11.82,68.93,0.103,0.094,1.05,125.4,1720.3,17.6,28.9,0.43,33.8,46.5,10.4,0.468,194.7,0.817,0
131.33,471.64,1674.33,0.513,0.405,4.58,267.9,1227.4,25.7,270.3,0.231,19.7,82.4,18.0,0.245,513.7,0.359,1
5.41,13.73,103.25,0.188,0.157,1.61,69.2,1814.3,21.9,19.7,0.667,21.1,43.4,21.4,0.708,2184.5,0.699,0
7.5,29.96,131.13,0.174,0.152,2.9,176.6,167.0,11.5,340.5,0.547,28.5,60.0,41.7,0.566,294.6,0.26,0
8.68,48.83,188.75,0.337,0.263,2.44,164.5,2486.0,26.3,300.5,0.366,29.6,72.5,21.8,0.421,785.7,0.926,0
7.92,46.16,206.89,0.199,0.161,1.25,98.9,1215.6,28.5,20.5,0.338,37.4,65.8,22.2,0.361,1983.5,0.202,0
13.87,52.84,128.7,0.343,0.309,2.5,239.3,1422.1,38.0,294.6,0.137,30.1,66.3,27.2,0.105,40.4,0.325,0
59.27,135.27,419.24,0.463,0.379,5.6,518.2,1336.0,25.5,39.5,0.357,29.3,91.6,22.9,0.351,671.8,0.819,1
11.36,41.79,203.72,0.309,0.289,2.18,197.0,1366.1,20.0,252.4,0.248,21.8,74.5,21.0,0.317,348.1,0.857,0
167.68,472.42,1044.71,0.388,0.322,7.69,853.8,1958.3,23.8,250.4,0.647,19.7,80.4,38.0,0.762,991.6,0.696,1
151.37,536.8,1803.46,0.492,0.391,7.4,639.7,188.0,11.9,347.0,0.293,33.8,92.5,29.7,0.304,319.6,0.133,1
0.16,31.63,133.4,0.113,0.089,0.7,37.8,2302.3,18.5,164.6,0.478,33.5,71.6,29.7,0.528,1551.5,0.453,0
18.21,46.16,245.38,0.264,0.234,1.05,72.1,864.8,34.7,270.5,0.521,26.5,69.3,19.9,0.596,1565.1,0.361,0
1.77,7.41,71.7,0.343,0.282,2.16,202.4,1566.4,36.8,203.8,0.498,19.6,43.2,21.2,0.545,414.4,0.326,0
196.55,487.34,1061.39,0.359,0.286,8.15,668.1,154.0,13.6,353.0,0.503,27.6,91.7,28.0,0.539,95.1,0.295,1
25.03,84.76,397.74,0.293,0.26,1.83,158.2,1226.8,25.9,180.9,0.612,26.0,45.5,6.2,0.674,362.2,0.624,0
9.05,44.17,149.55,0.191,0.159,1.59,101.6,2039.1,34.6,338.7,0.388,32.7,70.2,27.3,0.476,265.7,0.168,0
30.25,116.45,397.9,0.348,0.32,2.07,130.6,790.2,39.9,146.5,0.201,29.5,60.6,5.1,0.196,1823.0,0.756,0
123.67,427.63,1156.09,0.397,0.342,3.6,273.7,905.2,24.5,67.8,0.422,20.8,88.8,43.9,0.452,88.9,0.332,1
175.38,396.83,1435.15,0.523,0.494,3.89,166.3,1614.2,23.1,135.8,0.109,21.6,96.5,35.8,0.19,269.2,0.376,1
24.58,105.04,311.63,0.291,0.24,2.22,166.0,182.5,4.6,161.0,0.573,21.0,56.6,22.6,0.656,1149.8,0.794,0
57.61,233.11,543.13,0.407,0.328,5.39,426.9,965.1,41.7,236.3,0.162,24.7,93.5,21.6,0.236,426.4,0.464,1
111.76,287.04,1067.2,0.397,0.349,4.09,183.5,1955.9,23.1,222.1,0.284,23.6,86.9,36.6,0.32,73.8,0.566,1
134.2,282.85,1258.31,0.465,0.414,5.87,250.3,1676.1,20.1,67.1,0.329,23.2,90.7,35.7,0.409,108.2,0.502,1
148.54,500.55,1629.86,0.521,0.393,6.04,246.0,1367.5,27.7,45.5,0.655,27.0,77.7,18.9,0.845,127.5,0.427,1
108.42,346.45,1112.1,0.431,0.381,7.44,512.7,1468.0,30.2,186.8,0.6,34.6,85.5,29.2,0.684,291.1,0.637,1
89.33,211.74,1008.32,0.401,0.315,6.82,544.5,644.7,20.0,21.3,0.662,24.3,95.1,41.2,0.67,270.2,0.105,1
179.79,495.63,1322.04,0.434,0.409,5.83,313.8,2368.6,15.7,222.0,0.746,23.9,78.7,43.0,0.779,709.3,0.727,1
1.9,8.45,75.92,0.24,0.207,0.68,75.7,2491.1,39.6,220.9,0.469,27.3,41.7,41.8,0.523,455.0,0.658,0
2.71,11.43,152.91,0.327,0.253,2.03,176.3,416.4,7.7,71.9,0.194,24.3,43.4,8.4,0.211,221.5,0.29,0
11.5,37.98,198.71,0.144,0.11,2.51,220.1,199.1,5.9,340.1,0.423,30.2,73.0,30.9,0.505,746.9,0.29,0
130.73,420.64,967.36,0.416,0.385,4.83,218.8,442.1,1.9,206.7,0.653,19.4,97.2,14.5,0.64,278.3,0.263,1
84.39,304.33,1156.13,0.485,0.446,4.57,212.0,795.7,28.3,360.0,0.293,22.6,79.1,28.1,0.269,113.4,0.696,1
11.86,39.07,239.26,0.181,0.151,1.65,132.6,1780.5,20.3,15.5,0.475,33.0,71.9,6.4,0.521,1199.7,0.571,0
102.87,304.38,853.37,0.47,0.361,3.86,389.7,1346.4,26.6,272.6,0.201,35.3,91.2,39.7,0.218,291.6,0.547,1
16.01,65.4,226.03,0.232,0.192,2.69,287.6,148.9,14.1,92.3,0.2,26.4,57.9,36.3,0.163,539.1,0.871,0
28.31,62.05,234.35,0.15,0.135,2.48,206.9,1262.1,18.7,186.7,0.492,22.8,64.3,15.9,0.635,462.4,0.95,0
166.52,536.38,1959.3,0.545,0.481,5.71,497.4,1494.0,18.0,37.8,0.714,25.1,90.5,28.6,0.809,493.6,0.571,1
15.8,54.45,249.26,0.16,0.147,2.31,206.1,342.5,7.6,54.0,0.269,34.5,48.1,43.8,0.281,509.3,0.631,0
4.53,41.69,173.04,0.247,0.222,2.13,138.2,224.3,9.2,114.6,0.544,30.4,49.7,43.2,0.641,4022.8,0.59,0
111.91,356.18,1347.55,0.516,0.421,5.85,690.8,1054.5,40.8,280.4,0.609,24.4,93.3,33.4,0.637,281.8,0.142,1
187.62,563.58,2100.15,0.352,0.288,5.29,624.2,1940.2,31.8,296.7,0.268,33.5,87.1,14.6,0.406,758.4,0.436,1
2.99,39.15,119.53,0.313,0.275,2.12,190.7,421.5,13.1,64.7,0.257,26.3,43.8,29.3,0.248,222.1,0.443,0
52.74,207.09,745.13,0.393,0.319,4.85,341.2,330.6,11.5,47.1,0.623,20.9,95.7,24.2,0.669,4.5,0.105,1
124.74,327.48,1208.38,0.372,0.344,6.02,650.1,2100.9,27.4,341.0,0.146,21.2,91.4,31.3,0.251,150.6,0.766,1
9.66,52.4,237.96,0.152,0.124,2.87,155.3,648.1,19.5,259.7,0.312,37.7,53.4,40.6,0.309,1582.9,0.175,0
6.3,20.65,170.7,0.11,0.093,2.45,216.4,306.3,14.4,50.1,0.44,22.0,60.0,33.9,0.478,796.5,0.588,0
108.19,237.19,722.22,0.403,0.305,5.13,528.7,2266.8,27.5,29.2,0.275,36.0,87.2,5.5,0.293,397.5,0.177,1
13.9,63.68,173.51,0.259,0.201,2.32,93.6,965.0,41.7,138.9,0.166,33.8,44.5,21.6,0.111,476.3,0.535,0
105.41,349.22,1348.58,0.475,0.369,6.97,519.5,1049.7,42.5,40.5,0.683,25.1,95.0,8.6,0.772,147.8,0.073,1
131.76,417.95,1518.37,0.503,0.412,4.97,302.7,2421.2,42.4,255.8,0.394,25.1,89.9,7.4,0.476,117.1,0.58,1
266.71,544.96,2488.18,0.471,0.364,6.84,709.9,1765.6,34.5,65.4,0.206,30.8,80.7,12.6,0.259,323.7,0.555,1
22.7,83.0,243.35,0.277,0.233,1.29,147.0,2279.2,29.3,177.5,0.731,26.1,72.2,40.4,0.807,803.5,0.071,0
109.29,342.99,1042.76,0.43,0.346,7.37,397.1,767.1,17.5,131.9,0.688,20.4,82.4,37.6,0.647,463.6,0.101,1
7.15,40.08,175.98,0.179,0.144,1.11,60.3,1519.9,37.7,223.9,0.279,37.1,56.3,26.9,0.331,56.1,0.767,0
10.23,64.08,294.77,0.179,0.15,1.0,116.7,1168.4,17.7,333.5,0.124,25.8,55.3,38.5,0.102,653.1,0.51,0
8.54,54.62,205.24,0.322,0.297,2.17,175.4,2497.6,20.5,151.0,0.311,23.3,40.1,41.0,0.29,2394.2,0.24,0
13.47,68.07,347.2,0.322,0.291,1.61,76.9,1218.2,40.3,172.2,0.167,19.7,65.5,8.5,0.194,2941.2,0.545,0
226.33,629.12,1553.67,0.399,0.37,4.36,200.7,1721.5,40.6,311.5,0.385,28.8,92.4,41.2,0.399,247.7,0.204,1
21.59,78.34,309.07,0.299,0.283,1.61,188.1,511.8,28.0,227.7,0.467,26.5,47.6,5.9,0.477,291.9,0.547,0
5.41,34.31,137.83,0.157,0.118,2.4,178.7,359.7,11.0,19.2,0.139,36.8,70.0,38.7,0.216,1558.1,0.145,0
79.47,215.81,1005.69,0.386,0.343,4.2,484.7,256.3,3.6,10.3,0.736,18.5,96.4,28.0,0.8,394.1,0.182,1
16.89,60.01,185.68,0.132,0.102,2.79,240.3,1435.2,41.9,335.6,0.423,37.1,50.9,6.0,0.445,2933.4,0.431,0
201.52,647.97,2047.85,0.507,0.475,6.67,651.8,2185.5,34.6,72.7,0.525,35.7,80.8,19.5,0.615,656.1,0.782,1
13.98,50.58,167.78,0.239,0.19,1.78,110.9,2185.8,40.7,328.2,0.272,26.6,47.6,9.1,0.293,1386.6,0.452,0
157.51,306.61,1364.18,0.453,0.372,7.77,352.7,182.9,7.9,156.8,0.49,26.6,89.9,25.8,0.567,323.6,0.429,1
182.45,538.43,1972.78,0.498,0.471,7.78,800.9,1988.0,16.2,164.8,0.411,25.9,89.9,21.3,0.353,64.1,0.361,1
25.81,87.71,422.14,0.148,0.137,0.55,29.6,2201.2,44.8,357.2,0.656,24.2,60.3,12.4,0.618,5.0,0.459,0
20.82,76.42,205.05,0.149,0.113,2.35,228.3,2020.1,37.9,185.3,0.241,32.2,48.6,37.2,0.216,766.9,0.809,0
10.37,51.13,173.53,0.212,0.161,0.75,34.4,70.6,1.8,350.4,0.102,32.2,52.0,27.6,0.103,1495.0,0.584,0
162.26,472.99,1434.87,0.521,0.476,7.31,629.2,1767.1,34.2,229.7,0.217,23.1,80.0,35.7,0.296,389.4,0.603,1
15.25,73.17,341.19,0.323,0.247,0.87,87.0,934.4,43.4,277.5,0.247,26.2,56.3,19.6,0.196,90.4,0.088,0
30.51,75.46,254.77,0.307,0.282,0.92,38.4,1822.3,41.9,23.6,0.386,21.3,63.8,24.7,0.357,184.0,0.446,0
9.07,36.34,229.02,0.313,0.292,1.66,118.1,1152.6,43.2,5.2,0.345,34.7,47.7,14.8,0.432,1290.7,0.661,0
20.59,74.2,230.37,0.224,0.169,0.66,57.8,1678.2,18.3,259.4,0.279,23.3,64.5,5.2,0.259,15.5,0.256,0
13.44,57.94,248.18,0.194,0.154,0.87,90.9,691.9,40.6,182.4,0.289,31.2,74.2,43.0,0.264,1403.9,0.204,0
28.49,87.32,301.41,0.375,0.283,4.15,251.6,373.6,14.3,287.6,0.233,35.9,93.5,40.3,0.304,296.5,0.071,1
27.56,105.91,404.83,0.12,0.092,2.24,235.9,2305.0,20.4,64.4,0.15,24.5,57.1,8.1,0.02,523.2,0.211,0
14.09,70.42,309.0,0.349,0.299,1.4,128.4,1799.8,36.2,293.8,0.604,32.1,44.2,12.8,0.684,587.6,0.165,0
146.21,326.07,700.21,0.399,0.358,8.02,543.5,2359.6,35.8,239.3,0.123,30.7,89.3,33.7,0.19,281.1,0.876,1
156.77,484.52,2138.4,0.535,0.453,5.78,369.8,2019.7,35.7,91.5,0.507,27.3,82.3,15.8,0.554,310.8,0.25,1
13.07,50.76,211.53,0.173,0.143,1.9,182.8,580.5,32.2,327.8,0.66,34.0,66.0,32.1,0.714,647.1,0.708,0
4.01,26.64,152.38,0.143,0.113,0.72,70.8,1754.7,22.1,349.1,0.344,32.5,51.5,16.1,0.418,512.6,0.741,0
3.07,33.37,182.39,0.27,0.215,0.92,83.6,1404.9,18.2,165.5,0.493,32.3,45.4,14.4,0.557,986.1,0.489,0
144.05,468.15,1025.2,0.387,0.335,4.37,329.7,699.1,22.4,162.5,0.507,30.7,80.5,10.2,0.447,262.7,0.634,1
0.7,19.91,118.76,0.176,0.162,2.98,124.5,2166.5,42.4,205.7,0.178,22.4,45.2,11.3,0.096,719.5,0.257,0
163.27,414.93,1293.5,0.49,0.407,6.21,533.3,1951.1,21.8,257.6,0.244,36.4,81.4,39.3,0.293,134.6,0.671,1
128.26,347.96,1060.73,0.429,0.403,5.38,478.8,329.8,6.0,252.4,0.236,25.1,86.5,41.4,0.204,16.0,0.722,1
114.25,369.42,1529.62,0.497,0.378,7.82,463.1,1429.2,28.2,191.5,0.172,34.5,91.3,32.3,0.202,182.3,0.322,1
26.47,100.51,287.76,0.211,0.193,1.22,68.4,1923.2,42.7,330.7,0.531,31.0,46.9,34.5,0.609,2739.7,0.753,0
13.32,49.81,189.01,0.103,0.084,0.72,78.9,411.3,8.2,58.7,0.4,24.3,51.6,42.1,0.449,335.8,0.935,0
6.32,38.27,202.07,0.223,0.206,0.64,34.5,2479.6,29.4,71.7,0.343,36.1,46.0,27.9,0.325,2399.1,0.864,0
28.37,87.0,385.66,0.168,0.157,2.33,132.4,1515.7,39.3,259.8,0.662,19.9,70.9,9.1,0.724,181.8,0.295,0
89.13,195.45,445.4,0.352,0.313,4.1,368.5,2155.8,16.9,267.0,0.716,29.9,94.5,44.7,0.738,415.2,0.724,1
124.89,392.13,1354.45,0.541,0.444,3.67,240.3,1370.2,37.4,141.7,0.419,31.1,89.7,31.7,0.453,1374.5,0.208,1
147.11,465.89,1331.5,0.504,0.424,8.21,618.1,779.1,17.8,107.6,0.648,32.4,77.0,41.9,0.699,90.9,0.486,1
92.02,272.39,1116.14,0.489,0.421,6.96,573.6,2090.4,28.6,16.6,0.694,29.7,76.4,12.6,0.731,43.0,0.874,1
1.51,20.11,109.37,0.254,0.214,1.3,148.8,1124.0,19.7,139.3,0.302,21.7,53.6,43.5,0.365,1589.6,0.071,0
11.48,42.79,211.63,0.252,0.229,2.23,135.6,1460.8,26.7,89.2,0.114,30.2,51.3,42.1,0.209,1477.7,0.676,0
32.24,85.33,317.65,0.131,0.119,2.65,115.6,1443.5,16.1,300.3,0.572,32.4,53.7,7.8,0.639,2282.7,0.912,0
156.71,350.79,1491.19,0.464,0.349,4.05,199.4,156.8,12.4,176.2,0.294,35.0,94.6,7.3,0.277,990.7,0.384,1
133.32,345.08,1332.05,0.475,0.37,8.46,373.4,854.9,19.0,203.4,0.115,32.9,76.7,11.5,0.084,673.4,0.661,1
106.41,329.14,1382.15,0.534,0.439,4.4,441.4,840.4,20.6,267.5,0.36,19.4,83.8,12.5,0.353,67.1,0.153,1
19.3,76.31,373.17,0.153,0.135,2.92,345.7,118.8,13.3,107.3,0.413,29.6,62.2,16.9,0.459,2530.4,0.387,0
14.86,62.58,271.01,0.304,0.242,2.38,110.2,270.8,12.7,319.8,0.356,31.7,52.2,36.5,0.35,2295.7,0.723,0
143.01,411.67,1253.45,0.529,0.431,6.15,386.1,1431.8,42.6,142.0,0.279,37.4,80.5,9.8,0.329,707.5,0.053,1
16.36,62.35,301.26,0.276,0.233,2.08,224.8,812.0,27.4,38.7,0.658,20.6,42.6,7.8,0.717,230.6,0.284,0
83.53,200.81,638.17,0.531,0.461,4.1,458.3,1259.6,30.9,308.7,0.431,23.7,88.9,27.1,0.447,113.6,0.423,1
98.23,230.39,581.35,0.356,0.331,8.3,475.9,1213.9,41.1,332.2,0.614,34.1,91.3,27.0,0.728,382.2,0.638,1
99.8,238.3,1016.08,0.506,0.461,3.85,437.4,1639.1,32.3,78.5,0.319,29.9,79.2,29.9,0.321,83.6,0.254,1
10.66,57.03,226.04,0.127,0.104,1.69,145.5,2125.5,17.4,234.9,0.297,24.2,55.8,35.4,0.285,202.5,0.423,0
2.51,12.58,61.56,0.188,0.17,0.97,115.7,575.0,39.1,247.8,0.621,31.7,46.5,8.6,0.616,1155.1,0.447,0
11.07,68.56,319.67,0.306,0.281,2.31,96.7,910.3,42.5,88.1,0.69,23.7,45.4,28.4,0.904,5871.6,0.261,0
9.27,35.24,177.7,0.241,0.206,1.76,180.6,1397.4,39.2,154.2,0.574,21.7,64.7,24.3,0.658,1452.2,0.718,0
11.99,34.88,202.99,0.291,0.235,2.26,100.6,1856.3,20.7,143.1,0.32,20.1,63.8,19.6,0.414,510.7,0.472,0
242.02,719.67,2469.21,0.53,0.497,8.42,831.7,964.8,29.4,226.0,0.711,29.8,83.2,8.8,0.774,407.6,0.804,1
107.96,330.12,797.96,0.515,0.485,4.66,537.8,670.2,24.0,176.0,0.585,23.4,94.8,26.2,0.624,374.2,0.243,1
31.07,61.96,290.63,0.192,0.152,2.74,181.3,1691.6,32.9,243.4,0.498,31.1,56.4,6.4,0.531,2600.2,0.503,0
57.73,207.8,786.69,0.314,0.285,1.14,76.2,1663.0,40.1,33.0,0.437,32.6,44.4,43.9,0.455,40.8,0.911,0
9.54,46.86,207.55,0.157,0.119,2.76,163.1,1894.6,27.0,104.0,0.512,34.4,59.1,40.3,0.556,770.2,0.133,0
13.1,56.69,276.98,0.106,0.08,0.69,51.4,1248.8,32.8,18.9,0.127,27.5,48.9,40.9,0.136,805.8,0.944,0
77.08,219.73,555.59,0.372,0.305,3.9,303.7,197.8,6.2,199.2,0.523,21.4,97.1,16.7,0.647,556.7,0.084,1
4.99,20.17,132.6,0.246,0.207,2.16,185.0,1475.6,25.5,151.3,0.287,21.6,63.0,11.9,0.339,1440.4,0.277,0
7.93,45.51,170.29,0.323,0.278,2.99,283.8,792.5,33.6,348.5,0.364,25.1,48.8,8.9,0.435,516.7,0.176,0
17.83,89.11,417.85,0.241,0.199,2.83,253.5,2494.7,44.7,109.5,0.477,31.4,70.3,23.0,0.596,7962.9,0.6,0
89.89,275.87,621.45,0.482,0.374,7.97,382.0,1457.8,23.3,99.5,0.295,36.1,93.8,6.7,0.246,113.1,0.846,1
126.27,410.9,1297.05,0.46,0.377,6.89,624.4,1110.9,20.2,127.4,0.229,36.8,84.4,35.4,0.231,153.9,0.108,1
19.67,51.82,259.35,0.268,0.245,1.93,107.2,1907.4,41.9,172.9,0.237,22.9,54.7,25.1,0.314,490.3,0.612,0
107.72,290.06,795.59,0.382,0.312,6.16,510.3,2445.5,31.9,220.5,0.731,21.0,95.6,33.3,0.762,240.3,0.818,1
62.36,230.52,564.3,0.382,0.332,5.13,446.3,1238.8,44.9,129.0,0.199,35.1,82.5,33.4,0.145,500.8,0.485,1
169.85,459.43,1144.09,0.528,0.467,7.05,528.3,835.1,22.6,241.1,0.585,31.8,81.0,25.5,0.583,185.6,0.459,1
9.63,38.42,159.34,0.106,0.095,2.6,190.6,1208.9,20.9,259.1,0.708,26.3,57.1,34.6,0.826,1740.2,0.922,0
86.84,198.46,661.68,0.511,0.433,4.45,329.2,1737.6,25.7,267.0,0.681,20.3,76.9,42.6,0.816,543.8,0.785,1
104.21,257.13,1011.33,0.385,0.298,4.71,277.0,1686.4,32.3,304.3,0.45,25.5,77.9,5.3,0.488,454.2,0.313,1
102.53,235.89,661.78,0.518,0.482,7.02,732.1,1865.1,17.3,55.1,0.341,18.2,86.1,14.6,0.394,135.3,0.896,1
49.53,147.75,621.28,0.388,0.311,6.88,542.2,1554.5,26.7,268.8,0.41,35.6,97.3,41.2,0.448,745.5,0.658,1
135.27,342.89,1601.91,0.461,0.377,5.06,407.0,2386.3,17.0,106.4,0.114,33.3,95.9,33.0,0.135,234.1,0.853,1
9.2,51.2,291.41,0.261,0.236,1.81,99.2,918.6,34.7,261.5,0.536,28.5,56.1,27.7,0.547,2062.3,0.613,0
105.55,229.8,850.55,0.36,0.325,5.84,455.4,13.1,3.1,10.7,0.495,28.8,90.6,26.8,0.432,194.7,0.509,1
129.56,454.99,2013.98,0.47,0.436,4.12,309.1,382.2,5.7,76.9,0.379,20.7,88.1,21.0,0.389,788.2,0.26,1
156.92,494.88,2257.7,0.4,0.303,6.61,483.0,119.5,2.5,173.3,0.734,36.2,88.4,28.9,0.858,256.7,0.309,1
13.54,58.92,282.35,0.183,0.169,1.0,75.5,388.7,6.2,213.3,0.213,22.9,69.2,30.1,0.298,831.9,0.216,0
85.1,261.2,757.07,0.427,0.388,5.8,346.1,545.0,15.8,340.9,0.478,20.2,79.9,19.6,0.489,402.5,0.645,1
76.36,179.83,792.67,0.487,0.417,3.86,399.7,686.8,34.6,88.8,0.463,34.2,75.5,20.3,0.482,32.1,0.174,1
18.25,71.84,367.13,0.168,0.132,1.06,59.1,71.1,9.6,189.3,0.17,31.3,69.5,14.2,0.21,517.3,0.841,0
134.81,469.67,1090.89,0.41,0.352,7.7,640.0,711.9,36.2,177.3,0.408,21.0,93.4,28.0,0.548,547.3,0.828,1
110.81,219.42,1020.31,0.532,0.42,6.35,417.7,380.4,7.9,249.4,0.131,18.1,75.8,25.4,0.198,1705.2,0.071,1
148.91,298.78,952.77,0.542,0.511,6.48,632.3,224.1,12.9,87.6,0.376,33.6,92.6,23.4,0.474,63.9,0.637,1
9.74,58.07,193.36,0.257,0.229,2.14,204.1,1457.3,23.7,334.2,0.112,35.6,71.3,29.5,0.057,807.4,0.615,0
27.16,70.97,284.5,0.169,0.147,0.87,83.9,490.5,6.6,358.1,0.197,31.1,51.3,31.0,0.299,3745.5,0.625,0
100.8,368.71,1080.91,0.527,0.481,3.84,426.0,212.7,2.4,318.4,0.4,35.0,78.1,21.0,0.411,67.4,0.683,1
16.39,58.48,234.13,0.231,0.198,2.46,252.4,456.7,15.0,253.7,0.585,31.3,72.1,36.9,0.614,159.7,0.586,0
114.08,290.72,1055.92,0.38,0.289,7.73,513.3,2171.0,15.7,242.4,0.429,37.6,76.3,8.1,0.517,96.3,0.084,1
16.15,53.67,190.59,0.342,0.275,1.38,98.7,1328.3,23.4,270.0,0.445,37.5,67.1,21.0,0.527,366.4,0.685,0
108.14,336.7,1070.3,0.495,0.469,4.49,490.7,1340.9,24.1,201.3,0.347,35.0,92.8,28.9,0.413,496.1,0.141,1
41.09,115.6,489.42,0.287,0.264,0.69,73.2,687.9,28.4,85.0,0.493,31.0,62.1,11.0,0.584,578.9,0.5,0
140.96,482.16,999.21,0.535,0.501,4.6,523.2,1295.2,41.4,320.3,0.633,19.6,75.6,14.1,0.69,116.2,0.883,1
27.49,66.68,328.3,0.281,0.216,2.81,300.7,1842.6,26.1,236.4,0.69,34.0,43.4,29.8,0.815,947.0,0.117,0
7.08,37.12,213.31,0.114,0.091,0.94,47.2,1495.3,36.1,28.4,0.746,32.4,45.4,26.5,0.878,148.3,0.744,0
3.14,23.94,136.67,0.253,0.193,2.66,176.7,1347.4,25.7,179.0,0.589,34.9,69.2,13.4,0.723,864.9,0.898,0
3.44,32.68,130.23,0.31,0.283,2.13,135.2,915.4,21.0,161.2,0.174,37.1,44.4,21.7,0.242,676.7,0.895,0
136.67,273.14,1264.72,0.437,0.343,6.3,443.2,1580.2,28.9,34.2,0.195,37.9,79.0,36.9,0.138,283.8,0.346,1
207.89,545.18,1156.13,0.396,0.33,5.09,322.8,2144.1,22.3,131.6,0.424,20.0,86.8,26.8,0.45,344.0,0.663,1
3.29,39.61,136.76,0.211,0.17,0.66,67.4,484.8,13.1,74.8,0.539,18.2,72.1,36.2,0.582,1616.3,0.641,0
44.57,108.29,459.57,0.38,0.356,7.93,761.9,2062.2,21.4,15.9,0.183,32.5,83.6,15.6,0.211,644.4,0.444,1
48.04,131.17,503.64,0.279,0.243,1.71,95.5,1215.4,17.5,7.9,0.359,35.7,58.2,8.7,0.42,99.4,0.453,0
183.57,444.18,1221.66,0.472,0.43,4.02,218.6,2448.4,16.4,100.4,0.479,29.4,86.6,16.8,0.521,590.3,0.84,1
133.23,367.27,1351.71,0.411,0.358,7.42,426.4,662.3,37.2,33.0,0.23,19.2,90.9,7.9,0.282,133.8,0.409,1
206.09,572.95,1977.26,0.436,0.38,6.61,430.4,253.1,8.6,303.2,0.554,34.0,82.5,18.5,0.618,74.2,0.941,1
10.0,52.38,207.86,0.138,0.114,1.95,184.6,409.8,13.5,351.3,0.32,21.7,66.1,30.0,0.296,546.0,0.13,0
123.46,279.46,1020.28,0.355,0.283,5.07,352.2,57.7,10.9,167.0,0.276,27.6,92.2,17.7,0.222,295.8,0.201,1
10.41,32.8,211.06,0.302,0.247,1.5,110.9,919.7,15.7,212.4,0.147,25.4,63.4,12.3,0.108,2004.8,0.228,0
89.74,240.93,1123.78,0.385,0.311,3.71,161.0,807.4,36.9,341.8,0.544,27.9,90.3,7.7,0.53,573.4,0.265,1
39.95,141.56,699.25,0.201,0.178,1.13,88.5,1599.6,27.7,270.1,0.241,21.1,43.3,20.4,0.17,849.4,0.182,0
64.65,229.94,823.35,0.455,0.379,4.46,335.7,415.3,8.3,183.3,0.177,31.5,96.0,43.7,0.236,81.0,0.902,1
80.31,225.65,690.38,0.373,0.321,4.07,385.7,1904.4,16.9,153.3,0.297,26.2,93.5,31.2,0.404,135.7,0.091,1
71.36,259.49,925.89,0.531,0.48,5.92,332.5,813.2,39.0,268.8,0.574,25.7,96.1,37.0,0.605,281.7,0.339,1
10.17,51.66,218.08,0.26,0.209,2.48,242.5,2192.0,23.8,116.0,0.284,21.5,61.4,31.0,0.338,976.5,0.533,0
94.33,235.92,728.83,0.356,0.297,4.55,443.2,466.3,11.8,270.0,0.12,30.4,87.0,32.8,0.214,785.5,0.148,1
19.54,68.7,266.05,0.138,0.118,1.36,121.8,1995.7,28.3,25.9,0.495,31.2,53.4,28.3,0.575,8.7,0.188,0
149.1,366.96,1342.53,0.445,0.338,5.08,348.6,473.7,14.7,185.3,0.477,19.6,75.6,27.6,0.478,102.4,0.686,1
20.87,52.85,273.19,0.26,0.203,1.4,62.5,58.8,5.5,65.2,0.665,34.5,69.0,26.3,0.726,49.4,0.748,0
13.49,53.02,204.7,0.15,0.114,0.58,33.9,155.5,9.6,264.4,0.208,35.7,71.1,20.4,0.165,2211.7,0.546,0
144.92,424.14,1620.41,0.369,0.332,4.85,554.8,2040.9,17.2,349.1,0.717,37.8,90.1,29.8,0.743,234.0,0.248,1
13.31,54.21,222.05,0.166,0.134,1.63,179.5,1336.1,31.7,235.8,0.133,24.9,68.1,37.2,0.109,2928.6,0.184,0
19.07,58.41,158.06,0.134,0.112,1.14,63.5,809.9,23.2,260.9,0.469,30.1,66.8,30.6,0.4,6038.4,0.615,0
12.07,74.2,265.85,0.319,0.282,2.3,151.0,1607.3,24.3,58.8,0.607,20.4,42.7,12.9,0.669,2238.7,0.23,0
8.02,41.35,175.09,0.321,0.303,2.66,108.3,949.3,41.5,198.0,0.596,26.4,44.2,16.3,0.568,201.6,0.209,0
155.63,428.95,1211.16,0.416,0.38,4.2,272.5,2051.1,37.1,280.4,0.527,35.2,84.0,32.9,0.575,240.5,0.452,1
162.18,566.69,1266.62,0.476,0.362,3.83,398.6,1873.5,26.7,308.7,0.726,32.4,96.6,8.4,0.816,444.7,0.361,1
5.02,38.9,234.53,0.134,0.108,2.69,230.4,1173.0,34.4,351.2,0.379,28.3,43.5,29.4,0.441,2990.1,0.293,0
7.45,66.93,259.76,0.134,0.102,1.94,212.8,37.5,6.6,268.8,0.528,34.8,62.0,29.0,0.59,2040.7,0.698,0
3.12,42.67,234.28,0.165,0.125,0.51,60.2,1303.4,35.0,206.5,0.179,34.6,40.0,9.7,0.22,409.0,0.925,0
12.8,57.81,281.98,0.118,0.092,1.75,101.0,963.5,16.9,293.2,0.331,36.2,63.4,17.3,0.436,1258.2,0.569,0
135.08,315.06,1045.51,0.44,0.358,5.12,432.1,1488.8,34.7,92.9,0.176,22.0,86.1,12.8,0.258,535.6,0.706,1
66.02,221.62,498.58,0.447,0.356,4.25,426.9,410.2,2.5,314.2,0.469,22.6,91.1,34.6,0.502,38.1,0.317,1
12.32,64.47,291.08,0.117,0.096,1.83,164.6,1665.5,32.4,281.3,0.674,37.5,67.1,40.9,0.704,1687.4,0.203,0
12.89,49.8,199.75,0.136,0.124,2.78,169.3,523.5,25.2,60.1,0.333,28.1,50.0,37.8,0.464,1102.7,0.207,0
8.66,36.89,168.19,0.166,0.151,1.49,175.8,2450.0,31.8,306.5,0.552,31.0,41.8,23.6,0.6,3669.9,0.521,0
84.93,248.25,891.64,0.354,0.29,8.0,751.7,2049.1,24.9,299.1,0.263,36.1,85.7,14.2,0.268,127.7,0.501,1
80.32,206.06,629.56,0.384,0.339,4.42,180.3,461.1,4.4,333.0,0.462,28.9,86.0,29.0,0.563,160.2,0.52,1
7.58,35.64,216.24,0.258,0.212,2.38,193.6,1364.9,15.1,324.3,0.194,21.0,41.4,18.7,0.243,279.9,0.867,0
3.45,29.58,180.5,0.328,0.271,1.59,85.0,1142.7,22.6,118.2,0.107,25.7,60.1,6.8,0.177,2651.8,0.761,0
146.31,432.93,1793.74,0.423,0.375,4.33,423.3,2028.2,41.8,184.1,0.744,28.3,84.5,23.4,0.832,11.9,0.368,1
50.12,114.15,287.46,0.417,0.344,4.99,225.6,1851.9,20.4,290.1,0.646,27.5,78.5,25.5,0.776,215.9,0.584,1
21.08,72.4,253.1,0.147,0.127,0.63,42.3,747.0,34.0,277.0,0.51,37.9,58.2,42.3,0.537,396.0,0.703,0
10.02,60.75,252.58,0.115,0.089,2.02,131.1,917.2,33.4,290.6,0.273,22.6,48.9,22.6,0.265,2758.8,0.84,0
42.66,135.76,620.95,0.255,0.218,2.49,277.7,159.9,14.0,83.8,0.584,33.2,66.9,15.2,0.587,78.1,0.534,0
116.25,358.22,1465.51,0.445,0.4,5.92,650.6,1422.6,38.2,285.7,0.166,18.6,85.0,26.3,0.285,668.4,0.122,1
16.72,70.52,288.39,0.221,0.205,1.96,207.2,1899.8,28.2,36.6,0.511,25.3,51.3,13.0,0.512,859.1,0.906,0
16.88,66.18,275.52,0.271,0.212,1.39,138.9,1053.2,38.9,174.1,0.622,19.9,73.4,35.0,0.659,110.4,0.369,0
95.55,343.99,1267.04,0.406,0.338,5.93,690.2,2364.8,15.4,20.2,0.538,29.4,78.4,27.3,0.61,458.6,0.843,1
10.33,56.73,170.8,0.173,0.146,1.82,100.8,351.6,2.9,163.1,0.595,23.7,72.5,9.2,0.684,373.0,0.263,0
147.9,308.14,1118.5,0.36,0.335,6.67,704.8,2228.2,26.3,88.3,0.148,30.5,93.3,26.9,0.234,27.7,0.773,1
13.01,50.19,194.78,0.185,0.148,1.18,111.1,63.6,3.2,186.9,0.126,29.8,45.6,16.4,0.098,23.6,0.076,0
5.11,27.57,132.2,0.313,0.245,0.76,72.6,2284.0,31.4,256.7,0.381,28.3,55.0,12.7,0.307,888.6,0.75,0
131.7,295.44,1316.42,0.449,0.349,7.94,588.4,770.9,38.7,11.2,0.615,34.9,83.4,8.5,0.702,71.0,0.281,1
5.32,38.91,202.48,0.115,0.09,2.36,217.3,283.4,6.9,94.8,0.295,26.8,67.9,41.7,0.441,4620.5,0.542,0
66.32,176.27,427.83,0.438,0.405,8.26,487.1,2473.3,24.5,53.9,0.58,33.1,96.8,36.9,0.647,145.1,0.297,1
61.47,127.87,642.32,0.43,0.376,3.7,304.7,1863.9,41.6,66.1,0.147,26.5,97.9,38.0,0.15,527.5,0.703,1
38.0,80.55,272.08,0.185,0.154,2.6,305.9,1330.2,23.0,209.5,0.526,37.2,43.1,7.8,0.664,1275.7,0.318,0
111.52,239.33,673.47,0.424,0.392,7.13,676.0,990.3,17.1,23.0,0.701,21.2,78.0,44.6,0.788,133.4,0.807,1
11.04,49.37,214.8,0.118,0.096,1.65,155.5,645.2,32.4,254.2,0.399,32.7,71.9,43.8,0.393,834.8,0.277,0
211.37,586.81,1867.18,0.44,0.411,7.09,416.8,1497.8,35.0,83.9,0.137,19.3,80.8,34.5,0.071,68.7,0.911,1
14.13,68.94,315.23,0.237,0.214,2.09,223.8,1127.8,23.9,345.6,0.569,21.2,53.1,41.9,0.509,2108.0,0.292,0
64.45,231.61,663.59,0.472,0.356,6.14,698.7,1271.1,20.1,336.4,0.674,28.6,75.8,39.0,0.695,211.7,0.345,1
19.01,60.04,322.21,0.239,0.201,2.11,102.8,1160.1,17.9,263.5,0.336,27.1,73.2,33.6,0.389,1370.0,0.888,0
14.93,66.34,309.86,0.213,0.196,2.65,201.6,1609.4,28.2,283.5,0.342,37.2,63.5,21.1,0.388,113.3,0.517,0
78.72,189.75,648.11,0.433,0.359,6.05,564.3,2310.6,27.3,258.9,0.315,18.0,79.6,30.8,0.261,207.4,0.401,1
117.75,368.94,1443.11,0.462,0.438,4.03,445.9,2382.6,23.6,261.5,0.169,29.9,75.8,34.8,0.2,53.6,0.266,1
48.52,129.44,620.71,0.267,0.246,0.65,53.9,2089.4,21.6,64.9,0.299,24.4,73.9,17.4,0.313,1069.1,0.272,0
5.26,30.68,127.59,0.15,0.135,2.01,148.2,678.4,16.2,333.5,0.376,27.7,40.8,22.9,0.54,750.2,0.898,0
110.15,195.3,702.26,0.404,0.314,3.89,167.6,627.1,35.7,288.6,0.372,29.1,88.5,44.6,0.381,223.2,0.262,1
169.44,585.01,2287.75,0.477,0.368,7.85,660.1,1446.5,26.7,206.2,0.234,28.8,95.3,33.4,0.152,828.1,0.813,1
14.84,29.39,147.73,0.156,0.137,2.03,134.7,2436.8,21.5,59.8,0.461,37.2,40.8,27.0,0.579,6.8,0.263,0
16.29,41.53,242.53,0.229,0.202,1.62,193.5,1384.1,30.5,279.4,0.451,37.7,70.4,9.1,0.529,482.3,0.944,0
41.68,146.7,380.03,0.341,0.266,2.84,249.3,288.4,13.0,327.1,0.348,28.1,54.1,24.5,0.455,353.5,0.464,0
231.99,722.82,2221.44,0.445,0.41,7.93,453.1,2164.1,22.0,169.9,0.708,26.0,84.0,7.4,0.759,25.9,0.57,1
10.86,46.5,201.14,0.248,0.23,2.27,271.2,1869.4,33.4,30.9,0.728,32.5,65.7,35.0,0.909,5.6,0.843,0
8.06,31.17,141.66,0.287,0.239,1.32,115.1,604.6,42.5,348.3,0.542,28.4,61.6,8.0,0.614,3860.5,0.602,0
232.6,764.12,2040.37,0.492,0.429,6.78,688.4,1578.5,26.4,61.5,0.285,32.7,83.6,33.7,0.28,150.6,0.665,1
20.51,81.66,276.49,0.347,0.295,2.36,277.7,569.3,43.5,285.9,0.71,25.7,74.8,19.7,0.805,267.1,0.392,0
22.8,93.13,473.89,0.142,0.108,1.33,133.5,1068.9,15.4,354.3,0.569,27.3,42.1,7.0,0.577,1451.1,0.368,0
2.15,28.13,122.73,0.28,0.215,2.44,281.4,599.7,18.6,105.1,0.386,19.6,54.6,13.0,0.393,576.8,0.771,0
8.56,16.13,72.28,0.101,0.092,2.73,188.0,1496.0,31.0,35.8,0.671,31.1,69.0,29.7,0.668,2548.8,0.336,0
19.26,84.45,374.08,0.131,0.111,1.13,49.9,764.9,30.0,291.9,0.2,34.4,55.2,33.4,0.198,3132.4,0.822,0
110.21,369.64,1371.95,0.429,0.374,7.36,862.5,428.5,1.5,25.0,0.532,21.6,83.5,33.3,0.628,90.9,0.609,1
14.39,56.29,208.12,0.29,0.253,1.55,129.8,158.4,11.5,190.1,0.281,37.0,66.7,29.7,0.291,3378.7,0.288,0
128.94,461.17,1428.29,0.487,0.402,4.65,472.7,1583.2,44.7,263.0,0.458,37.6,97.8,22.6,0.532,72.8,0.209,1
55.11,193.83,461.68,0.505,0.382,6.22,523.3,1495.5,40.6,230.7,0.289,29.5,78.0,23.2,0.348,203.3,0.84,1
254.95,851.71,3081.74,0.539,0.489,5.03,507.5,494.6,9.3,203.7,0.477,19.6,92.0,5.6,0.543,139.3,0.944,1
27.45,72.03,263.59,0.323,0.272,1.87,83.8,16.9,3.6,90.1,0.38,33.9,66.1,15.1,0.387,697.8,0.551,0
8.6,49.81,175.69,0.213,0.166,1.83,82.9,348.9,8.6,113.8,0.479,27.3,73.3,32.3,0.483,2663.5,0.279,0
6.84,40.79,145.83,0.211,0.159,2.67,303.5,770.4,42.3,129.1,0.15,35.3,60.4,28.0,0.153,427.4,0.281,0
34.6,142.88,437.37,0.306,0.231,2.45,183.2,1312.6,26.6,236.0,0.102,34.2,62.5,34.8,0.188,2073.9,0.927,0
13.0,38.09,240.06,0.274,0.207,1.22,78.0,2215.1,16.2,244.7,0.609,29.7,51.4,8.3,0.733,1501.5,0.479,0
104.39,269.34,919.24,0.466,0.364,6.82,771.7,533.6,32.3,63.0,0.279,18.7,75.9,30.9,0.343,219.6,0.788,1
28.64,74.42,211.35,0.335,0.266,1.45,173.3,546.6,22.7,8.2,0.552,29.8,43.4,7.1,0.56,960.8,0.748,0
5.22,41.36,113.86,0.178,0.143,1.38,123.3,2112.0,26.5,26.6,0.125,33.2,48.9,12.2,0.134,237.9,0.35,0
13.75,35.11,136.78,0.262,0.23,2.33,197.4,1275.5,29.1,246.0,0.53,31.1,68.8,44.9,0.649,324.6,0.661,0
206.56,442.23,1465.79,0.391,0.312,8.27,937.6,1731.6,17.3,34.2,0.565,31.1,95.1,36.3,0.623,1205.6,0.746,1
8.12,52.93,243.65,0.249,0.22,1.0,54.1,873.4,29.7,112.5,0.56,33.3,43.2,28.7,0.665,2602.9,0.759,0
218.63,763.69,1850.5,0.41,0.375,8.12,736.0,2098.8,23.7,198.2,0.653,28.6,78.9,26.1,0.671,954.1,0.902,1
6.67,35.77,169.93,0.115,0.095,1.66,173.4,1129.9,36.4,198.6,0.661,33.3,67.1,37.7,0.675,2907.0,0.539,0
205.4,629.43,1415.82,0.446,0.399,4.53,449.4,2258.3,22.7,193.5,0.23,22.4,76.3,19.2,0.206,443.3,0.229,1
155.5,423.99,972.15,0.492,0.379,8.4,838.5,1007.2,43.3,331.1,0.476,26.1,89.4,8.6,0.441,6.6,0.222,1
5.81,52.59,280.36,0.206,0.168,2.82,294.6,2023.7,37.3,159.7,0.113,31.2,63.9,37.1,0.082,1718.5,0.624,0
14.0,78.68,322.72,0.173,0.153,2.65,151.3,148.7,9.4,59.8,0.158,21.3,48.7,23.8,0.168,396.4,0.794,0
17.13,74.51,364.53,0.238,0.223,1.26,106.3,1710.2,19.2,19.6,0.372,33.3,71.7,41.0,0.409,121.2,0.262,0
2.13,36.74,117.06,0.34,0.297,1.89,92.2,362.4,9.1,185.0,0.125,29.7,58.9,23.7,0.097,532.3,0.811,0
145.95,512.67,1471.15,0.429,0.353,4.63,218.6,2243.8,15.8,218.0,0.325,32.6,90.1,26.2,0.338,217.0,0.931,1
49.15,125.4,423.9,0.429,0.348,3.8,401.1,2412.0,16.5,207.9,0.516,35.2,95.9,34.6,0.485,76.8,0.943,1
110.65,293.81,1147.52,0.417,0.345,3.67,385.0,809.9,36.6,69.1,0.63,37.4,79.5,11.2,0.747,428.6,0.837,1
123.92,331.24,1151.82,0.373,0.329,6.01,328.0,1411.0,24.8,15.4,0.383,23.8,94.2,8.5,0.404,109.4,0.058,1
13.6,70.68,276.21,0.329,0.268,1.28,109.5,1005.4,21.1,315.6,0.415,33.9,53.7,15.5,0.453,3849.1,0.057,0
9.04,57.7,191.32,0.333,0.281,1.64,70.9,1536.2,26.0,160.2,0.104,25.2,40.6,40.4,0.028,4268.1,0.896,0
155.25,354.1,1189.36,0.483,0.436,3.98,277.0,892.6,44.5,38.2,0.663,27.7,80.7,39.2,0.765,337.9,0.148,1
23.02,97.54,477.76,0.292,0.233,1.52,78.8,2049.7,42.1,237.7,0.74,30.2,59.5,9.8,0.826,1765.0,0.293,0
144.47,391.29,1301.01,0.512,0.458,8.12,566.9,88.1,5.5,235.0,0.393,22.7,75.3,43.9,0.419,73.6,0.849,1
0.9,35.2,163.24,0.233,0.21,1.08,93.4,1855.9,17.3,220.6,0.297,22.2,66.5,15.0,0.284,3179.2,0.408,0
20.95,92.36,288.81,0.283,0.261,1.98,207.1,44.4,1.8,83.6,0.214,29.8,72.5,37.4,0.258,2292.3,0.305,0
225.07,616.56,2464.72,0.436,0.329,4.17,337.9,2407.6,15.3,306.0,0.571,32.0,86.5,34.9,0.577,92.3,0.196,1
5.87,29.24,141.61,0.325,0.251,2.93,335.9,111.0,1.5,31.6,0.367,37.1,59.3,38.9,0.461,1103.5,0.836,0
109.26,234.55,883.78,0.4,0.376,5.89,283.1,1989.6,33.7,42.1,0.32,29.4,89.4,40.6,0.421,73.4,0.531,1
96.13,358.84,1645.04,0.453,0.351,6.59,547.4,1752.0,17.7,138.6,0.484,29.8,92.9,13.2,0.484,125.1,0.284,1
123.8,435.07,1312.49,0.372,0.315,8.39,944.8,2153.3,20.2,323.9,0.627,26.3,87.1,28.7,0.711,5.3,0.536,1
83.51,179.77,444.09,0.427,0.335,7.66,449.8,329.9,14.6,296.1,0.561,33.7,90.1,8.3,0.57,416.7,0.893,1
187.37,553.45,2011.52,0.44,0.401,5.57,566.5,893.6,36.5,327.2,0.627,32.7,89.3,8.5,0.601,349.9,0.122,1
56.66,154.0,357.35,0.491,0.378,5.25,317.2,224.2,2.4,252.3,0.445,21.8,78.9,32.5,0.459,148.1,0.545,1
8.32,37.31,133.37,0.245,0.188,1.98,234.0,728.4,37.0,223.8,0.474,25.7,68.6,28.9,0.507,137.3,0.6,0
9.59,56.24,161.96,0.104,0.088,1.89,190.2,1527.3,17.8,282.1,0.109,20.7,44.0,32.1,0.061,1215.4,0.162,0
146.15,288.79,755.6,0.385,0.307,5.87,541.8,2425.1,19.8,71.9,0.38,20.2,91.2,5.1,0.431,100.9,0.66,1
10.38,30.21,161.07,0.297,0.262,0.89,98.2,643.1,41.7,40.1,0.622,36.6,74.1,8.6,0.7,1979.4,0.731,0
5.23,37.97,202.29,0.266,0.236,1.94,168.7,858.3,43.8,334.9,0.503,31.3,61.3,8.8,0.632,71.6,0.724,0
12.15,50.66,167.16,0.243,0.211,1.76,111.8,1025.6,39.6,301.5,0.549,35.9,69.3,13.5,0.635,1741.7,0.205,0
110.07,399.89,1747.47,0.484,0.444,7.09,463.7,86.3,4.6,151.7,0.197,29.5,92.4,24.8,0.278,9.0,0.624,1
170.04,622.19,2323.62,0.413,0.367,5.76,501.8,1724.3,16.5,280.1,0.694,23.1,91.7,28.4,0.752,305.2,0.575,1
6.61,25.01,148.3,0.312,0.246,2.13,175.0,324.4,9.5,183.6,0.587,23.2,59.7,26.4,0.67,2922.5,0.266,0
54.66,223.13,556.66,0.495,0.379,4.39,494.2,2197.3,21.3,5.9,0.683,22.9,77.9,19.8,0.771,123.0,0.063,1
57.55,144.08,597.98,0.538,0.484,5.45,454.0,1042.8,27.3,5.4,0.287,24.3,82.3,26.1,0.274,224.2,0.913,1
105.54,351.2,1042.91,0.429,0.385,4.97,402.2,2186.7,33.9,170.2,0.48,22.1,82.2,21.8,0.537,115.4,0.773,1
72.06,193.89,555.09,0.472,0.434,8.48,643.2,1839.4,31.3,211.1,0.622,20.8,78.9,32.8,0.718,162.4,0.683,1
113.9,390.14,1133.92,0.459,0.363,8.01,402.6,1949.5,44.7,296.2,0.37,36.0,76.0,39.9,0.414,352.0,0.34,1
21.77,84.53,217.82,0.248,0.197,2.34,116.0,945.7,32.8,212.3,0.321,29.5,70.1,27.0,0.359,1281.2,0.473,0
100.93,276.48,1151.28,0.523,0.453,5.62,525.1,2034.1,21.7,213.5,0.363,22.4,88.7,30.4,0.357,246.7,0.585,1
2.71,36.26,153.64,0.29,0.226,2.5,191.9,1406.7,31.9,358.8,0.514,29.4,57.5,36.5,0.664,2245.1,0.093,0
150.27,367.16,1267.33,0.504,0.408,4.53,379.3,430.9,13.2,0.6,0.34,22.9,83.3,36.2,0.34,55.2,0.521,1
96.16,235.91,533.88,0.368,0.336,5.54,632.4,2231.9,35.0,125.5,0.243,31.7,81.8,38.0,0.249,166.9,0.44,1
5.19,32.59,143.37,0.324,0.264,2.84,291.7,1023.4,16.2,334.6,0.43,35.7,45.7,16.2,0.543,625.3,0.387,0
14.58,53.38,193.44,0.117,0.088,2.29,160.8,2245.6,23.3,137.9,0.144,21.3,61.8,14.1,0.234,3950.2,0.569,0
175.18,398.93,1485.24,0.458,0.403,6.37,651.4,1443.8,31.5,86.5,0.688,29.0,88.2,36.6,0.745,61.6,0.304,1
1.86,20.31,88.28,0.224,0.176,1.44,169.9,137.9,4.9,157.8,0.706,25.4,74.7,34.7,0.774,89.7,0.24,0
102.13,219.69,645.01,0.369,0.291,4.73,251.2,1964.3,40.0,276.4,0.74,34.5,78.5,11.8,0.866,960.0,0.777,1
16.49,94.66,286.02,0.131,0.099,2.18,244.0,73.6,11.4,274.6,0.592,19.0,53.9,11.4,0.705,166.1,0.253,0
11.21,63.47,275.85,0.233,0.202,1.36,93.1,256.9,3.1,120.0,0.622,31.9,67.4,9.0,0.702,808.9,0.231,0
55.13,174.19,437.03,0.521,0.449,4.66,460.9,849.3,32.6,42.4,0.645,30.9,79.2,16.1,0.743,290.9,0.218,1
279.57,860.83,3081.79,0.387,0.298,7.86,741.2,1581.5,32.6,347.2,0.213,33.6,83.1,33.3,0.246,284.8,0.594,1
45.65,174.41,474.25,0.42,0.319,6.7,646.6,1075.4,42.0,83.0,0.233,29.0,83.6,39.7,0.142,199.4,0.489,1
14.53,35.02,217.72,0.226,0.192,2.78,310.0,1000.0,40.4,333.8,0.633,26.9,60.3,44.9,0.74,79.8,0.534,0
151.31,527.14,1696.74,0.44,0.399,6.74,609.4,1075.6,27.7,145.1,0.371,23.1,78.1,39.1,0.342,250.7,0.565,1
102.73,294.59,735.94,0.526,0.495,8.14,449.8,326.2,4.3,355.6,0.615,35.6,87.0,44.3,0.624,220.4,0.159,1
87.76,181.98,431.05,0.484,0.37,8.44,789.3,1751.0,42.5,89.3,0.194,35.9,88.0,10.9,0.201,133.6,0.457,1
120.86,316.48,952.95,0.499,0.445,4.91,329.2,510.8,45.0,240.8,0.132,28.0,82.8,19.7,0.117,60.3,0.645,1
117.45,336.01,1465.06,0.369,0.291,8.05,936.1,1093.2,37.2,295.3,0.358,36.1,94.9,13.1,0.363,81.1,0.203,1
19.83,76.81,213.53,0.18,0.136,2.85,185.2,2424.9,17.1,146.2,0.276,18.8,46.2,16.4,0.407,1193.4,0.311,0
26.85,95.07,429.87,0.24,0.196,1.66,98.7,2320.2,41.8,53.1,0.628,34.9,65.6,9.4,0.746,261.2,0.325,0
155.15,533.94,1684.15,0.517,0.448,6.51,268.4,1923.6,29.3,35.0,0.696,34.1,87.3,39.5,0.785,662.7,0.688,1
17.05,73.58,355.33,0.121,0.105,2.16,235.4,2216.1,25.5,81.3,0.525,34.4,74.3,7.3,0.628,3343.7,0.093,0
134.75,415.33,1797.34,0.455,0.346,5.85,662.3,1716.8,23.7,19.8,0.169,30.9,97.5,21.9,0.271,506.9,0.78,1
30.07,75.7,411.53,0.261,0.244,1.57,71.2,2051.1,39.1,312.5,0.11,29.4,70.2,9.7,0.074,342.9,0.656,0
112.02,274.6,656.44,0.53,0.403,6.49,474.7,628.2,41.9,253.5,0.606,34.7,93.2,23.1,0.645,125.5,0.292,1
139.62,376.54,1558.09,0.541,0.429,3.58,263.4,1142.4,35.6,234.8,0.666,33.4,94.4,15.5,0.754,51.6,0.658,1
21.49,73.45,184.38,0.302,0.252,2.9,301.4,725.1,16.8,250.5,0.716,36.7,44.3,31.9,0.79,3262.0,0.692,0
7.94,35.09,152.73,0.332,0.312,2.04,137.7,104.6,4.8,228.8,0.566,34.4,66.5,41.1,0.603,1142.2,0.408,0
40.89,160.82,628.02,0.12,0.114,1.33,89.8,608.4,31.7,12.9,0.121,24.6,50.3,8.9,0.184,1895.3,0.235,0
71.48,180.58,590.67,0.378,0.283,6.05,402.8,648.4,39.8,207.4,0.411,21.0,88.7,6.1,0.441,417.4,0.867,1
177.67,590.15,2074.3,0.49,0.39,6.95,516.7,1715.0,36.6,148.7,0.419,21.2,83.0,23.7,0.395,510.4,0.775,1
8.68,38.82,231.78,0.177,0.151,2.44,222.7,863.3,25.1,56.9,0.128,35.1,60.0,7.6,0.211,4235.9,0.546,0
99.14,356.08,1499.46,0.541,0.481,5.81,682.7,547.8,42.5,239.8,0.692,32.8,75.1,10.6,0.839,309.9,0.132,1
29.1,101.06,355.11,0.224,0.198,0.56,46.4,42.2,3.6,154.0,0.597,37.7,69.9,31.6,0.756,3026.6,0.29,0
10.21,56.61,250.61,0.339,0.271,2.72,193.8,1006.2,44.4,92.5,0.233,35.9,66.7,35.9,0.355,1514.7,0.528,0
225.73,628.6,1378.46,0.38,0.3,6.4,264.8,1929.5,44.5,263.6,0.524,36.5,87.0,23.0,0.563,422.3,0.45,1
18.17,54.47,256.02,0.244,0.184,1.5,79.5,1572.1,16.3,21.7,0.628,31.6,58.2,30.5,0.673,2184.1,0.67,0
12.56,45.63,213.64,0.169,0.155,0.92,106.1,2244.9,18.9,131.7,0.655,23.8,67.1,41.5,0.627,8381.8,0.91,0
7.85,35.11,132.1,0.105,0.086,1.67,101.6,1438.8,22.0,100.1,0.664,27.6,71.6,24.0,0.683,1070.3,0.58,0
25.39,74.68,319.12,0.347,0.32,1.26,71.0,129.1,6.2,43.9,0.61,18.6,60.9,44.6,0.689,1892.5,0.295,0
5.43,39.74,181.7,0.279,0.227,0.99,53.0,1094.9,34.6,46.8,0.502,30.8,65.9,6.3,0.475,1353.4,0.293,0
10.46,54.87,246.8,0.284,0.256,1.72,149.3,1055.1,26.0,77.5,0.156,22.7,52.0,12.0,0.201,486.4,0.897,0
101.05,337.78,1273.31,0.371,0.283,7.04,503.9,2125.0,43.1,7.3,0.27,36.5,84.3,17.0,0.319,52.6,0.434,1
40.29,170.24,399.2,0.136,0.124,1.95,169.5,1645.4,29.3,214.7,0.446,24.9,58.0,31.4,0.453,599.7,0.491,0
86.53,224.19,705.49,0.491,0.456,5.72,674.6,672.0,31.7,184.0,0.339,27.6,85.4,8.8,0.402,230.9,0.191,1
16.25,81.13,316.65,0.196,0.158,2.99,137.2,1756.1,33.8,308.5,0.562,26.7,74.0,29.2,0.651,1468.8,0.396,0
6.5,28.9,119.96,0.349,0.272,2.4,121.9,2080.2,27.8,286.4,0.177,27.4,43.3,24.3,0.14,3821.8,0.409,0
127.44,355.93,848.71,0.374,0.295,7.83,672.8,152.2,2.0,352.0,0.713,36.3,75.9,9.8,0.761,451.6,0.876,1
154.9,478.12,1680.15,0.536,0.495,5.19,275.8,1806.5,17.7,8.1,0.32,28.4,84.6,32.5,0.365,21.6,0.75,1
10.33,35.11,184.43,0.221,0.179,1.66,154.7,1989.7,30.1,180.2,0.436,31.1,40.3,20.9,0.432,357.7,0.284,0
53.99,137.26,649.31,0.449,0.358,4.99,524.2,909.8,24.9,60.6,0.318,32.5,80.3,39.6,0.205,868.2,0.68,1
175.1,549.34,2318.68,0.521,0.493,6.74,662.1,2378.7,21.1,169.0,0.619,33.7,94.6,7.2,0.692,275.8,0.307,1
84.04,266.39,916.67,0.467,0.413,4.89,319.5,2082.1,16.1,66.2,0.2,21.0,81.0,11.1,0.177,136.1,0.142,1
145.58,523.62,1220.82,0.41,0.376,7.24,775.1,665.1,38.4,26.4,0.33,19.0,96.2,26.5,0.282,582.5,0.791,1
32.22,127.64,502.76,0.324,0.292,0.76,61.3,989.4,18.6,298.8,0.5,24.7,66.7,41.1,0.497,2265.1,0.42,0
4.29,19.42,86.73,0.294,0.243,0.72,74.2,2271.4,20.1,155.5,0.13,19.9,55.4,40.8,0.067,12.3,0.052,0
87.2,291.13,1289.45,0.528,0.487,6.34,741.2,2082.8,20.0,246.7,0.497,32.7,80.2,7.0,0.528,402.9,0.305,1
13.84,68.93,190.32,0.179,0.155,2.82,217.4,2019.6,44.4,40.2,0.553,35.1,41.3,13.3,0.689,1370.1,0.759,0
64.3,260.72,1023.6,0.462,0.407,4.19,323.6,2428.4,22.6,207.2,0.718,29.8,85.3,36.0,0.84,121.1,0.216,1
11.21,58.93,243.3,0.183,0.149,2.81,168.3,195.3,8.9,298.2,0.734,24.8,46.5,17.3,0.822,162.5,0.561,0
6.0,44.32,172.86,0.332,0.314,1.36,67.7,166.0,13.4,320.9,0.27,24.0,68.3,36.6,0.273,5648.2,0.652,0
50.66,112.24,301.58,0.389,0.358,7.67,758.0,1093.2,33.8,109.0,0.535,28.3,96.1,36.1,0.6,86.0,0.666,1
35.21,121.27,531.29,0.205,0.16,0.57,56.4,2282.6,35.5,328.1,0.154,35.5,51.4,28.2,0.207,1926.5,0.058,0
79.32,203.1,628.7,0.486,0.384,4.92,391.3,1338.5,39.4,175.4,0.569,21.1,92.3,36.1,0.684,60.2,0.479,1
93.52,267.03,1247.14,0.518,0.466,5.92,594.8,2334.7,31.4,88.8,0.317,34.0,88.4,34.2,0.31,20.2,0.36,1
159.93,424.49,1859.17,0.39,0.294,6.03,358.9,396.7,11.7,198.2,0.238,22.5,76.4,31.8,0.162,598.6,0.554,1
129.13,345.37,1236.33,0.399,0.326,4.32,174.1,1845.7,44.9,247.8,0.112,22.4,85.4,31.6,0.218,114.8,0.202,1
117.23,302.31,1151.64,0.515,0.441,6.84,291.4,813.0,35.7,29.6,0.442,21.7,78.0,35.3,0.55,33.2,0.179,1
56.21,208.64,547.48,0.38,0.3,6.08,515.1,1696.2,36.3,249.7,0.216,21.0,83.2,13.1,0.238,64.9,0.756,1
147.92,482.37,2119.55,0.402,0.372,6.07,267.6,1076.4,17.6,272.6,0.477,19.6,86.8,15.8,0.498,25.8,0.373,1
8.47,38.94,192.37,0.206,0.191,2.81,299.3,766.5,18.4,155.1,0.432,35.8,47.8,12.5,0.446,208.4,0.092,0
13.65,58.83,244.1,0.16,0.151,0.69,67.1,2139.9,30.2,322.6,0.502,20.2,57.2,10.8,0.52,1189.6,0.896,0
3.93,27.98,183.5,0.196,0.153,2.27,249.6,980.3,36.9,79.9,0.259,22.7,43.6,37.4,0.203,764.5,0.677,0
5.62,20.76,86.58,0.114,0.088,2.71,257.5,578.4,37.6,68.5,0.177,33.7,55.2,44.0,0.179,887.8,0.928,0
125.22,363.06,1236.23,0.44,0.379,3.59,161.4,386.3,13.3,225.5,0.609,19.7,95.0,6.4,0.661,110.4,0.071,1
127.65,376.64,1409.94,0.377,0.343,6.2,406.9,451.1,13.3,165.5,0.744,21.8,88.3,30.8,0.762,1028.9,0.459,1
122.92,423.95,1071.74,0.486,0.393,3.82,262.2,1310.7,18.5,150.3,0.347,22.6,80.8,27.2,0.383,68.0,0.513,1
2.81,40.73,122.01,0.254,0.202,1.65,142.4,144.6,1.2,225.6,0.352,31.0,45.9,11.8,0.438,2417.4,0.417,0
58.99,237.25,817.92,0.488,0.417,3.75,438.4,198.2,3.9,131.5,0.663,33.0,79.1,16.8,0.701,306.3,0.318,1
1.85,28.25,151.05,0.174,0.147,1.26,128.0,1134.3,26.2,344.9,0.213,31.6,66.9,9.4,0.291,2241.1,0.105,0
168.41,358.37,1048.14,0.49,0.414,6.6,396.9,1755.1,27.3,324.5,0.325,28.2,77.5,30.2,0.374,328.6,0.228,1
69.54,165.93,768.92,0.452,0.376,3.98,190.3,1725.9,31.6,111.6,0.281,37.9,89.1,39.4,0.323,241.3,0.602,1
12.03,50.79,159.63,0.197,0.176,2.48,277.0,2249.8,44.8,69.2,0.182,32.0,70.8,36.3,0.152,1645.3,0.137,0
6.94,35.52,193.26,0.339,0.296,2.93,253.2,1270.4,37.3,64.0,0.453,23.5,71.6,12.4,0.571,4523.7,0.264,0
9.56,45.93,164.32,0.213,0.181,1.07,55.3,552.8,40.1,280.4,0.508,35.2,45.6,6.2,0.575,613.9,0.162,0
178.14,456.01,957.66,0.37,0.331,6.92,740.2,2003.2,21.2,217.7,0.671,28.8,91.4,25.6,0.762,119.3,0.627,1
94.91,300.35,961.55,0.406,0.326,4.86,440.0,377.3,12.5,194.8,0.521,34.6,95.1,28.0,0.622,13.1,0.768,1
98.84,344.51,1188.81,0.463,0.43,4.87,541.2,1687.3,31.9,236.2,0.133,18.1,88.0,13.7,0.099,8.7,0.396,1
25.82,101.21,455.57,0.34,0.281,2.19,221.0,1750.1,16.3,265.8,0.132,33.2,71.2,9.9,0.187,1479.6,0.709,0
6.35,38.29,145.05,0.269,0.219,1.62,132.6,491.4,7.1,81.4,0.138,30.1,42.7,40.4,0.13,7552.4,0.327,0
164.44,575.1,1581.78,0.44,0.378,4.65,396.0,146.4,1.8,352.7,0.264,32.8,85.9,17.0,0.268,169.5,0.517,1
216.25,620.75,2222.71,0.419,0.337,8.47,693.1,477.4,14.9,127.6,0.263,32.4,86.0,25.3,0.293,120.2,0.506,1
18.94,63.45,236.76,0.156,0.126,2.82,125.3,1985.9,38.3,28.2,0.604,20.9,66.4,23.8,0.64,443.9,0.627,0
13.06,45.04,180.68,0.177,0.136,1.48,170.3,2087.8,29.6,300.5,0.132,34.3,56.0,42.9,0.114,176.1,0.871,0
62.66,161.58,746.29,0.503,0.443,3.59,427.2,662.3,38.5,191.2,0.497,18.4,94.9,20.7,0.513,83.2,0.399,1
15.54,56.5,231.03,0.271,0.252,2.75,176.7,1304.1,30.6,6.5,0.488,27.1,63.0,41.5,0.528,1274.9,0.797,0
22.69,88.44,275.95,0.172,0.152,1.77,186.8,150.4,8.2,218.9,0.433,23.1,66.5,18.8,0.41,7913.5,0.097,0
0.55,33.05,174.83,0.101,0.087,2.0,240.1,492.8,3.0,223.2,0.115,29.7,40.5,41.5,0.089,661.3,0.744,0
136.79,321.64,1334.0,0.396,0.353,3.54,146.9,1421.4,18.6,243.1,0.636,32.8,77.9,5.1,0.721,2.6,0.154,1
77.25,224.44,926.83,0.501,0.473,7.93,521.4,589.6,16.5,214.5,0.346,36.3,82.5,13.8,0.33,639.2,0.64,1
67.33,216.95,766.03,0.486,0.397,8.07,690.8,136.8,13.0,96.1,0.391,19.7,93.2,20.4,0.45,16.0,0.447,1
90.79,338.02,1183.8,0.36,0.301,7.22,516.8,2224.8,24.2,359.6,0.536,29.6,96.1,39.6,0.673,217.4,0.605,1
205.55,393.46,1612.51,0.495,0.4,8.2,962.6,588.7,44.0,168.3,0.531,25.1,93.4,38.6,0.668,488.3,0.674,1
37.0,101.89,464.12,0.204,0.153,0.62,34.3,1943.9,41.5,139.7,0.28,23.1,74.8,16.7,0.223,122.6,0.867,0
81.96,318.6,1126.18,0.536,0.439,6.73,480.6,1061.8,27.9,1.4,0.107,19.6,89.6,25.3,0.13,931.0,0.31,1
5.63,49.36,241.3,0.32,0.245,1.56,153.5,1767.4,15.5,204.8,0.624,22.6,71.2,26.8,0.634,720.1,0.296,0
189.23,470.78,1151.92,0.507,0.468,8.37,868.2,897.2,17.8,175.7,0.592,27.2,92.4,44.4,0.593,322.6,0.77,1
18.53,62.54,142.89,0.217,0.193,2.75,132.1,1510.7,21.5,340.9,0.517,18.1,49.8,18.8,0.57,181.3,0.913,0
23.63,105.24,500.73,0.169,0.137,1.33,76.6,1644.9,26.8,115.0,0.708,29.7,74.2,43.2,0.831,720.7,0.338,0
12.61,55.93,281.08,0.227,0.185,1.94,98.3,317.8,7.9,244.6,0.233,20.1,67.4,25.2,0.304,2515.8,0.263,0
6.99,25.25,171.18,0.288,0.249,0.52,42.0,2210.9,40.6,226.9,0.167,29.5,57.2,31.2,0.104,1320.6,0.295,0
10.89,63.52,259.73,0.103,0.093,1.78,147.3,888.7,45.0,284.5,0.749,25.5,55.5,32.0,0.839,5369.5,0.921,0
2.33,10.85,101.45,0.253,0.226,2.53,249.9,1970.3,30.9,286.3,0.664,33.5,42.9,28.5,0.716,3560.8,0.937,0
155.66,462.05,1398.83,0.439,0.332,3.54,389.0,1385.5,43.4,1.3,0.127,26.8,93.7,30.2,0.059,88.9,0.51,1
25.05,92.86,417.15,0.304,0.276,2.2,112.0,465.9,5.4,312.6,0.315,36.9,48.7,40.9,0.38,2838.7,0.811,0
181.23,459.38,1328.08,0.493,0.456,5.63,463.7,894.6,29.3,42.5,0.437,24.5,91.3,21.7,0.406,258.5,0.806,1
70.77,184.93,815.83,0.499,0.384,3.81,298.5,222.3,11.4,19.0,0.508,28.9,78.4,31.7,0.558,423.4,0.559,1
181.42,503.52,1929.26,0.516,0.466,3.71,414.4,685.9,42.5,290.6,0.371,32.6,82.8,15.0,0.45,149.2,0.842,1
60.6,207.65,764.72,0.517,0.414,5.51,453.0,525.7,41.8,30.5,0.157,22.4,80.2,33.9,0.178,1246.6,0.722,1
72.99,170.95,798.83,0.506,0.397,6.74,393.8,691.8,41.4,16.2,0.407,18.3,77.8,44.6,0.44,45.7,0.781,1
24.46,83.62,393.08,0.291,0.25,1.72,196.0,2009.7,43.9,87.2,0.455,33.7,44.3,37.4,0.526,4453.7,0.778,0
6.71,45.29,258.15,0.347,0.298,2.68,307.3,209.3,5.3,188.6,0.305,23.9,45.7,9.0,0.355,1673.0,0.738,0
25.39,79.64,229.46,0.337,0.284,1.01,50.6,1583.7,15.2,313.3,0.203,21.2,59.8,30.8,0.269,699.3,0.211,0
131.5,465.67,2076.28,0.499,0.464,3.59,389.0,890.7,36.5,330.5,0.437,29.9,86.1,21.1,0.491,5.8,0.545,1
130.18,400.76,1082.79,0.362,0.289,4.81,514.8,1214.6,27.5,163.2,0.281,25.5,88.2,20.8,0.353,233.4,0.671,1
24.23,90.9,315.4,0.268,0.233,2.95,257.3,539.9,43.3,212.6,0.255,23.3,57.7,20.8,0.323,1028.3,0.594,0
13.93,71.09,382.11,0.317,0.264,1.03,80.5,2384.3,38.5,332.6,0.57,32.1,53.9,32.6,0.675,4271.9,0.673,0
190.18,595.5,1585.46,0.386,0.357,4.82,264.1,1662.5,39.1,278.6,0.464,37.4,92.5,7.1,0.411,142.3,0.286,1
4.51,24.11,103.95,0.291,0.226,2.04,116.1,512.7,18.3,223.9,0.583,28.5,68.6,20.7,0.612,904.9,0.09,0
147.37,511.01,1666.67,0.515,0.395,3.59,218.9,1231.2,28.9,88.2,0.391,33.5,80.5,8.0,0.476,70.7,0.71,1
75.36,167.28,645.31,0.386,0.366,7.63,354.2,396.8,13.8,169.4,0.15,34.8,91.8,41.5,0.193,255.3,0.932,1
60.24,175.01,835.86,0.457,0.396,7.89,765.0,2274.7,29.8,309.3,0.42,27.7,80.1,7.3,0.471,196.7,0.532,1
112.84,346.39,1447.07,0.351,0.327,5.33,234.3,1182.6,38.9,111.9,0.487,28.1,89.4,10.4,0.565,1022.6,0.071,1
166.42,369.03,1044.73,0.508,0.422,7.01,334.1,194.1,10.4,52.3,0.605,32.4,91.1,19.1,0.707,99.9,0.65,1
10.25,27.28,87.72,0.226,0.196,1.67,88.9,385.6,1.7,55.6,0.479,36.5,52.4,30.1,0.522,2140.6,0.662,0
93.42,215.6,994.38,0.427,0.38,7.94,755.6,1249.7,40.7,278.1,0.617,34.3,81.1,25.9,0.603,358.7,0.705,1
143.02,356.86,1283.39,0.456,0.432,8.03,395.9,499.5,6.7,59.4,0.433,33.6,88.4,24.8,0.581,357.3,0.057,1
7.42,46.64,167.34,0.35,0.27,2.35,127.4,1780.6,35.0,16.2,0.498,33.5,61.4,5.8,0.535,969.2,0.419,0
5.15,23.21,121.38,0.149,0.116,2.51,288.3,1070.4,16.9,307.5,0.115,27.4,73.3,31.3,0.135,245.1,0.236,0
35.19,80.45,253.51,0.159,0.136,0.59,36.8,1415.3,36.6,336.2,0.66,35.2,64.8,19.9,0.623,167.0,0.281,0
22.55,67.49,227.32,0.183,0.14,1.7,162.5,1549.2,18.2,355.1,0.208,25.2,53.5,33.5,0.262,1260.8,0.267,0
117.3,410.44,1537.52,0.497,0.445,5.87,673.3,2370.6,26.9,131.6,0.58,30.2,97.8,21.9,0.596,470.5,0.186,1
147.53,344.2,1081.94,0.529,0.501,3.89,168.6,2334.6,40.2,327.4,0.389,20.7,77.8,38.3,0.409,684.2,0.116,1
5.31,43.52,151.65,0.144,0.131,1.41,109.4,945.9,15.9,55.5,0.68,31.0,54.6,13.1,0.74,5088.0,0.265,0
13.22,59.56,284.41,0.254,0.204,1.21,100.4,2240.6,34.0,357.4,0.298,33.0,52.3,32.4,0.395,1615.1,0.074,0
77.93,261.64,1120.13,0.422,0.384,5.3,534.6,2485.0,31.6,6.1,0.732,26.2,93.5,41.3,0.897,112.8,0.62,1
10.24,54.68,211.65,0.299,0.262,0.84,98.7,2200.8,26.3,124.7,0.578,28.3,68.0,10.0,0.653,2858.4,0.187,0
8.96,35.5,173.45,0.25,0.194,2.71,117.1,136.6,4.7,268.1,0.499,18.3,60.6,42.8,0.58,3646.5,0.274,0
70.65,210.78,803.63,0.5,0.432,7.6,535.4,824.6,20.0,216.7,0.712,36.1,80.0,22.2,0.798,27.0,0.141,1
84.62,274.96,1071.43,0.386,0.358,4.34,323.6,283.1,2.5,143.9,0.451,34.3,95.4,21.5,0.473,64.2,0.555,1
46.68,137.62,605.76,0.328,0.265,2.62,307.1,1713.1,18.3,28.0,0.336,32.7,58.0,9.8,0.287,2015.7,0.57,0
8.61,61.9,202.72,0.349,0.308,2.3,231.9,880.4,44.0,342.7,0.552,19.4,61.7,40.7,0.677,2486.7,0.886,0
5.43,32.54,92.35,0.255,0.193,1.71,196.8,479.5,5.3,307.4,0.259,22.4,64.8,31.2,0.303,770.0,0.553,0
107.24,288.35,1142.64,0.455,0.417,8.34,424.1,526.0,36.6,27.2,0.44,37.8,85.4,39.5,0.498,94.5,0.293,1
294.57,819.8,1936.61,0.362,0.287,7.93,332.9,944.1,31.7,270.9,0.681,27.2,79.8,33.4,0.81,205.4,0.318,1
20.82,85.73,345.63,0.126,0.11,2.92,343.1,1492.9,26.2,60.0,0.386,35.5,70.3,23.2,0.371,3297.8,0.083,0
114.71,266.61,749.5,0.351,0.3,8.25,548.2,1705.6,42.4,346.9,0.376,31.6,84.8,23.4,0.372,202.9,0.743,1
146.44,416.09,1240.73,0.525,0.451,4.02,371.7,64.1,11.1,23.9,0.319,34.2,78.3,39.0,0.357,152.7,0.633,1
48.49,163.56,572.82,0.162,0.13,1.55,81.4,2453.2,38.0,66.1,0.527,30.2,51.6,24.0,0.612,2042.2,0.266,0
16.03,84.49,411.52,0.182,0.157,1.98,166.7,111.5,3.5,278.2,0.273,21.8,65.3,11.1,0.327,18.5,0.31,0
169.16,566.68,2170.01,0.423,0.368,7.35,847.3,2450.6,40.1,6.1,0.625,28.3,95.3,19.3,0.732,27.4,0.291,1
35.61,94.87,296.73,0.153,0.128,2.29,220.8,679.5,41.8,315.5,0.511,34.8,64.4,37.8,0.623,2668.4,0.838,0
6.59,39.48,204.0,0.23,0.202,1.81,137.6,2231.8,28.7,94.0,0.723,36.2,47.3,6.0,0.765,2900.2,0.833,0
237.94,490.44,1654.46,0.396,0.312,7.73,879.3,2201.6,35.3,310.0,0.7,32.1,79.4,25.2,0.905,496.7,0.662,1
71.53,161.59,443.31,0.458,0.391,8.43,422.2,1215.4,32.3,169.8,0.307,31.4,93.6,18.4,0.305,942.2,0.944,1
193.97,443.67,1516.09,0.379,0.339,6.97,540.6,1880.3,32.8,20.5,0.635,30.6,88.5,20.7,0.718,27.9,0.922,1
141.59,336.23,894.31,0.427,0.351,8.38,718.9,1664.8,15.7,194.4,0.134,29.3,97.0,16.0,0.147,479.8,0.899,1
132.57,309.83,941.5,0.546,0.455,7.66,314.9,2056.6,43.9,259.8,0.311,35.8,89.9,34.7,0.334,99.9,0.298,1
3.12,21.79,140.43,0.173,0.136,2.54,105.1,1394.6,19.9,192.7,0.602,33.4,71.0,42.8,0.763,167.0,0.763,0
74.58,193.31,762.51,0.49,0.428,4.05,362.2,848.1,27.4,324.2,0.148,32.4,81.7,19.1,0.235,1476.1,0.914,1
28.29,82.04,305.32,0.288,0.223,2.58,238.0,1049.6,36.0,271.1,0.488,26.2,70.4,23.3,0.548,1435.1,0.79,0
24.44,59.85,217.98,0.248,0.211,1.21,143.3,357.0,10.7,44.6,0.593,27.2,57.4,32.9,0.662,604.3,0.893,0
140.69,445.04,1245.24,0.519,0.411,7.56,490.4,724.5,18.5,16.6,0.56,26.7,81.7,23.7,0.508,605.2,0.615,1
143.59,340.26,1581.49,0.374,0.295,7.09,478.2,2418.8,41.9,130.2,0.604,38.0,76.4,26.7,0.633,442.9,0.185,1
17.05,72.23,259.0,0.22,0.169,1.97,172.3,1078.9,32.4,253.5,0.207,36.4,68.7,27.4,0.217,139.0,0.829,0
120.27,248.14,931.96,0.393,0.323,8.2,815.2,1786.6,19.0,308.5,0.306,20.1,86.5,30.6,0.315,255.6,0.07,1
18.65,83.2,302.37,0.304,0.281,0.55,44.9,783.9,41.2,309.8,0.593,27.4,48.4,22.0,0.666,918.2,0.943,0
11.05,55.28,159.05,0.153,0.133,1.92,172.1,1801.6,20.7,24.5,0.482,23.3,70.1,10.9,0.517,209.1,0.66,0
45.72,108.28,526.17,0.206,0.187,1.0,56.7,1197.3,34.7,289.9,0.157,24.0,59.5,20.6,0.187,5583.0,0.201,0
89.47,266.33,661.7,0.382,0.295,6.22,605.2,1974.2,40.7,103.6,0.7,18.3,82.5,39.5,0.775,10.3,0.775,1
158.6,501.82,1873.6,0.367,0.298,4.19,302.7,1004.1,33.6,330.6,0.211,20.6,76.3,16.8,0.265,866.0,0.17,1
7.47,28.58,185.53,0.186,0.154,2.57,221.5,2411.4,15.2,178.7,0.485,29.8,42.5,27.9,0.548,179.2,0.171,0
139.7,484.83,1912.09,0.482,0.444,6.12,567.6,468.7,14.5,54.5,0.235,31.2,96.2,8.3,0.347,364.6,0.896,1
7.62,45.36,239.19,0.173,0.153,1.26,51.0,1268.6,32.0,357.4,0.631,37.1,40.6,33.3,0.692,163.8,0.672,0
181.57,364.23,1441.9,0.473,0.401,5.67,488.4,419.1,10.8,73.6,0.478,34.5,78.5,20.7,0.587,556.7,0.225,1
12.63,56.32,256.26,0.102,0.083,2.57,296.1,665.3,24.2,98.5,0.367,23.0,50.0,12.2,0.343,1206.4,0.662,0
21.5,94.28,477.08,0.349,0.314,0.55,26.1,1303.0,33.8,190.3,0.578,28.7,55.8,36.4,0.601,1096.7,0.298,0
95.33,351.26,1559.48,0.488,0.453,6.99,340.2,446.3,1.2,9.5,0.328,21.9,93.6,44.3,0.295,352.8,0.31,1
6.84,54.02,206.35,0.308,0.264,1.97,110.2,279.6,4.5,297.5,0.101,27.3,44.5,16.4,0.206,189.0,0.455,0
39.38,100.2,341.51,0.306,0.232,2.36,113.3,2119.9,24.8,162.7,0.158,33.4,64.3,8.8,0.177,2930.7,0.492,0
142.78,344.28,1164.14,0.383,0.308,6.37,689.9,920.2,16.4,126.4,0.139,33.2,89.6,12.9,0.07,14.5,0.701,1
65.42,212.66,627.74,0.412,0.37,3.86,427.0,1781.6,22.9,158.4,0.243,33.4,78.8,35.0,0.217,176.4,0.763,1
2.87,47.29,175.34,0.309,0.256,1.34,104.1,1204.0,40.1,348.9,0.692,22.1,62.1,15.4,0.781,828.0,0.422,0
13.84,55.93,169.17,0.272,0.238,2.15,222.1,1867.9,22.8,177.3,0.222,26.5,54.0,12.6,0.221,829.2,0.212,0
9.41,43.7,232.47,0.192,0.165,1.58,101.4,662.0,29.2,271.0,0.48,32.1,57.8,36.0,0.494,201.9,0.19,0
122.76,268.58,960.38,0.529,0.493,8.38,672.6,256.5,13.5,5.5,0.611,20.1,92.1,20.0,0.607,181.2,0.837,1
8.99,60.35,280.92,0.186,0.151,2.83,234.6,1310.9,23.6,272.0,0.58,24.7,65.9,23.2,0.699,152.9,0.779,0
42.52,152.0,639.5,0.386,0.324,5.93,382.6,1590.7,31.3,34.1,0.313,30.2,83.2,43.6,0.416,88.3,0.739,1
166.69,464.6,1369.58,0.4,0.305,7.04,612.5,2372.9,43.7,285.7,0.409,28.3,90.0,29.8,0.506,100.4,0.75,1
20.22,74.92,218.04,0.275,0.251,2.36,253.1,1935.3,20.5,330.6,0.149,19.5,53.4,16.1,0.237,722.3,0.487,0
39.57,149.92,551.83,0.107,0.087,2.27,262.0,2187.5,41.8,84.2,0.164,32.3,47.3,13.0,0.195,1760.6,0.701,0
11.89,39.83,217.54,0.311,0.279,2.94,189.0,1827.5,31.8,99.8,0.26,25.5,42.7,24.6,0.271,793.9,0.76,0
38.04,103.11,497.37,0.176,0.132,2.69,307.2,2487.1,38.4,290.9,0.197,36.7,66.2,36.6,0.116,2461.4,0.792,0
48.18,108.85,469.13,0.351,0.324,6.87,619.3,1854.3,33.0,282.5,0.144,23.5,97.2,11.4,0.117,43.4,0.112,1
13.74,54.8,247.39,0.3,0.284,0.7,61.4,1636.7,24.2,285.5,0.269,37.6,55.6,26.0,0.293,3384.1,0.393,0
18.21,49.32,229.96,0.304,0.256,1.39,69.1,798.7,32.2,290.9,0.448,35.6,48.4,31.9,0.519,385.7,0.748,0
115.34,237.01,645.02,0.514,0.435,8.19,793.3,624.9,27.8,124.3,0.237,32.8,96.1,9.3,0.246,848.0,0.354,1
17.48,75.23,270.55,0.238,0.208,1.78,114.9,704.9,32.8,342.1,0.283,22.4,47.4,34.4,0.308,1191.4,0.22,0
91.95,177.89,690.18,0.431,0.407,7.27,538.9,77.4,5.2,323.4,0.635,31.4,89.7,39.0,0.641,120.2,0.559,1
24.32,70.64,251.0,0.272,0.235,2.18,111.9,593.4,35.3,46.0,0.588,21.1,65.3,33.0,0.722,1512.8,0.144,0
195.44,536.7,2175.19,0.484,0.37,8.17,477.5,720.7,36.8,15.2,0.12,30.0,96.7,10.5,0.132,449.6,0.64,1
108.61,292.63,894.21,0.514,0.443,3.95,354.4,223.1,1.7,330.5,0.152,31.9,80.1,15.3,0.147,16.4,0.12,1
144.73,415.27,1026.77,0.442,0.369,7.01,624.7,38.9,12.5,77.3,0.703,24.6,93.2,12.6,0.706,8.0,0.189,1
152.8,457.54,1858.36,0.439,0.396,6.65,509.8,1261.9,35.6,266.8,0.335,37.9,97.0,40.5,0.445,277.9,0.743,1
4.86,34.81,174.29,0.167,0.135,1.02,92.6,460.9,14.1,238.4,0.115,19.7,46.2,31.1,0.027,7507.1,0.114,0
18.01,80.35,253.68,0.164,0.154,2.49,272.0,589.1,43.2,261.0,0.354,30.0,73.0,25.9,0.403,616.7,0.554,0
117.48,370.74,1713.55,0.507,0.461,7.37,313.6,2452.4,17.1,222.4,0.597,32.4,94.4,25.7,0.626,42.9,0.285,1
87.19,218.5,708.91,0.361,0.294,5.08,286.7,379.5,2.2,103.1,0.687,20.9,84.6,35.6,0.753,462.8,0.563,1
29.0,85.66,370.83,0.115,0.094,2.41,153.4,134.3,5.2,213.8,0.555,36.0,43.3,21.7,0.607,1693.5,0.216,0
10.07,29.27,168.68,0.134,0.114,2.91,251.0,2064.6,28.3,191.5,0.277,29.3,71.3,14.4,0.33,1612.2,0.819,0
6.27,31.0,120.12,0.332,0.255,1.15,107.0,683.9,29.3,110.3,0.741,37.3,46.3,30.3,0.817,48.1,0.255,0
7.17,26.83,159.67,0.131,0.117,1.38,116.3,1266.6,38.3,125.3,0.199,27.2,53.4,39.8,0.236,1448.3,0.333,0
29.65,76.97,367.83,0.13,0.114,1.23,118.2,2085.5,36.7,233.0,0.34,36.9,57.7,23.9,0.356,902.4,0.937,0
60.81,181.77,453.67,0.362,0.295,7.62,576.8,1271.8,27.4,300.9,0.331,29.4,93.2,19.4,0.351,530.5,0.058,1
19.49,68.13,308.4,0.178,0.156,2.31,239.7,2233.4,21.4,214.0,0.42,22.4,62.3,5.6,0.505,1598.7,0.62,0
18.2,58.6,317.1,0.32,0.247,1.7,77.6,1662.8,16.9,157.5,0.175,26.8,48.0,44.7,0.207,1734.7,0.454,0
97.97,351.92,1420.05,0.49,0.461,5.48,491.3,1544.8,36.7,44.1,0.499,26.9,75.1,18.9,0.595,747.3,0.392,1
74.32,219.03,903.11,0.495,0.378,4.31,187.5,1893.9,35.9,6.5,0.515,35.7,87.8,40.0,0.527,364.0,0.08,1
77.92,292.38,772.34,0.409,0.333,6.99,408.9,555.0,23.5,31.6,0.395,28.5,76.0,26.3,0.429,413.7,0.937,1
87.87,268.51,699.93,0.511,0.483,8.02,360.4,437.9,5.7,24.5,0.164,34.3,75.0,6.7,0.146,819.5,0.498,1
9.82,46.16,210.89,0.29,0.241,1.77,154.9,2102.5,34.5,59.3,0.595,34.4,70.1,19.2,0.649,5361.7,0.841,0
87.8,333.62,1182.47,0.424,0.393,3.7,210.5,2251.3,35.0,325.4,0.703,28.1,88.4,14.7,0.727,58.5,0.217,1
146.37,513.01,2286.91,0.517,0.403,4.12,195.2,409.7,10.7,54.3,0.329,20.0,90.9,21.0,0.326,580.0,0.651,1
30.9,114.62,439.1,0.126,0.096,2.1,213.8,1332.5,34.4,69.6,0.254,34.1,59.3,21.4,0.318,1141.4,0.747,0
260.41,602.23,1743.82,0.468,0.361,6.0,240.1,431.9,13.2,220.6,0.72,36.8,84.4,30.4,0.743,279.8,0.507,1
130.42,306.18,813.49,0.424,0.4,4.95,415.7,85.6,9.6,194.0,0.19,37.5,95.3,30.3,0.22,526.7,0.581,1
19.6,76.24,187.23,0.313,0.24,2.54,288.8,1255.5,27.7,301.1,0.412,23.2,74.4,33.9,0.515,245.9,0.611,0
81.74,168.5,409.7,0.228,0.201,2.18,224.3,1507.4,20.8,82.7,0.551,20.9,54.8,40.1,0.561,72.0,0.139,0
17.07,78.05,281.87,0.33,0.277,2.6,229.6,1178.1,37.6,174.0,0.128,20.9,56.9,26.9,0.185,825.9,0.695,0
15.92,64.86,202.43,0.246,0.227,0.76,36.5,1956.0,41.4,39.3,0.627,31.7,59.5,16.2,0.65,644.0,0.305,0
15.15,38.38,227.75,0.226,0.183,2.57,265.1,585.1,30.7,211.4,0.535,36.8,71.1,41.8,0.576,136.5,0.928,0
75.9,226.65,814.01,0.483,0.365,6.77,452.3,2301.9,42.7,216.8,0.585,19.7,87.7,38.5,0.694,89.7,0.45,1
11.56,76.15,362.8,0.296,0.266,2.44,127.4,1412.3,31.7,305.2,0.236,27.2,66.5,21.2,0.206,2240.4,0.364,0
70.43,178.83,582.44,0.443,0.385,5.8,690.4,1335.7,21.5,118.9,0.275,32.3,76.8,22.0,0.434,10.8,0.313,1
53.52,153.46,621.36,0.367,0.307,3.98,188.2,1136.8,27.8,107.2,0.747,34.2,96.5,22.9,0.817,93.4,0.612,1
164.47,561.17,1917.44,0.503,0.409,7.64,744.6,545.6,27.6,342.8,0.334,27.1,96.6,21.1,0.477,278.0,0.32,1
151.44,415.2,1921.59,0.482,0.448,4.82,329.2,715.2,20.2,162.0,0.116,18.1,84.1,42.5,0.212,437.0,0.405,1
10.65,55.67,278.07,0.111,0.086,1.78,190.6,1386.2,35.6,104.1,0.33,20.6,74.8,13.2,0.38,1106.7,0.11,0
10.38,64.2,289.18,0.104,0.081,1.09,91.4,1857.3,40.3,218.2,0.347,19.6,46.4,32.1,0.314,3137.9,0.441,0
161.84,373.61,1385.41,0.524,0.395,4.64,516.1,360.6,4.7,51.5,0.675,28.7,95.2,11.6,0.777,740.2,0.741,1
58.87,221.38,631.23,0.359,0.274,8.34,703.5,1311.3,38.0,139.0,0.281,32.3,97.1,6.3,0.257,8.4,0.369,1
376.54,1037.89,4021.62,0.536,0.494,7.9,520.6,85.1,4.7,165.2,0.616,32.9,81.5,8.5,0.678,39.4,0.861,1
4.67,27.12,152.18,0.172,0.157,1.48,172.6,466.4,14.7,318.0,0.171,24.6,49.6,6.5,0.187,95.4,0.819,0
173.38,542.3,1345.26,0.522,0.402,7.38,564.6,2011.1,37.2,261.6,0.432,22.5,86.4,37.5,0.47,1013.2,0.83,1
22.05,95.94,411.13,0.113,0.103,2.46,265.4,698.0,27.0,140.8,0.365,27.8,45.6,44.7,0.394,2030.3,0.377,0
123.84,277.94,921.28,0.362,0.318,4.29,459.8,714.4,15.2,167.5,0.312,27.9,88.5,42.8,0.315,78.5,0.821,1
52.83,200.33,871.66,0.506,0.419,4.41,375.0,1332.2,39.4,339.2,0.605,35.4,79.9,5.8,0.628,167.1,0.17,1
60.38,134.0,326.34,0.246,0.188,2.69,215.2,934.4,21.7,301.3,0.491,35.2,63.6,37.5,0.514,5860.2,0.917,0
146.89,449.33,1135.54,0.359,0.312,5.92,376.8,2104.8,40.7,42.3,0.718,21.3,96.2,18.4,0.843,99.0,0.666,1
16.02,75.01,184.93,0.344,0.316,1.34,114.1,1140.4,22.6,129.2,0.334,19.4,58.0,8.4,0.301,882.4,0.655,0
17.68,57.31,196.49,0.272,0.227,1.81,155.3,2141.4,22.6,166.7,0.179,26.9,51.5,21.0,0.164,125.8,0.111,0
172.21,570.8,2193.85,0.384,0.32,6.94,411.2,32.2,13.9,72.7,0.254,29.7,89.2,25.8,0.379,227.3,0.923,1
108.05,343.97,834.1,0.375,0.343,6.48,676.0,2023.1,25.5,46.4,0.544,36.7,79.4,23.3,0.588,410.5,0.612,1
123.0,410.03,1534.92,0.462,0.366,4.89,327.8,82.3,9.8,114.3,0.527,35.6,75.9,9.3,0.614,114.0,0.267,1
59.2,143.56,629.42,0.362,0.284,3.91,392.6,2175.1,25.7,238.2,0.51,34.2,78.9,42.6,0.521,139.8,0.419,1
14.37,77.78,231.71,0.113,0.101,1.03,122.2,2379.6,31.2,345.2,0.567,37.0,63.8,41.6,0.561,3231.4,0.776,0
126.06,337.24,715.17,0.54,0.476,5.05,603.6,2216.9,38.1,351.1,0.169,32.1,86.3,32.9,0.207,82.9,0.822,1
202.69,570.39,2592.49,0.499,0.465,4.74,516.5,2228.3,42.6,315.3,0.287,21.2,81.7,16.1,0.298,311.6,0.076,1
3.93,42.81,219.12,0.179,0.146,0.67,72.5,1388.1,34.6,255.9,0.473,35.7,52.7,31.5,0.575,745.9,0.296,0
159.07,341.6,867.7,0.392,0.31,5.71,596.5,2367.5,26.4,27.0,0.383,32.0,86.0,11.9,0.392,259.4,0.395,1
5.67,33.48,151.36,0.302,0.252,1.76,168.1,310.1,14.4,5.7,0.43,33.4,49.4,17.7,0.473,181.0,0.217,0
64.32,252.61,1196.99,0.439,0.363,7.33,401.2,288.9,3.4,8.6,0.238,29.0,76.8,42.6,0.336,643.9,0.834,1
7.98,47.66,166.63,0.18,0.169,2.01,97.6,696.8,32.0,36.0,0.496,34.4,60.4,6.0,0.585,567.3,0.167,0
32.07,119.28,540.9,0.328,0.306,1.03,88.7,1370.3,40.3,166.9,0.318,20.0,58.5,17.7,0.348,1756.1,0.202,0
13.03,47.55,180.91,0.152,0.127,2.16,203.2,428.5,1.8,6.7,0.62,32.0,64.9,24.3,0.697,2420.9,0.793,0
90.32,262.0,849.69,0.524,0.436,3.68,265.4,2197.3,22.8,127.9,0.482,26.7,79.9,38.5,0.572,294.4,0.751,1
8.11,57.02,296.87,0.206,0.173,1.31,151.3,658.7,15.6,342.7,0.748,21.9,57.0,40.2,0.815,2209.0,0.528,0
31.96,92.01,250.39,0.33,0.295,1.14,68.4,2287.6,30.8,202.0,0.485,26.0,64.9,32.0,0.45,366.6,0.595,0
95.32,267.64,770.82,0.45,0.387,8.24,495.3,722.5,16.7,218.1,0.135,35.2,86.3,19.4,0.065,717.3,0.503,1
248.27,485.33,1592.94,0.379,0.306,4.37,479.0,354.9,7.3,176.6,0.242,22.6,89.6,44.2,0.267,211.3,0.779,1
5.99,50.15,217.89,0.33,0.299,2.07,167.2,1859.9,23.5,353.4,0.264,30.8,64.4,6.0,0.278,10.5,0.372,0
13.41,71.69,208.74,0.258,0.24,2.64,113.1,137.2,10.8,60.1,0.116,33.2,58.5,43.5,0.178,3462.5,0.904,0
15.41,55.92,207.49,0.219,0.196,2.29,127.6,1948.8,31.0,351.2,0.697,24.6,51.5,42.9,0.834,3487.8,0.766,0
11.86,46.01,175.7,0.233,0.184,1.3,111.1,2337.0,29.4,168.1,0.507,23.3,60.5,20.8,0.589,1868.4,0.211,0
188.67,630.79,1352.51,0.441,0.401,6.29,415.7,585.5,21.9,333.1,0.628,31.8,87.9,12.8,0.724,123.0,0.283,1
106.47,273.33,867.86,0.496,0.47,5.27,417.2,2035.7,42.8,230.6,0.481,19.8,81.8,37.0,0.608,227.1,0.523,1
118.51,311.87,1412.2,0.389,0.345,7.6,786.8,2296.4,43.6,72.9,0.657,29.1,79.5,32.1,0.628,91.4,0.351,1
11.54,55.45,169.74,0.168,0.134,1.55,123.3,815.2,37.6,286.6,0.508,35.6,46.7,30.6,0.484,1795.7,0.609,0
121.73,272.55,997.3,0.425,0.32,5.76,444.5,1949.9,24.2,47.9,0.154,30.1,95.0,37.6,0.114,322.0,0.736,1
100.75,261.64,762.19,0.399,0.33,6.37,344.4,258.0,10.3,292.3,0.119,25.5,94.8,13.7,0.066,11.0,0.913,1
104.11,320.94,772.91,0.47,0.396,3.68,190.1,2165.8,36.7,12.7,0.388,33.4,77.7,12.2,0.42,152.0,0.115,1
94.99,262.41,764.89,0.457,0.426,6.54,487.8,1168.2,21.3,51.4,0.518,25.3,95.5,41.3,0.582,7.8,0.286,1
121.04,423.79,1418.85,0.449,0.393,5.22,296.4,627.0,17.4,129.3,0.65,23.0,92.1,24.0,0.729,99.7,0.228,1
96.43,292.03,834.05,0.468,0.378,6.15,442.7,1320.6,20.8,23.4,0.682,19.8,75.8,32.5,0.775,1079.1,0.289,1
16.48,45.55,216.26,0.321,0.285,1.91,163.1,650.9,41.0,294.6,0.634,35.4,55.3,16.5,0.712,2625.8,0.828,0
84.45,225.94,1043.77,0.424,0.326,5.18,253.8,1996.3,19.7,162.5,0.169,30.8,75.3,25.0,0.179,1056.8,0.808,1
139.57,469.0,1064.79,0.415,0.329,6.41,357.1,811.3,38.8,222.8,0.591,27.5,85.5,14.3,0.624,309.3,0.217,1
148.81,447.71,1735.17,0.504,0.453,6.36,690.3,192.0,3.0,36.4,0.327,30.9,81.0,29.3,0.289,19.5,0.471,1
7.94,73.34,181.81,0.234,0.189,0.74,67.3,97.3,11.9,2.5,0.657,21.2,44.8,11.3,0.719,1307.0,0.258,0
150.03,489.07,1020.97,0.406,0.307,5.57,555.0,657.6,42.0,353.3,0.636,18.5,93.9,11.0,0.728,193.6,0.176,1
184.42,389.56,973.33,0.534,0.453,6.1,482.3,1335.0,38.6,51.9,0.523,34.1,76.1,32.4,0.631,216.3,0.771,1
23.26,76.24,286.8,0.158,0.139,1.95,185.6,1591.2,31.1,298.8,0.695,36.1,58.3,21.0,0.724,969.9,0.315,0
13.91,61.98,179.43,0.32,0.291,2.55,190.3,1270.3,15.1,230.6,0.452,20.0,40.9,39.4,0.612,43.8,0.425,0
89.69,211.81,832.89,0.501,0.407,4.66,234.6,1749.5,19.1,290.0,0.257,26.5,93.2,18.8,0.327,426.2,0.253,1
167.19,478.26,1032.04,0.36,0.3,8.1,607.4,1706.0,38.5,216.9,0.524,36.1,84.2,19.5,0.611,0.8,0.366,1
92.39,321.92,1097.14,0.435,0.375,4.84,436.3,1439.6,17.9,140.1,0.224,34.2,77.7,13.7,0.258,88.7,0.327,1
34.78,119.37,457.17,0.315,0.241,2.34,141.0,1707.9,44.2,190.4,0.595,26.1,51.3,36.9,0.519,142.2,0.876,0
87.69,245.94,708.85,0.541,0.427,6.41,617.4,2155.9,44.1,192.4,0.672,19.9,89.1,42.6,0.758,35.6,0.458,1
6.17,46.04,196.89,0.125,0.103,1.97,100.0,110.3,8.8,64.2,0.533,24.5,74.2,19.8,0.574,701.9,0.409,0
9.28,42.53,198.16,0.14,0.113,0.52,30.4,2083.8,16.0,230.1,0.419,34.2,72.4,22.2,0.524,527.8,0.734,0
8.15,39.98,159.75,0.248,0.209,0.62,60.6,896.4,37.4,63.0,0.719,22.7,52.5,17.6,0.789,233.8,0.554,0
8.22,54.67,234.48,0.161,0.142,0.78,46.1,770.8,20.7,195.0,0.614,36.6,40.7,5.2,0.735,494.3,0.376,0
39.12,122.65,402.92,0.238,0.204,2.24,202.0,2159.2,37.0,242.0,0.399,25.3,47.9,36.6,0.405,839.6,0.867,0
4.34,30.78,167.84,0.24,0.217,2.05,197.8,1521.1,25.0,292.1,0.457,35.1,50.7,19.3,0.486,2187.0,0.197,0
28.85,118.23,356.38,0.247,0.216,2.79,159.0,155.9,5.9,195.6,0.566,26.5,46.9,43.0,0.605,1200.0,0.357,0
39.85,125.72,445.63,0.242,0.196,2.27,182.6,484.7,6.3,221.2,0.386,28.7,71.0,10.0,0.449,628.5,0.648,0
219.04,418.13,1007.68,0.417,0.323,8.17,942.2,2339.4,19.9,261.8,0.362,33.9,80.4,34.5,0.445,382.2,0.653,1
20.53,99.41,367.7,0.153,0.134,2.67,233.0,1037.1,44.1,130.6,0.664,24.3,53.1,41.1,0.724,627.5,0.896,0
4.23,45.67,156.98,0.23,0.182,0.61,26.1,689.3,16.3,16.9,0.335,18.2,49.2,31.1,0.412,482.8,0.419,0
145.11,407.15,887.81,0.418,0.34,8.21,456.6,502.7,43.4,106.5,0.745,21.5,94.8,28.7,0.833,225.5,0.468,1
18.04,55.45,235.52,0.169,0.153,1.13,118.9,1396.1,24.0,42.6,0.321,25.5,60.6,20.9,0.28,3291.1,0.154,0
179.67,656.85,1509.05,0.386,0.307,5.91,462.3,2420.7,35.0,273.6,0.588,37.1,81.9,22.5,0.692,95.8,0.093,1
4.69,36.96,198.38,0.151,0.13,1.18,53.6,344.2,2.2,293.0,0.431,36.5,64.3,30.5,0.407,1415.0,0.318,0
23.29,83.15,324.82,0.238,0.183,1.26,86.9,605.8,22.1,348.7,0.138,37.2,56.6,23.5,0.053,2218.2,0.061,0
92.23,284.17,1103.64,0.44,0.367,6.03,586.1,1243.9,29.3,216.6,0.619,35.7,80.7,44.5,0.652,664.5,0.265,1
88.95,212.25,911.94,0.364,0.345,3.74,372.2,546.0,15.7,171.5,0.641,33.2,84.7,23.4,0.648,117.1,0.294,1
107.45,247.22,545.77,0.497,0.468,4.64,403.8,2498.7,21.4,338.7,0.585,18.3,76.9,40.8,0.663,195.9,0.504,1
123.93,310.4,938.82,0.449,0.422,5.29,529.8,1029.3,19.2,331.0,0.699,26.8,91.9,15.5,0.796,296.3,0.248,1
137.36,335.53,749.79,0.413,0.359,7.77,574.2,1107.0,37.6,231.0,0.14,37.3,88.0,31.6,0.19,1064.5,0.555,1
5.18,41.93,128.99,0.322,0.26,2.69,210.2,555.8,35.8,278.6,0.301,20.2,71.3,43.7,0.323,676.4,0.279,0
37.88,114.86,302.71,0.177,0.145,2.51,186.5,1991.6,29.7,71.5,0.741,32.6,54.3,44.1,0.784,142.2,0.516,0
3.51,25.15,147.81,0.187,0.148,0.62,39.3,1168.3,15.1,185.4,0.428,32.8,50.8,19.4,0.44,501.7,0.585,0
3.96,33.67,183.27,0.269,0.207,1.68,154.4,1624.6,21.2,122.6,0.275,22.3,58.4,19.7,0.298,382.4,0.55,0
162.51,428.8,952.85,0.421,0.33,7.37,686.0,443.7,10.2,296.5,0.337,36.6,97.5,11.3,0.383,77.6,0.576,1
109.6,263.93,764.36,0.357,0.302,4.13,450.6,332.0,6.3,320.4,0.713,22.3,75.1,8.4,0.836,567.5,0.673,1
9.02,45.88,196.57,0.142,0.108,2.08,136.4,1406.4,32.5,144.5,0.569,36.9,67.5,15.4,0.548,334.8,0.195,0
178.85,457.19,1296.39,0.467,0.438,6.51,595.1,453.2,4.7,172.4,0.179,30.0,80.4,25.6,0.236,41.3,0.288,1
107.48,288.54,1117.18,0.414,0.357,4.48,302.0,1293.0,32.5,83.1,0.265,18.2,78.2,30.4,0.305,522.8,0.656,1
6.12,49.38,220.3,0.215,0.169,1.02,114.8,2498.0,38.7,316.1,0.17,30.2,47.3,8.5,0.291,1489.8,0.661,0
15.63,63.37,231.84,0.235,0.196,1.9,125.1,1110.0,41.2,50.0,0.66,29.1,51.7,30.1,0.738,2677.3,0.324,0
7.43,60.81,256.91,0.163,0.135,2.39,246.3,72.2,7.7,330.2,0.338,31.1,66.2,20.5,0.448,2129.3,0.528,0
0.4,4.75,27.1,0.296,0.272,2.17,231.0,1589.4,33.1,222.2,0.735,28.5,73.7,8.7,0.811,2111.0,0.394,0
73.11,253.56,857.22,0.26,0.201,0.71,48.7,654.7,31.0,88.2,0.738,29.9,50.1,5.9,0.828,130.9,0.741,0
104.94,230.08,622.25,0.434,0.362,7.5,427.7,2352.3,31.2,153.4,0.53,29.8,89.7,38.8,0.593,468.6,0.548,1
3.09,23.78,95.89,0.151,0.135,2.22,101.9,592.1,26.6,36.6,0.548,34.6,45.1,38.3,0.605,1544.9,0.461,0
22.72,72.21,310.31,0.255,0.21,1.82,205.5,2332.3,38.7,214.0,0.421,31.2,74.2,41.1,0.474,2399.0,0.761,0
120.28,380.68,1749.38,0.453,0.372,8.45,779.8,55.5,12.3,290.5,0.371,23.5,92.4,40.7,0.46,119.6,0.573,1
94.96,288.45,1120.18,0.454,0.371,7.36,777.2,2446.2,32.8,234.7,0.348,19.0,87.8,44.0,0.445,616.8,0.259,1
92.31,274.29,659.84,0.436,0.393,4.02,359.7,690.9,28.7,59.4,0.702,26.1,78.1,16.7,0.792,295.0,0.215,1
8.73,55.09,217.13,0.29,0.225,0.96,50.8,1956.3,25.3,198.8,0.36,31.1,68.2,18.6,0.439,3498.5,0.426,0
21.15,50.56,163.03,0.256,0.236,2.76,177.5,1171.1,26.0,298.0,0.727,22.5,66.2,30.5,0.776,1368.6,0.308,0
147.44,384.74,1534.53,0.393,0.3,5.64,377.9,932.5,28.0,309.8,0.609,37.5,78.8,21.2,0.726,9.3,0.098,1
23.31,92.43,232.0,0.319,0.259,0.59,43.6,2395.4,27.2,268.2,0.251,37.8,42.8,29.7,0.278,527.7,0.841,0
34.55,96.16,395.63,0.247,0.205,0.54,24.0,2355.2,36.3,131.5,0.322,27.1,55.3,15.8,0.409,2884.5,0.055,0
232.75,702.88,2442.02,0.408,0.338,8.5,795.4,1514.0,31.9,352.6,0.196,37.3,91.3,38.8,0.26,202.2,0.348,1
137.98,255.5,1036.85,0.463,0.365,6.22,383.6,2348.8,30.3,294.0,0.202,32.9,78.4,31.4,0.177,85.6,0.265,1
15.81,74.62,308.49,0.117,0.102,2.05,161.0,1973.7,20.1,302.9,0.461,31.1,69.1,27.2,0.497,1179.0,0.601,0
15.48,65.54,280.41,0.128,0.108,1.53,68.7,914.7,29.1,306.2,0.281,33.2,58.9,31.0,0.32,1254.8,0.853,0
21.58,69.15,198.35,0.185,0.159,1.03,99.0,2241.0,29.5,263.6,0.715,31.6,43.4,8.6,0.71,25.4,0.543,0
18.73,86.2,390.75,0.269,0.235,2.69,225.9,903.2,36.2,181.5,0.338,34.6,73.1,25.5,0.297,873.2,0.456,0
4.07,54.39,279.54,0.107,0.084,2.87,323.1,2366.0,28.1,160.6,0.131,18.5,61.5,40.2,0.161,2420.3,0.902,0
4.84,33.67,191.45,0.293,0.274,2.97,165.6,1294.7,30.6,274.0,0.177,36.0,68.9,27.8,0.16,40.1,0.186,0
10.56,60.52,162.54,0.151,0.138,0.6,70.4,1849.5,27.0,174.9,0.339,22.8,62.8,12.9,0.333,4514.6,0.78,0
113.9,299.39,1124.09,0.541,0.496,7.36,827.7,1596.2,44.4,324.1,0.442,28.9,85.0,7.5,0.54,413.8,0.219,1
79.75,183.72,846.06,0.481,0.412,7.19,457.5,1836.6,40.7,82.2,0.117,35.1,81.9,40.7,0.228,184.6,0.46,1
52.8,137.87,507.88,0.52,0.475,7.55,844.9,459.6,5.2,280.6,0.324,24.6,87.0,41.7,0.365,678.9,0.742,1
19.42,80.44,251.75,0.184,0.161,1.9,120.6,2224.2,40.7,86.1,0.581,37.7,55.3,42.1,0.691,1493.9,0.28,0
19.02,78.98,401.84,0.33,0.278,1.95,130.4,2057.7,25.9,168.9,0.166,21.8,60.1,35.4,0.249,69.4,0.644,0
12.78,62.85,207.7,0.159,0.144,2.15,242.9,1581.1,25.0,30.7,0.173,22.2,45.8,17.9,0.11,2572.2,0.523,0
34.7,111.87,295.48,0.112,0.098,0.59,61.2,537.5,17.9,178.6,0.305,28.1,62.5,28.8,0.354,3603.2,0.416,0
3.67,30.73,148.62,0.321,0.241,1.27,95.7,1436.8,42.2,189.8,0.166,19.5,73.4,24.1,0.25,1751.9,0.342,0
37.57,101.96,287.76,0.528,0.501,6.16,302.4,1095.8,41.3,64.9,0.348,18.3,81.2,39.0,0.437,9.5,0.893,1
68.41,183.85,456.83,0.49,0.41,7.99,615.8,54.8,5.2,117.0,0.568,31.3,96.4,29.4,0.645,541.2,0.704,1
74.03,222.97,751.2,0.355,0.307,7.19,773.2,2308.7,38.1,76.4,0.739,27.2,79.9,32.7,0.789,498.6,0.076,1
14.79,46.19,212.38,0.289,0.24,2.57,224.7,1925.2,18.2,154.8,0.129,32.2,59.2,24.3,0.198,502.4,0.323,0
86.11,220.76,1021.17,0.514,0.396,5.49,240.8,2245.1,15.8,229.6,0.476,37.1,81.0,31.8,0.529,545.0,0.241,1
18.34,76.31,315.06,0.22,0.202,2.18,158.2,1511.8,42.3,51.2,0.246,36.9,64.3,25.8,0.279,1223.9,0.424,0
5.88,38.6,180.42,0.272,0.241,1.53,146.4,837.6,31.5,142.0,0.388,33.0,66.2,40.9,0.338,1111.0,0.395,0
3.27,28.7,196.94,0.341,0.312,1.28,141.3,1104.6,22.1,196.8,0.746,26.6,68.5,14.8,0.861,2170.0,0.327,0
84.62,274.61,824.13,0.456,0.386,7.14,843.6,2074.9,17.6,287.2,0.746,27.1,85.5,27.5,0.784,342.4,0.312,1
182.38,462.43,1671.19,0.431,0.391,7.8,834.6,506.5,19.4,224.1,0.495,27.2,88.2,8.6,0.544,203.7,0.9,1
14.33,33.79,189.18,0.121,0.11,2.76,302.7,387.2,5.3,296.5,0.208,35.2,49.4,12.6,0.224,631.5,0.864,0
191.74,408.36,1462.27,0.477,0.389,4.4,251.8,260.1,1.0,25.1,0.425,34.3,77.7,20.6,0.509,242.0,0.642,1
174.75,502.82,1406.13,0.403,0.303,4.81,523.0,257.6,9.9,67.0,0.643,32.1,95.5,26.7,0.652,766.8,0.478,1
24.18,51.87,217.22,0.19,0.175,2.27,259.0,1221.6,24.2,333.2,0.473,31.1,56.8,27.6,0.5,4358.0,0.296,0
13.42,63.5,270.71,0.135,0.106,1.82,165.0,1843.2,33.0,238.5,0.566,23.6,49.2,6.2,0.61,1674.9,0.469,0
13.56,69.38,194.57,0.142,0.131,1.6,126.5,2227.1,38.7,148.2,0.601,28.5,63.0,32.7,0.6,432.3,0.172,0
158.78,426.53,1862.7,0.353,0.309,7.7,808.1,1424.1,27.0,130.6,0.396,24.8,84.4,38.0,0.505,22.6,0.293,1
12.61,72.6,325.87,0.132,0.116,0.7,62.8,1245.6,16.2,269.2,0.536,29.5,64.8,11.3,0.592,1596.2,0.764,0
166.94,473.13,1888.5,0.46,0.368,8.46,898.6,974.1,34.6,319.4,0.181,36.3,77.5,29.9,0.122,239.9,0.648,1
53.41,135.8,389.57,0.143,0.119,1.92,145.8,758.7,35.5,192.1,0.349,29.0,57.3,41.9,0.272,771.1,0.626,0
76.54,218.72,780.23,0.477,0.387,4.25,230.5,93.5,6.4,47.8,0.431,38.0,91.9,29.0,0.496,217.3,0.832,1
34.05,110.13,521.95,0.274,0.216,0.59,67.1,1829.9,15.0,312.4,0.573,28.0,72.0,10.7,0.62,611.1,0.749,0
76.15,174.44,499.38,0.379,0.34,6.59,773.9,186.3,14.8,145.0,0.401,21.4,94.5,9.0,0.468,637.3,0.103,1
118.16,297.46,894.33,0.479,0.369,7.11,837.3,1897.6,38.2,321.0,0.723,37.6,75.6,13.1,0.815,193.4,0.922,1
96.8,198.02,640.13,0.407,0.347,5.88,684.3,1787.3,21.6,276.8,0.285,21.4,86.6,17.1,0.279,30.5,0.694,1
127.99,319.58,1002.22,0.511,0.438,4.89,388.8,2468.8,30.4,117.0,0.216,29.5,83.7,19.0,0.168,568.8,0.832,1
42.97,121.79,506.87,0.271,0.255,2.82,255.1,59.7,5.8,40.2,0.229,32.5,49.8,25.6,0.308,871.1,0.222,0
203.27,604.68,1837.36,0.371,0.342,6.68,737.8,614.7,32.7,183.5,0.341,27.7,89.8,31.3,0.377,1868.7,0.793,1
7.04,24.49,148.65,0.116,0.098,2.68,112.2,214.9,1.1,29.0,0.445,18.9,60.2,11.6,0.408,1022.8,0.133,0
6.89,30.46,135.73,0.207,0.19,2.0,106.1,2332.9,27.2,298.0,0.303,30.6,61.7,27.0,0.425,59.4,0.149,0
51.27,127.36,370.24,0.419,0.38,7.25,385.6,1289.8,41.1,20.3,0.664,37.7,79.6,30.7,0.735,302.3,0.241,1
3.11,23.75,170.75,0.148,0.112,2.37,136.5,2389.7,24.6,339.4,0.556,31.6,42.5,20.9,0.539,1271.0,0.497,0
98.67,276.51,802.15,0.483,0.451,5.81,421.0,396.8,1.6,179.0,0.272,30.2,93.4,24.2,0.253,1595.1,0.85,1
70.71,195.37,706.96,0.419,0.372,5.47,421.3,831.6,38.5,173.9,0.596,29.8,94.5,34.8,0.682,256.6,0.25,1
23.54,87.09,240.3,0.124,0.109,0.99,70.4,1600.9,15.3,303.4,0.475,25.2,43.6,37.7,0.454,645.9,0.073,0
86.07,286.09,1295.26,0.372,0.332,5.81,640.5,695.8,43.5,196.9,0.546,23.8,75.2,21.5,0.554,148.0,0.215,1
42.39,127.05,612.04,0.131,0.104,1.75,105.9,2305.4,17.2,152.1,0.713,32.6,51.7,15.8,0.755,2367.9,0.612,0
18.32,45.73,133.37,0.112,0.085,1.3,129.2,1102.6,38.6,73.4,0.26,23.8,61.5,26.1,0.285,454.4,0.497,0
9.74,36.95,121.32,0.253,0.201,2.75,324.5,1538.4,18.6,262.7,0.698,36.3,65.6,24.8,0.791,222.8,0.675,0
118.61,273.22,1133.79,0.507,0.461,4.0,369.7,884.0,23.4,180.0,0.557,21.9,81.4,28.8,0.613,339.1,0.07,1
77.51,232.24,662.55,0.449,0.39,4.38,191.0,530.0,33.0,182.2,0.236,37.5,83.6,19.4,0.173,11.1,0.16,1
162.68,322.32,1275.41,0.461,0.379,3.94,193.5,1997.5,19.2,91.7,0.691,26.8,93.4,37.7,0.812,324.0,0.14,1
132.44,328.74,1480.45,0.534,0.426,4.43,474.6,1984.4,17.9,51.7,0.386,19.9,93.1,27.7,0.432,165.8,0.644,1
17.05,53.09,230.23,0.116,0.106,2.31,158.9,2040.4,42.9,113.9,0.235,18.8,67.0,27.4,0.188,805.7,0.689,0
3.92,38.08,220.17,0.323,0.272,2.75,199.0,832.0,36.6,289.9,0.274,34.6,48.8,14.9,0.353,497.2,0.444,0
106.06,327.23,917.36,0.425,0.371,7.48,829.1,2137.1,18.6,225.6,0.573,28.3,81.3,24.8,0.637,284.0,0.496,1
12.6,60.89,330.72,0.145,0.109,2.43,234.3,804.4,30.6,126.7,0.713,21.9,47.3,41.3,0.824,269.8,0.223,0
4.84,41.79,141.86,0.295,0.246,1.65,160.4,909.2,40.0,106.5,0.255,23.3,47.0,27.1,0.268,909.0,0.162,0
28.8,100.39,303.76,0.187,0.141,2.23,208.9,755.6,17.6,1.3,0.696,20.0,57.2,9.5,0.707,2342.5,0.522,0
108.21,369.29,1601.45,0.51,0.463,5.15,466.3,1082.4,39.3,11.1,0.142,23.2,89.4,25.8,0.116,29.0,0.205,1
104.29,386.89,1341.8,0.501,0.401,7.79,781.7,76.1,3.4,172.9,0.181,19.6,78.5,12.5,0.208,161.1,0.692,1
30.37,97.81,462.5,0.125,0.098,1.15,110.5,634.1,25.2,92.3,0.336,26.3,74.8,41.6,0.345,5211.6,0.536,0
27.14,95.8,420.89,0.142,0.133,1.94,92.2,645.6,44.9,337.3,0.482,27.5,56.9,26.2,0.499,1147.7,0.675,0
52.48,144.96,572.33,0.398,0.3,5.8,334.0,2131.4,26.8,200.6,0.473,29.2,92.3,34.4,0.404,768.5,0.402,1
330.62,1029.72,2617.61,0.378,0.299,4.84,235.9,1738.4,42.1,324.7,0.129,29.4,90.2,7.4,0.079,623.2,0.054,1
12.3,57.32,254.78,0.158,0.126,1.32,137.9,664.3,41.9,73.1,0.124,24.0,68.5,21.2,0.1,3459.9,0.383,0
200.18,482.92,1085.93,0.505,0.462,3.74,327.4,913.0,36.4,44.3,0.528,35.4,94.8,28.9,0.608,299.4,0.499,1
10.37,51.29,185.07,0.147,0.131,1.06,123.9,2407.0,15.0,299.9,0.39,24.4,69.5,9.5,0.45,2379.9,0.583,0
19.84,72.68,304.0,0.316,0.298,2.83,275.7,1495.8,35.5,219.4,0.413,29.6,49.9,7.4,0.473,1416.8,0.394,0
153.79,505.08,2237.08,0.538,0.478,3.67,292.0,1751.3,17.8,255.3,0.119,24.3,81.4,41.7,0.171,247.2,0.272,1
241.74,730.85,2903.39,0.437,0.349,3.63,415.9,2427.9,16.1,198.8,0.749,34.6,95.8,9.5,0.85,257.1,0.139,1
4.47,22.52,67.85,0.343,0.269,1.93,226.2,1652.3,20.4,128.7,0.483,38.0,58.2,25.9,0.471,859.6,0.257,0
235.5,620.13,2584.11,0.485,0.437,4.76,428.9,1005.9,30.3,103.9,0.694,21.4,77.8,42.8,0.752,5.9,0.138,1
194.97,431.96,1950.62,0.375,0.349,7.0,631.0,963.7,28.8,34.3,0.338,37.1,82.0,5.5,0.373,196.1,0.422,1
75.06,282.17,832.37,0.415,0.387,7.28,629.0,289.0,12.2,28.7,0.465,19.4,82.4,39.1,0.551,692.4,0.688,1
163.81,584.27,1499.11,0.481,0.435,3.68,172.2,261.4,4.4,162.0,0.377,34.1,90.1,13.3,0.361,126.8,0.544,1
139.72,443.47,1164.31,0.48,0.436,5.68,575.1,950.9,22.9,105.3,0.178,36.9,78.6,42.3,0.168,215.8,0.469,1
13.93,47.51,177.32,0.116,0.102,1.02,112.0,1053.9,24.4,208.5,0.383,31.0,74.5,24.9,0.443,6030.6,0.223,0
37.14,91.22,268.12,0.261,0.235,2.78,235.4,1645.8,21.3,255.1,0.253,24.5,56.9,10.8,0.27,708.8,0.829,0
35.84,96.0,376.28,0.261,0.202,2.52,139.8,1157.3,28.6,235.6,0.271,21.9,51.8,25.5,0.381,3705.3,0.572,0
21.89,73.31,370.31,0.294,0.24,0.63,66.5,1819.3,36.4,317.9,0.589,34.4,46.4,30.2,0.599,346.2,0.592,0
164.77,486.68,1659.6,0.398,0.335,5.75,642.3,259.7,6.6,264.5,0.322,20.0,78.0,29.5,0.401,500.7,0.586,1
126.07,276.41,1276.29,0.49,0.433,4.6,480.4,796.3,40.5,142.0,0.583,27.6,77.6,34.5,0.636,336.1,0.339,1
11.04,52.82,221.28,0.202,0.168,1.41,80.4,2260.3,29.7,129.8,0.739,34.0,64.8,44.6,0.791,2479.2,0.221,0
32.1,123.48,294.51,0.26,0.214,1.74,100.0,119.1,12.5,21.7,0.312,34.5,67.4,18.3,0.382,4596.1,0.663,0
17.2,57.03,239.15,0.267,0.23,0.88,67.3,1647.2,30.4,198.5,0.253,25.0,62.8,29.9,0.393,1190.8,0.494,0
22.63,60.57,321.51,0.211,0.175,2.89,151.8,1389.8,26.2,244.3,0.589,28.5,68.6,7.5,0.516,777.9,0.405,0
119.44,242.28,602.21,0.412,0.315,4.95,470.1,160.3,8.8,114.6,0.474,21.0,93.0,25.9,0.49,327.2,0.724,1
21.89,97.28,292.25,0.113,0.107,0.97,93.3,337.8,5.6,304.7,0.617,29.5,71.5,44.0,0.605,1695.4,0.16,0
83.6,220.15,879.96,0.408,0.381,3.87,459.7,724.9,38.3,130.2,0.203,27.4,80.1,23.0,0.231,314.4,0.353,1
84.57,204.6,598.29,0.459,0.348,6.19,435.4,264.1,2.2,128.6,0.526,36.2,96.5,35.6,0.555,388.0,0.159,1
61.9,224.85,914.84,0.224,0.192,1.28,125.7,931.0,15.5,114.2,0.568,27.3,44.4,20.5,0.657,483.6,0.109,0
64.74,157.45,528.67,0.313,0.279,0.6,47.8,1679.0,32.0,33.9,0.187,30.7,46.2,43.2,0.124,2083.6,0.944,0
18.24,54.06,296.03,0.182,0.159,2.04,107.9,1835.8,35.5,357.6,0.2,25.4,64.7,20.4,0.161,2744.3,0.47,0
67.23,232.44,876.16,0.454,0.373,4.39,496.2,923.6,17.2,174.1,0.711,23.6,83.4,37.5,0.757,757.0,0.678,1
122.4,369.23,890.86,0.537,0.489,7.6,340.5,2206.8,26.2,338.3,0.223,20.6,82.5,36.4,0.192,6.2,0.383,1
10.03,35.12,144.88,0.276,0.241,0.79,34.1,2187.5,29.4,206.9,0.546,28.1,73.0,11.0,0.491,895.6,0.62,0
42.85,85.91,301.55,0.35,0.279,7.69,470.4,367.2,13.7,312.6,0.453,28.6,89.0,38.9,0.488,328.4,0.597,1
60.82,137.76,563.59,0.498,0.434,7.52,902.7,1687.9,16.1,216.8,0.638,25.9,92.6,33.3,0.724,94.2,0.947,1
59.95,186.25,710.36,0.325,0.262,1.86,77.3,676.0,34.0,233.3,0.133,29.2,53.2,11.8,0.136,108.5,0.055,0
34.99,94.49,414.85,0.131,0.114,2.37,174.9,1488.6,17.8,342.3,0.109,29.7,68.3,14.9,0.2,4208.2,0.657,0
86.85,295.73,954.07,0.507,0.458,4.36,355.3,946.4,25.5,274.4,0.588,20.4,76.2,18.4,0.643,59.3,0.48,1
141.32,364.13,1413.18,0.451,0.365,7.6,495.2,1425.2,30.2,64.2,0.671,23.3,83.2,5.4,0.764,495.1,0.753,1
73.68,175.88,431.45,0.446,0.359,3.72,358.5,1573.7,37.5,236.9,0.512,35.2,78.7,28.7,0.566,94.1,0.575,1
219.21,512.69,1121.07,0.512,0.459,4.41,307.7,385.7,5.9,122.1,0.349,27.7,87.5,32.1,0.401,7.9,0.362,1
50.75,182.92,541.49,0.511,0.435,5.51,511.9,1262.0,39.6,146.4,0.387,24.9,90.8,19.6,0.445,208.7,0.135,1
19.45,97.24,443.21,0.148,0.115,1.39,94.1,419.1,1.6,312.7,0.605,19.4,40.4,18.1,0.713,141.0,0.259,0
125.92,324.05,1117.51,0.485,0.417,6.41,333.5,459.3,5.2,307.1,0.435,28.2,94.4,34.5,0.455,244.8,0.428,1
160.92,469.64,1480.27,0.479,0.422,7.12,605.2,1864.9,41.3,127.2,0.547,30.8,92.0,17.8,0.593,12.8,0.292,1
207.14,507.81,2232.57,0.521,0.442,8.05,677.6,2285.4,43.9,326.7,0.716,29.3,82.1,8.7,0.784,7.4,0.185,1
49.98,144.03,519.39,0.159,0.139,0.69,41.9,1108.7,23.1,170.6,0.278,33.7,53.0,26.8,0.299,5721.5,0.103,0
6.62,18.94,110.62,0.332,0.273,2.22,152.7,1893.2,39.6,102.7,0.202,23.6,47.8,36.6,0.18,1241.7,0.382,0
3.34,51.36,277.79,0.18,0.167,1.67,124.8,1443.5,23.6,15.8,0.652,19.0,50.6,28.9,0.552,403.3,0.783,0
21.71,67.14,295.97,0.281,0.224,0.93,79.3,2193.3,35.6,111.5,0.552,29.6,49.1,33.1,0.542,1231.0,0.397,0
9.83,36.87,198.75,0.234,0.189,0.7,64.3,2327.5,35.0,275.9,0.414,22.6,47.9,36.2,0.49,590.3,0.259,0
120.43,244.0,778.24,0.465,0.42,7.27,362.9,2091.8,38.7,173.0,0.47,21.7,81.6,42.3,0.536,648.1,0.548,1
77.85,171.85,425.48,0.437,0.333,5.38,277.7,2308.9,21.5,77.5,0.691,31.0,80.6,37.5,0.768,691.2,0.882,1
4.04,39.55,197.4,0.27,0.255,2.1,145.7,632.2,43.0,171.7,0.722,28.7,71.3,22.7,0.815,3024.2,0.668,0
124.17,437.89,1954.97,0.491,0.43,4.85,355.2,730.0,27.9,327.2,0.107,35.1,78.0,16.5,0.132,101.6,0.604,1
10.81,59.87,239.35,0.125,0.114,2.61,173.9,1471.0,15.1,105.4,0.571,33.4,58.1,5.4,0.727,830.9,0.497,0
28.46,105.41,377.41,0.182,0.157,0.95,87.4,2003.3,38.2,247.4,0.734,27.1,72.3,20.2,0.808,1701.1,0.121,0
28.45,99.0,317.23,0.343,0.311,1.2,140.2,221.9,7.2,47.8,0.222,24.2,70.7,13.3,0.303,120.8,0.866,0
135.67,367.05,1707.89,0.466,0.39,6.37,563.2,809.1,44.1,314.4,0.217,37.5,76.4,31.2,0.277,262.1,0.186,1
3.68,28.79,128.78,0.115,0.099,1.97,106.4,819.3,25.9,183.2,0.182,31.5,61.3,20.6,0.177,1108.2,0.229,0
27.59,105.73,253.79,0.114,0.1,1.3,86.3,2173.1,15.6,102.6,0.376,37.8,61.2,37.1,0.367,455.6,0.224,0
25.31,91.0,424.77,0.169,0.157,1.76,147.2,1865.1,25.3,306.9,0.607,29.6,72.4,44.8,0.652,873.4,0.627,0
210.28,588.32,2118.74,0.55,0.416,7.07,460.2,1630.2,41.5,51.1,0.452,22.7,95.4,36.6,0.492,174.5,0.169,1
27.84,95.94,244.74,0.167,0.129,0.53,40.6,474.0,12.0,127.0,0.352,31.4,55.7,35.8,0.365,1135.8,0.325,0
44.27,152.48,506.59,0.417,0.371,4.99,430.7,1314.8,26.4,60.8,0.473,36.1,92.0,23.5,0.515,1009.2,0.216,1
191.44,582.88,1425.3,0.456,0.373,4.05,390.4,33.0,7.7,313.7,0.328,30.7,94.4,20.6,0.319,230.9,0.823,1
115.34,425.52,1841.31,0.414,0.366,7.77,456.9,526.2,34.3,157.6,0.43,27.3,84.4,8.9,0.455,369.8,0.088,1
89.99,310.61,678.43,0.496,0.394,6.27,486.7,2006.9,34.9,105.7,0.406,22.4,77.1,29.3,0.449,1.4,0.19,1
0.79,17.55,98.69,0.186,0.163,1.79,130.3,1641.0,33.9,308.1,0.695,32.4,74.7,17.7,0.758,1356.0,0.055,0
31.8,70.95,341.2,0.342,0.29,2.87,136.7,1372.4,19.5,325.3,0.447,24.3,56.7,24.5,0.503,554.1,0.584,0
96.4,187.54,450.61,0.482,0.373,4.61,406.6,2109.7,39.7,34.9,0.528,26.7,89.3,25.9,0.558,3.5,0.365,1
36.95,86.02,384.19,0.343,0.321,2.87,293.8,1110.1,16.1,216.7,0.293,31.4,47.4,26.5,0.294,1973.3,0.765,0
92.9,199.73,725.63,0.409,0.372,6.17,666.9,707.5,44.1,199.8,0.335,27.7,89.1,20.4,0.375,34.7,0.176,1
58.98,168.83,765.49,0.531,0.482,4.67,214.3,2098.2,42.0,300.1,0.735,29.3,76.4,20.4,0.849,844.8,0.635,1
152.8,312.25,1324.5,0.369,0.328,5.49,467.9,764.3,44.8,181.7,0.496,22.2,86.1,8.9,0.543,757.2,0.651,1
205.26,609.39,2311.84,0.451,0.34,3.87,460.7,2141.1,33.0,33.2,0.295,34.4,95.4,20.0,0.336,76.4,0.177,1
104.65,248.41,1130.41,0.509,0.433,8.48,851.3,1661.4,33.1,350.1,0.146,21.0,86.8,36.5,0.173,204.4,0.257,1
266.54,756.47,1847.24,0.531,0.478,6.58,574.0,1582.3,26.5,197.1,0.495,21.5,83.3,18.1,0.54,176.0,0.13,1
13.82,48.66,242.7,0.299,0.238,0.92,39.2,208.6,12.0,229.0,0.154,19.2,42.6,23.0,0.202,1175.6,0.452,0
213.39,714.57,3011.51,0.381,0.332,4.15,186.8,1198.7,37.6,18.7,0.205,32.1,83.0,23.2,0.228,183.3,0.771,1
20.96,95.16,249.0,0.246,0.23,2.24,99.2,939.7,29.7,288.4,0.24,36.6,68.2,35.6,0.33,2230.7,0.061,0
26.65,103.26,499.78,0.19,0.171,1.45,149.9,2318.6,25.9,325.4,0.517,19.4,41.5,19.7,0.537,2029.3,0.447,0
90.99,330.22,1305.04,0.429,0.369,5.56,464.1,41.0,6.9,104.3,0.362,21.5,83.4,11.8,0.407,78.6,0.86,1
11.71,36.33,155.45,0.21,0.17,2.41,155.7,1511.5,15.1,103.5,0.575,25.5,57.8,6.4,0.621,700.7,0.806,0
19.07,83.76,296.91,0.229,0.201,2.86,315.1,1036.2,29.4,73.4,0.244,23.7,49.5,35.5,0.249,2110.1,0.066,0
1.94,27.81,132.79,0.319,0.285,2.53,265.1,2014.1,34.6,196.3,0.675,30.6,56.4,23.1,0.71,2867.4,0.727,0
120.73,313.11,724.78,0.506,0.444,4.06,414.7,2087.4,15.1,7.7,0.238,18.8,75.7,22.8,0.296,17.1,0.235,1
105.46,216.22,696.44,0.372,0.335,5.35,545.6,1165.7,36.8,46.1,0.122,29.7,75.1,17.9,0.149,42.7,0.245,1
169.96,388.08,1662.96,0.376,0.303,6.27,347.1,407.7,13.6,220.3,0.394,29.0,83.2,7.1,0.513,23.0,0.567,1
58.68,211.74,781.48,0.336,0.286,2.51,276.6,519.0,40.4,174.6,0.181,18.8,54.5,34.6,0.198,167.1,0.637,0
121.34,371.98,1198.05,0.429,0.369,5.46,304.5,1812.6,37.9,268.1,0.377,25.5,77.0,36.0,0.453,196.9,0.529,1
46.98,126.6,423.31,0.388,0.298,5.09,555.6,2059.3,19.2,267.3,0.731,36.4,92.6,42.7,0.775,487.2,0.886,1
4.97,34.37,107.52,0.18,0.142,0.69,76.6,922.8,32.2,156.4,0.621,21.9,57.9,22.1,0.677,3298.8,0.576,0
5.93,34.09,196.63,0.174,0.141,1.98,191.9,922.0,37.7,243.2,0.4,36.6,72.8,11.1,0.385,681.1,0.621,0
15.05,56.33,143.4,0.12,0.091,1.1,106.7,428.0,8.7,309.6,0.574,32.6,61.5,21.2,0.644,1356.6,0.671,0
172.86,617.5,1758.26,0.547,0.436,3.58,218.0,1646.9,31.3,214.9,0.377,23.2,86.1,20.5,0.456,246.3,0.427,1
186.01,479.42,1969.16,0.501,0.428,7.35,478.2,309.5,8.9,348.6,0.101,18.2,97.7,26.7,0.184,212.8,0.44,1
258.53,649.67,2193.73,0.351,0.302,4.31,369.5,1761.2,33.6,357.7,0.62,26.5,86.0,12.3,0.676,728.7,0.737,1
15.06,71.86,244.45,0.278,0.222,2.07,177.5,1499.3,41.5,184.8,0.596,30.0,53.8,19.3,0.661,1558.2,0.661,0
76.44,207.67,969.44,0.403,0.379,3.65,245.0,2028.4,26.8,93.7,0.696,20.2,76.8,42.3,0.816,630.4,0.64,1
133.41,312.75,1153.63,0.459,0.387,5.43,607.2,1500.3,28.1,283.7,0.175,19.3,93.7,38.7,0.266,69.6,0.31,1
72.05,188.93,551.11,0.382,0.335,5.78,291.9,526.2,44.3,62.7,0.628,18.9,85.8,9.8,0.67,1438.7,0.351,1
141.74,410.05,1742.08,0.365,0.276,8.37,595.3,1450.7,28.7,278.6,0.626,33.2,82.1,6.8,0.741,15.1,0.152,1
5.13,25.77,110.56,0.267,0.221,1.84,111.9,2263.2,23.6,159.7,0.336,33.4,54.1,28.0,0.391,70.4,0.68,0
6.02,31.42,140.11,0.127,0.109,1.15,131.4,1983.0,44.9,280.3,0.362,31.3,56.6,39.5,0.413,187.5,0.442,0
53.82,173.79,751.46,0.36,0.292,8.32,428.1,436.3,8.0,107.3,0.373,32.3,97.5,26.9,0.491,95.1,0.368,1
136.73,431.91,1979.61,0.389,0.305,4.88,379.3,242.5,1.2,163.7,0.33,24.9,85.7,18.2,0.274,319.5,0.264,1
63.96,202.98,635.75,0.384,0.303,4.63,200.7,2397.9,34.8,301.0,0.478,20.4,96.0,44.5,0.491,417.2,0.202,1
10.31,59.6,184.98,0.281,0.237,2.88,294.9,1867.4,38.7,122.2,0.434,20.7,40.3,5.0,0.457,52.6,0.687,0
165.4,389.95,1373.57,0.384,0.293,5.95,552.5,2070.2,16.1,146.5,0.474,24.3,85.5,8.3,0.55,138.7,0.507,1
11.01,46.04,206.6,0.159,0.126,1.16,125.1,2251.7,21.0,207.1,0.49,25.5,72.2,6.8,0.491,3765.9,0.725,0
20.21,81.43,365.56,0.175,0.156,2.78,176.3,1172.7,16.1,231.1,0.551,36.2,40.2,8.7,0.636,1938.6,0.587,0
166.85,384.28,1360.39,0.502,0.398,5.13,432.1,2186.4,24.0,68.0,0.292,25.5,95.9,25.9,0.289,29.5,0.841,1
194.93,400.02,1123.98,0.44,0.34,4.44,517.7,335.3,12.7,220.3,0.223,26.7,75.0,16.4,0.276,726.2,0.824,1
35.47,97.69,411.36,0.31,0.238,2.51,151.0,853.9,27.1,173.4,0.444,26.6,69.0,43.3,0.484,171.5,0.577,0
15.24,64.22,298.3,0.246,0.233,2.11,236.4,860.2,35.9,284.6,0.381,32.6,45.9,36.3,0.51,982.3,0.879,0
17.22,71.5,218.61,0.282,0.216,2.36,273.0,99.0,8.6,234.8,0.563,18.6,52.4,13.2,0.566,1519.0,0.903,0
30.36,85.23,298.78,0.186,0.156,0.9,63.5,476.3,14.7,179.8,0.47,26.9,43.3,19.1,0.551,963.2,0.163,0
138.2,292.26,973.16,0.527,0.449,3.63,241.4,1824.4,17.7,309.4,0.55,35.4,79.6,39.8,0.622,116.9,0.926,1
218.8,693.63,2113.88,0.356,0.335,3.53,220.9,1162.0,32.3,216.1,0.226,35.5,92.0,11.9,0.235,665.2,0.739,1
6.77,30.7,129.15,0.126,0.117,2.89,310.8,1495.7,33.0,168.8,0.744,32.8,72.1,33.1,0.84,622.6,0.613,0
180.98,396.51,905.04,0.434,0.346,5.12,484.7,1542.1,36.9,70.3,0.249,26.0,94.8,27.5,0.246,158.5,0.887,1
166.95,540.77,1579.64,0.475,0.364,7.09,402.6,535.1,15.3,74.2,0.359,23.0,79.1,27.1,0.401,109.4,0.765,1
158.6,477.15,1966.12,0.438,0.367,5.13,555.9,2317.0,22.9,53.5,0.568,19.8,88.0,30.1,0.596,19.1,0.819,1
17.12,58.86,234.72,0.151,0.116,0.76,42.1,358.3,14.0,296.0,0.116,27.6,44.2,19.8,0.138,101.1,0.213,0
112.81,262.53,1223.85,0.522,0.483,6.25,494.7,18.0,1.6,12.9,0.637,35.1,82.3,30.1,0.719,76.9,0.428,1
19.78,76.75,358.12,0.107,0.095,1.22,60.0,666.4,17.0,348.7,0.476,25.0,46.0,35.2,0.518,694.4,0.385,0
14.55,47.37,181.87,0.301,0.282,2.86,263.0,1271.6,39.5,212.7,0.673,28.3,42.0,26.0,0.77,136.1,0.282,0
24.62,71.96,266.79,0.203,0.175,0.5,46.7,427.9,3.8,40.7,0.453,24.6,73.9,22.8,0.483,1080.4,0.275,0
14.25,58.68,249.35,0.309,0.254,2.98,205.9,1935.8,32.3,292.3,0.118,26.1,53.2,8.2,0.143,1227.0,0.204,0
14.36,36.49,153.24,0.299,0.254,1.49,72.0,532.3,24.8,315.2,0.421,20.8,50.1,5.8,0.405,994.0,0.588,0
6.2,39.72,218.71,0.13,0.102,2.12,177.4,2386.4,30.0,132.5,0.683,31.9,50.2,17.3,0.729,265.2,0.644,0
9.53,52.85,210.53,0.267,0.225,1.53,173.5,1777.4,16.4,130.8,0.268,19.0,40.5,6.2,0.289,3326.4,0.925,0
95.38,234.53,560.07,0.354,0.336,6.74,695.8,2140.0,40.4,304.8,0.308,37.5,79.8,43.3,0.412,107.7,0.947,1
121.6,268.86,736.92,0.503,0.446,5.06,434.4,1375.1,23.4,174.7,0.121,25.7,89.0,5.7,0.144,475.4,0.509,1
8.36,32.13,166.96,0.313,0.238,1.62,74.5,1388.0,23.7,184.4,0.653,23.4,55.6,43.0,0.723,1653.2,0.673,0
53.37,199.72,897.03,0.398,0.356,7.04,650.7,2437.2,27.9,320.8,0.664,29.8,77.6,31.7,0.776,632.9,0.51,1
252.38,866.9,2137.48,0.398,0.307,3.61,244.0,301.6,1.9,46.5,0.206,36.1,76.6,9.3,0.183,295.7,0.159,1
136.06,451.54,1572.48,0.541,0.448,8.1,802.2,1456.3,32.4,318.6,0.239,35.7,94.6,15.2,0.287,22.4,0.789,1
11.06,53.79,157.62,0.236,0.214,1.05,45.6,179.5,11.3,333.6,0.447,36.5,45.7,44.1,0.514,4012.8,0.399,0
103.79,216.65,780.03,0.384,0.297,5.46,429.0,2475.6,28.3,4.9,0.24,19.9,82.9,5.2,0.235,251.2,0.387,1
79.96,246.84,582.12,0.44,0.356,8.16,559.1,1580.6,18.4,245.6,0.238,22.5,91.4,5.9,0.289,5.0,0.63,1
44.38,135.36,530.2,0.532,0.42,3.78,155.5,216.3,10.9,101.7,0.361,19.5,92.9,40.4,0.329,133.6,0.697,1
9.94,30.86,151.1,0.108,0.1,1.79,138.9,722.2,30.7,203.3,0.468,19.9,53.0,24.8,0.539,1922.4,0.683,0
121.81,322.45,738.78,0.431,0.336,6.13,319.7,2228.7,43.8,233.6,0.118,21.8,80.6,7.8,0.216,302.0,0.62,1
109.41,379.87,1450.28,0.38,0.326,6.82,284.9,213.0,1.4,210.1,0.671,20.4,81.3,37.4,0.778,485.7,0.683,1
149.82,299.47,1119.14,0.495,0.399,5.86,522.5,692.6,41.0,244.5,0.57,24.6,79.6,21.4,0.63,215.9,0.548,1
2.28,36.7,204.84,0.272,0.231,0.51,61.1,1267.3,18.7,200.9,0.157,26.2,60.5,22.6,0.145,1084.4,0.353,0
7.53,55.4,235.24,0.233,0.183,0.64,60.5,2456.6,30.7,267.1,0.474,24.8,58.1,39.1,0.608,2371.2,0.406,0
290.94,983.38,3790.28,0.47,0.424,5.82,643.0,528.7,40.4,193.3,0.186,26.2,84.9,6.1,0.09,105.6,0.91,1
80.94,297.3,1048.85,0.461,0.405,8.09,405.5,1983.0,38.6,73.1,0.545,35.4,87.3,40.3,0.573,120.6,0.349,1
2.9,33.03,191.09,0.303,0.23,2.32,147.5,863.7,30.7,71.7,0.226,34.6,61.5,36.0,0.241,961.4,0.793,0
186.6,360.11,1583.23,0.492,0.462,4.02,408.3,33.1,6.6,234.2,0.253,37.3,78.9,12.9,0.248,116.5,0.607,1
31.55,98.64,457.14,0.127,0.118,1.26,68.4,1957.6,42.6,183.0,0.648,33.8,42.8,20.9,0.693,152.0,0.164,0
101.49,348.27,1563.76,0.431,0.349,6.66,583.9,1229.7,27.7,129.0,0.302,34.8,75.4,28.3,0.391,59.7,0.096,1
172.78,468.26,2074.67,0.36,0.291,5.33,414.5,1205.0,22.1,204.3,0.643,31.9,93.6,14.2,0.687,61.5,0.885,1
128.42,408.91,1127.25,0.416,0.354,4.25,374.6,1687.4,26.4,355.3,0.593,21.5,79.9,15.5,0.675,55.1,0.507,1
96.27,226.74,1067.08,0.42,0.367,4.11,482.0,1629.9,23.5,227.0,0.308,36.7,97.3,25.7,0.334,577.6,0.128,1
8.05,22.11,56.12,0.141,0.114,0.87,88.2,1644.1,34.5,249.7,0.548,22.2,53.8,28.8,0.575,45.8,0.45,0
122.77,354.57,753.43,0.453,0.412,5.81,692.5,820.8,36.2,240.9,0.105,31.6,89.8,19.5,0.185,747.0,0.848,1
18.39,90.68,484.85,0.192,0.147,0.64,32.0,1455.4,19.2,250.3,0.473,22.6,57.3,43.3,0.5,2260.8,0.679,0
161.8,599.18,1593.83,0.5,0.415,5.52,425.5,2195.4,23.6,70.3,0.638,19.8,75.1,11.4,0.763,222.3,0.054,1
114.77,391.44,1365.54,0.458,0.394,6.78,404.9,2233.8,43.0,47.2,0.649,21.9,85.7,18.5,0.762,147.4,0.557,1
224.97,642.63,2878.15,0.384,0.349,7.48,697.7,1018.0,34.1,280.8,0.503,22.6,86.7,35.8,0.506,437.6,0.204,1
6.15,31.8,79.02,0.211,0.195,1.28,52.5,590.6,35.9,86.6,0.329,25.6,58.6,29.9,0.359,103.5,0.331,0
132.92,424.82,1170.06,0.382,0.305,7.85,874.7,196.7,5.4,3.3,0.732,19.4,75.7,9.5,0.915,580.6,0.086,1
16.05,40.5,189.35,0.208,0.166,1.74,153.1,2145.8,27.4,107.6,0.743,29.7,44.3,16.3,0.792,1735.9,0.064,0
20.7,87.66,424.45,0.273,0.225,2.62,245.5,421.8,14.5,167.1,0.116,34.0,71.0,24.7,0.16,97.8,0.239,0
79.02,235.01,1010.09,0.502,0.419,8.41,871.2,799.3,38.7,96.7,0.204,33.3,85.0,23.1,0.26,146.0,0.707,1
22.29,95.2,444.72,0.324,0.298,0.98,97.8,2031.6,38.5,33.6,0.734,34.7,63.9,20.6,0.783,1022.6,0.565,0
232.53,737.96,1831.61,0.449,0.338,6.81,646.5,1960.9,41.9,90.4,0.746,37.6,93.7,5.4,0.855,531.6,0.154,1
10.19,35.24,137.06,0.293,0.26,0.51,59.5,1091.7,21.1,29.0,0.714,37.9,55.6,15.0,0.715,4215.4,0.485,0
13.59,51.72,267.61,0.271,0.215,1.76,103.9,1737.2,44.6,193.0,0.15,26.2,72.4,12.9,0.21,310.3,0.142,0
129.51,317.35,1276.39,0.41,0.38,6.95,330.8,604.1,28.3,246.7,0.526,28.0,92.7,6.5,0.585,58.6,0.505,1
58.97,160.64,468.22,0.445,0.362,3.95,357.7,2325.4,40.3,256.7,0.142,28.0,94.8,20.6,0.056,110.9,0.77,1
30.92,92.89,272.01,0.215,0.184,1.52,68.8,2379.7,24.1,284.3,0.408,30.8,64.8,8.0,0.432,1969.7,0.499,0
181.4,553.42,1594.09,0.47,0.383,6.71,565.7,2355.9,34.5,18.5,0.735,22.9,78.0,8.7,0.735,176.2,0.224,1
172.46,455.27,1971.96,0.425,0.355,6.51,624.7,1561.4,16.9,267.8,0.663,33.5,91.6,42.6,0.685,350.0,0.461,1
112.89,229.23,1034.87,0.539,0.461,6.84,642.5,188.0,2.1,268.6,0.182,20.5,75.8,29.8,0.181,63.1,0.474,1
51.28,191.72,407.06,0.212,0.191,0.97,64.9,1537.6,18.5,182.8,0.453,37.0,68.5,25.0,0.531,109.0,0.648,0
144.6,380.07,1104.65,0.529,0.41,6.08,572.8,1060.3,35.7,216.3,0.192,20.5,83.1,14.8,0.155,895.5,0.381,1
124.62,430.69,1331.85,0.51,0.419,8.14,543.6,994.0,15.2,243.6,0.198,32.9,80.8,15.3,0.197,286.7,0.668,1
117.65,246.13,1131.19,0.443,0.389,8.27,863.7,79.7,5.4,178.9,0.182,25.9,96.2,18.1,0.14,117.3,0.43,1
41.59,162.0,773.57,0.11,0.096,1.83,200.8,2186.4,24.7,356.9,0.163,30.7,69.7,8.0,0.137,81.7,0.658,0
214.89,474.8,1782.78,0.524,0.475,7.97,743.5,2145.7,22.0,17.5,0.233,24.3,81.5,32.3,0.329,962.8,0.585,1
74.05,239.13,544.86,0.449,0.416,6.38,575.7,816.4,36.4,40.9,0.696,20.4,87.6,16.4,0.779,1172.3,0.533,1
105.93,333.57,894.39,0.486,0.374,7.26,457.7,2444.3,28.3,99.1,0.333,36.8,83.4,42.2,0.297,226.0,0.409,1
3.25,42.84,175.04,0.139,0.124,2.47,190.9,348.1,1.5,206.1,0.654,28.2,62.7,18.7,0.778,1820.9,0.851,0
131.09,333.98,1500.11,0.532,0.429,7.19,420.0,2089.6,28.5,332.3,0.125,24.0,83.9,37.8,0.192,9.9,0.393,1
122.86,266.7,632.31,0.394,0.333,3.86,371.4,1558.2,24.5,346.9,0.482,30.5,91.0,14.0,0.516,2066.7,0.537,1
37.58,147.1,650.58,0.331,0.29,2.38,218.8,1219.5,27.7,346.2,0.477,23.2,65.1,44.2,0.566,1578.6,0.06,0
2.35,14.03,71.94,0.137,0.107,1.06,51.7,2409.1,19.9,343.1,0.699,18.8,71.7,19.2,0.851,134.4,0.804,0
122.78,315.26,1071.85,0.409,0.335,6.82,763.1,1461.8,42.7,310.3,0.189,33.9,77.9,43.0,0.212,120.0,0.173,1
15.58,66.2,286.45,0.208,0.196,2.27,270.1,2086.0,27.6,192.0,0.592,37.9,60.1,37.9,0.607,224.1,0.723,0
133.09,298.91,1177.99,0.359,0.279,5.42,278.3,588.2,29.0,242.5,0.613,37.1,76.7,13.2,0.714,221.2,0.929,1
73.39,188.87,803.21,0.384,0.294,7.22,448.1,90.3,5.9,8.4,0.441,35.6,84.5,41.7,0.452,119.7,0.302,1
127.39,309.77,1328.7,0.467,0.428,7.48,791.2,535.8,18.7,10.3,0.247,32.9,90.6,8.6,0.238,533.9,0.924,1
12.67,46.12,189.41,0.299,0.25,0.86,61.3,2471.0,20.9,313.9,0.323,21.2,55.1,12.6,0.312,1790.1,0.059,0
15.52,60.58,234.56,0.172,0.152,1.68,75.1,1407.7,19.5,132.1,0.448,21.1,70.4,27.0,0.525,3356.4,0.812,0
133.74,339.95,1434.83,0.491,0.398,6.0,677.3,2106.3,29.4,135.0,0.419,21.0,92.0,40.0,0.513,291.8,0.223,1
30.1,105.49,266.05,0.165,0.13,2.69,220.7,1715.6,32.6,69.0,0.555,27.2,71.9,20.9,0.595,906.7,0.867,0
163.0,564.48,1907.17,0.384,0.304,8.1,344.1,394.6,6.3,93.6,0.267,27.5,76.2,11.6,0.354,53.9,0.58,1
10.16,47.75,274.01,0.198,0.156,1.6,119.7,293.1,5.3,255.5,0.293,29.6,62.6,6.2,0.302,373.0,0.763,0
22.16,103.46,469.43,0.345,0.276,1.77,189.4,1218.6,17.6,310.5,0.688,22.5,57.4,35.4,0.751,341.9,0.165,0
8.66,51.03,288.69,0.191,0.152,2.23,159.4,2355.8,35.2,135.5,0.582,18.8,55.6,31.6,0.593,266.5,0.449,0
159.1,486.43,1061.82,0.396,0.361,7.67,386.6,341.3,8.1,238.9,0.331,20.0,80.9,26.1,0.338,623.8,0.21,1
176.52,633.12,2761.68,0.434,0.372,6.56,284.0,1259.8,34.9,263.5,0.569,19.4,82.7,11.7,0.677,1120.1,0.366,1
19.35,66.85,312.56,0.296,0.239,1.99,203.8,1901.9,40.7,185.8,0.117,33.9,56.3,13.0,0.102,1732.2,0.737,0
16.38,74.8,300.19,0.246,0.201,2.71,218.7,206.6,2.5,143.7,0.33,20.7,50.6,29.9,0.322,347.3,0.295,0
6.91,44.7,180.24,0.315,0.296,1.89,124.1,1023.4,39.5,216.9,0.193,33.0,67.3,45.0,0.165,423.5,0.688,0
67.97,175.32,617.86,0.494,0.389,6.22,659.9,1344.7,17.1,202.9,0.289,20.1,92.5,10.4,0.226,151.6,0.545,1
19.62,84.11,369.43,0.315,0.292,1.65,80.8,283.0,11.6,115.3,0.467,27.9,53.1,42.6,0.465,202.1,0.55,0
78.59,234.04,968.4,0.439,0.394,4.68,248.3,1643.9,43.2,121.2,0.519,23.8,93.4,42.5,0.498,65.4,0.066,1
109.72,248.8,755.81,0.42,0.367,4.89,348.0,1849.5,28.6,71.7,0.727,31.0,84.6,40.0,0.765,72.1,0.227,1
94.9,201.68,622.12,0.401,0.351,8.24,355.4,1602.3,18.7,204.5,0.496,20.9,83.6,26.4,0.533,85.1,0.856,1
4.95,26.08,123.98,0.299,0.249,2.2,238.6,194.6,3.6,337.6,0.292,29.8,42.4,23.4,0.307,559.9,0.421,0
211.13,671.24,2536.06,0.386,0.323,5.93,454.3,26.3,14.5,122.6,0.609,29.4,86.3,7.8,0.68,368.9,0.24,1
17.2,49.54,220.3,0.26,0.237,2.29,200.6,1998.3,18.8,241.8,0.353,26.1,44.3,7.7,0.409,1461.9,0.664,0
23.6,95.76,357.89,0.331,0.302,0.79,34.3,1230.0,30.8,296.3,0.178,27.6,62.6,12.7,0.144,1530.4,0.823,0
19.48,43.75,203.65,0.546,0.472,4.47,488.6,1417.3,40.7,347.4,0.494,20.9,78.6,24.3,0.609,387.6,0.754,1
54.75,150.77,347.73,0.507,0.459,6.36,747.4,2268.4,38.6,289.6,0.454,34.2,77.0,23.5,0.534,440.8,0.55,1
26.61,103.59,279.08,0.241,0.22,2.64,292.8,1402.3,30.4,34.5,0.119,30.1,43.3,18.5,0.171,313.4,0.108,0
0.44,39.26,180.64,0.19,0.155,0.58,55.2,641.4,33.7,26.4,0.225,20.4,50.5,34.6,0.246,25.2,0.239,0
275.39,825.39,2105.38,0.473,0.414,3.58,369.6,1124.5,23.4,257.7,0.193,36.4,82.3,7.9,0.251,28.3,0.596,1
22.71,97.23,423.78,0.292,0.245,0.75,80.7,1217.2,43.0,262.8,0.382,30.5,41.7,38.7,0.515,2334.9,0.682,0
203.61,686.3,2735.99,0.386,0.297,4.38,250.9,1707.5,15.9,316.5,0.747,21.4,82.3,6.2,0.871,959.3,0.902,1
114.14,258.86,1027.62,0.468,0.412,3.98,205.0,885.9,26.0,284.1,0.591,22.5,87.6,42.0,0.684,68.6,0.74,1
14.16,49.97,248.15,0.222,0.193,0.74,41.7,2101.0,26.9,212.8,0.302,22.1,46.6,34.8,0.222,1198.0,0.535,0
19.7,57.59,174.48,0.288,0.222,1.51,167.2,1344.1,38.3,252.3,0.718,22.5,55.1,30.2,0.822,1350.2,0.601,0
6.98,34.51,137.75,0.349,0.267,1.78,119.1,1368.8,29.2,220.7,0.445,22.2,44.1,11.2,0.505,863.7,0.23,0
96.44,328.07,925.83,0.505,0.404,4.5,235.4,1902.0,40.7,324.8,0.648,32.9,76.7,17.4,0.687,545.8,0.209,1
69.13,170.37,725.82,0.369,0.338,7.05,845.9,214.2,14.0,162.4,0.74,29.8,96.3,24.6,0.782,4.7,0.199,1
10.95,47.21,259.24,0.239,0.182,1.23,65.5,2221.4,20.3,65.2,0.626,22.7,61.2,35.6,0.727,1269.4,0.752,0
152.95,437.0,1174.74,0.547,0.46,7.21,355.3,494.2,9.6,66.9,0.638,36.6,88.6,13.2,0.779,218.6,0.088,1
74.54,241.83,634.37,0.481,0.378,7.31,780.6,838.7,20.2,7.4,0.718,18.2,93.8,38.4,0.783,208.0,0.798,1
8.86,38.46,211.23,0.339,0.271,0.78,84.0,238.2,2.7,294.3,0.24,31.7,68.4,37.0,0.241,409.7,0.422,0
75.85,177.69,684.95,0.546,0.493,5.38,451.9,1183.0,22.3,210.2,0.652,28.9,82.4,29.8,0.672,209.2,0.533,1
2.93,30.34,143.19,0.177,0.163,0.95,58.7,852.1,33.5,167.0,0.212,28.6,71.7,32.2,0.155,800.6,0.765,0
4.16,11.52,70.56,0.175,0.151,2.62,169.6,548.1,15.4,267.6,0.461,29.0,68.3,13.6,0.502,580.5,0.241,0
15.2,77.54,371.41,0.283,0.261,2.43,156.4,449.8,10.8,113.8,0.169,27.7,59.8,16.1,0.222,360.5,0.227,0
38.77,121.68,341.44,0.268,0.247,2.95,322.5,358.1,14.1,262.5,0.318,36.9,40.6,32.9,0.375,1903.5,0.495,0
2.52,18.24,95.96,0.115,0.092,0.93,38.4,168.1,13.0,308.7,0.195,30.4,65.4,7.3,0.166,183.3,0.855,0
8.59,40.3,158.37,0.137,0.121,2.86,277.0,546.0,17.3,221.9,0.642,27.2,56.9,24.2,0.732,3007.9,0.579,0
130.88,450.85,1923.65,0.549,0.497,7.18,835.7,19.9,9.9,349.6,0.497,35.2,87.7,24.4,0.536,537.3,0.067,1
222.27,471.6,1165.79,0.416,0.359,6.02,602.8,214.0,5.2,264.4,0.229,35.8,93.8,18.0,0.181,1021.6,0.639,1
118.83,366.38,1200.76,0.375,0.341,5.35,423.9,2417.1,43.2,157.9,0.656,33.5,75.3,22.2,0.626,37.2,0.589,1
11.65,41.87,203.91,0.179,0.157,1.3,60.7,1010.7,43.5,225.0,0.518,29.5,52.6,42.6,0.579,920.5,0.386,0
1.51,20.67,142.37,0.231,0.187,0.57,24.3,2296.7,32.2,43.4,0.15,18.9,68.3,40.4,0.247,209.2,0.377,0
3.04,37.52,202.86,0.193,0.171,0.95,54.1,1005.0,25.5,328.5,0.306,36.2,50.2,14.3,0.243,1535.8,0.133,0
161.12,575.19,1998.4,0.472,0.41,7.0,622.8,1949.9,27.0,234.2,0.186,34.4,91.3,43.6,0.222,66.9,0.054,1
103.46,358.62,1355.91,0.537,0.47,6.25,477.1,1751.3,23.6,147.8,0.16,36.7,93.5,27.0,0.171,61.2,0.093,1
7.16,56.66,313.03,0.23,0.177,2.18,192.0,413.9,3.9,307.3,0.543,20.7,48.8,8.4,0.588,970.2,0.061,0
9.72,55.65,265.3,0.197,0.153,1.71,80.1,1175.4,31.0,22.0,0.185,37.2,59.7,23.7,0.231,1350.0,0.788,0
99.7,225.47,995.66,0.369,0.337,4.04,429.3,312.9,2.5,191.5,0.196,37.3,75.2,20.9,0.177,126.6,0.874,1
10.81,46.02,266.96,0.3,0.251,2.12,200.4,1021.0,30.7,267.5,0.607,27.1,73.6,43.3,0.705,578.6,0.072,0
43.88,117.67,515.1,0.35,0.277,1.59,144.4,713.4,18.6,253.5,0.7,19.5,40.3,32.9,0.813,325.4,0.514,0
139.79,392.13,877.66,0.441,0.339,7.3,392.6,1547.1,34.9,6.1,0.271,30.4,89.7,36.2,0.346,32.9,0.201,1
112.9,270.06,815.89,0.523,0.419,4.11,344.0,1864.6,30.4,81.4,0.717,30.5,80.6,32.0,0.823,366.2,0.499,1
7.96,34.42,147.96,0.263,0.213,1.18,71.5,2285.4,33.4,309.7,0.282,28.6,74.6,20.7,0.271,2834.5,0.513,0
10.7,43.08,214.8,0.296,0.28,2.18,249.7,129.3,6.0,93.4,0.337,24.6,70.2,10.6,0.356,5112.4,0.123,0
73.03,256.53,772.41,0.52,0.477,5.06,391.7,1860.5,37.3,172.5,0.523,19.4,78.8,23.8,0.528,725.2,0.524,1
6.17,42.95,162.1,0.103,0.079,0.86,55.7,326.8,10.6,355.6,0.582,29.2,51.9,19.6,0.619,2165.9,0.865,0
16.9,60.46,252.11,0.32,0.288,0.91,105.8,2172.3,18.0,215.0,0.742,24.3,40.9,7.7,0.795,4943.4,0.061,0
11.14,43.59,266.74,0.229,0.198,1.62,91.4,1627.4,35.1,200.6,0.6,20.0,65.5,20.4,0.696,1540.3,0.54,0
39.89,142.32,484.92,0.194,0.154,1.35,107.6,2256.4,18.4,208.3,0.386,21.8,66.9,27.0,0.422,1025.6,0.185,0
6.02,31.75,115.16,0.155,0.14,1.18,63.5,332.9,4.6,64.6,0.17,33.8,48.2,27.8,0.102,2043.9,0.669,0
104.97,377.52,808.93,0.403,0.305,6.67,317.3,1215.4,37.3,247.8,0.507,34.1,80.6,44.8,0.574,407.2,0.126,1
16.78,32.69,111.58,0.191,0.171,1.14,50.2,1236.9,29.1,8.4,0.647,33.4,58.0,20.3,0.697,1034.3,0.863,0
7.56,42.84,202.86,0.251,0.233,0.78,32.1,1855.7,15.8,116.3,0.641,19.5,56.3,17.3,0.748,1319.6,0.169,0
91.83,295.28,1336.86,0.46,0.427,4.72,456.4,2425.1,30.4,111.0,0.566,20.2,96.3,29.5,0.648,926.9,0.613,1
78.18,259.79,893.95,0.446,0.404,7.1,504.3,42.5,5.6,26.9,0.592,22.7,83.3,32.2,0.62,18.7,0.95,1
252.47,688.37,2574.5,0.436,0.409,7.58,862.0,1629.3,17.8,120.9,0.184,37.6,88.5,7.2,0.214,430.4,0.836,1
61.58,146.98,627.28,0.357,0.318,7.56,681.6,111.7,5.8,217.0,0.182,23.5,92.4,6.6,0.278,322.6,0.901,1
27.48,84.5,239.93,0.297,0.263,1.3,135.9,1061.2,39.9,135.7,0.476,36.7,56.7,15.3,0.434,935.1,0.556,0
173.96,423.43,1280.53,0.353,0.266,4.19,262.6,2124.8,22.6,7.5,0.141,31.2,97.8,13.6,0.186,221.1,0.117,1
6.1,39.89,229.46,0.108,0.084,0.77,44.1,1410.5,18.3,225.3,0.218,18.5,45.0,40.8,0.198,1226.0,0.473,0
100.27,323.22,1418.41,0.403,0.365,6.0,453.4,2125.9,28.3,110.0,0.577,27.7,76.5,41.2,0.572,461.0,0.471,1
14.38,55.52,237.04,0.325,0.308,0.85,90.6,1608.8,40.9,359.4,0.116,34.7,52.1,29.0,0.123,2266.7,0.394,0
43.17,135.22,452.17,0.433,0.387,5.94,465.5,2264.8,24.7,323.9,0.205,19.3,78.2,40.6,0.217,998.1,0.809,1
227.63,709.79,3089.52,0.462,0.4,7.63,641.2,1982.4,40.1,175.5,0.614,30.2,77.3,8.3,0.676,226.3,0.86,1
11.91,42.17,228.47,0.118,0.093,1.84,126.4,1813.4,18.4,132.6,0.701,24.4,54.8,18.4,0.769,131.6,0.806,0
216.66,724.38,2999.21,0.374,0.352,7.46,652.1,1861.9,27.2,25.1,0.263,22.0,82.6,15.9,0.24,48.7,0.278,1
188.03,588.51,1796.36,0.354,0.311,3.61,290.6,1419.6,29.7,0.5,0.43,28.6,81.9,8.8,0.513,47.2,0.229,1
145.92,309.07,639.65,0.491,0.416,5.12,393.9,2124.8,26.9,287.5,0.675,33.9,79.7,28.2,0.72,167.1,0.091,1
7.97,36.41,154.65,0.178,0.164,1.78,149.5,1169.7,41.6,177.3,0.624,33.6,66.9,28.2,0.782,1648.1,0.61,0
74.05,201.67,922.07,0.37,0.348,6.13,450.8,174.1,4.4,114.7,0.655,21.5,78.6,23.7,0.75,392.1,0.616,1
13.9,71.41,196.25,0.23,0.19,2.15,221.2,1876.2,40.9,205.1,0.31,25.0,60.5,41.2,0.387,373.9,0.223,0
4.12,52.99,230.36,0.212,0.181,1.39,63.0,1848.2,40.0,110.1,0.29,25.0,68.5,26.4,0.328,2367.0,0.638,0
10.15,58.43,220.98,0.157,0.121,0.51,34.9,346.8,5.7,138.0,0.57,34.5,60.3,27.0,0.721,1629.4,0.051,0
15.41,64.12,264.08,0.254,0.239,2.85,285.9,632.3,22.7,26.3,0.438,27.9,57.7,5.1,0.521,647.8,0.304,0
201.42,460.62,1414.29,0.535,0.414,7.03,486.8,620.3,25.9,159.1,0.665,25.5,94.4,23.0,0.797,631.4,0.463,1
12.69,50.2,173.74,0.166,0.155,2.9,224.6,1485.0,31.9,51.2,0.583,34.1,54.6,12.2,0.676,735.5,0.139,0
100.52,335.33,791.1,0.522,0.412,8.14,581.2,1399.8,19.5,155.0,0.327,35.8,93.9,25.7,0.369,215.1,0.452,1
5.62,37.18,91.88,0.21,0.195,1.43,97.6,306.9,10.9,279.1,0.637,24.5,53.5,29.4,0.695,352.2,0.233,0
14.02,60.45,207.26,0.213,0.179,1.45,121.5,1103.0,15.2,84.8,0.7,37.7,72.8,32.6,0.784,446.5,0.3,0
9.14,38.46,114.69,0.132,0.115,0.86,45.7,71.6,5.4,82.6,0.176,28.7,64.7,32.2,0.188,4536.3,0.48,0
19.71,86.1,374.28,0.169,0.128,2.52,188.5,401.1,8.0,256.0,0.449,19.2,70.5,16.3,0.542,939.7,0.848,0
14.63,54.32,168.79,0.14,0.116,2.05,205.7,182.0,7.3,193.3,0.47,25.3,58.4,26.0,0.532,1584.7,0.571,0
8.32,38.29,158.49,0.325,0.276,1.14,46.4,1239.6,26.2,151.3,0.139,28.9,71.0,27.9,0.192,223.0,0.066,0
70.38,181.42,711.82,0.521,0.392,7.51,662.6,165.4,14.7,17.6,0.11,34.5,81.6,38.9,0.148,43.5,0.179,1
27.15,86.33,267.75,0.32,0.282,2.42,286.9,2378.7,38.7,169.3,0.217,32.2,66.4,17.4,0.223,2909.2,0.107,0
17.33,81.5,369.88,0.232,0.213,2.71,195.5,1569.4,19.5,147.0,0.643,22.0,66.1,11.2,0.673,1.4,0.218,0
7.03,46.14,210.76,0.266,0.201,0.94,77.7,1931.7,24.2,58.4,0.516,26.5,43.1,31.6,0.615,1853.6,0.359,0
72.75,188.31,878.96,0.481,0.408,5.02,257.2,1035.6,36.9,335.0,0.217,20.0,90.9,35.5,0.274,114.5,0.208,1
110.76,386.73,978.94,0.397,0.3,4.93,475.9,2373.8,31.5,146.4,0.495,35.5,80.4,43.5,0.521,30.8,0.466,1
16.92,74.82,194.77,0.276,0.255,1.37,100.9,1939.6,38.9,0.3,0.508,18.1,47.5,23.6,0.458,849.5,0.792,0
2.4,38.49,151.7,0.268,0.21,1.51,153.1,789.3,20.0,348.7,0.404,23.2,52.5,34.5,0.477,847.0,0.793,0
14.37,63.52,195.79,0.347,0.264,1.84,92.3,311.2,8.1,167.8,0.441,33.2,74.2,25.2,0.548,3212.0,0.356,0
89.01,294.57,1051.93,0.505,0.465,3.81,175.3,1154.9,37.7,224.2,0.55,18.4,76.6,10.4,0.56,38.6,0.344,1
11.05,60.97,267.87,0.214,0.179,1.06,66.5,1380.5,27.4,138.6,0.686,32.4,68.9,41.7,0.776,2848.0,0.721,0
18.85,79.87,307.27,0.347,0.267,1.31,70.5,1333.8,34.9,282.1,0.657,31.1,55.2,30.0,0.784,368.8,0.424,0
19.28,95.8,471.44,0.182,0.16,0.52,55.1,2351.6,20.9,111.6,0.561,26.9,72.7,6.2,0.583,23.1,0.923,0
25.26,91.13,277.49,0.341,0.304,1.29,129.7,1739.1,34.6,163.2,0.656,20.8,61.0,23.0,0.627,532.6,0.45,0
13.5,75.06,324.86,0.304,0.263,1.86,218.6,1168.2,20.2,152.8,0.508,24.2,74.0,14.2,0.624,3604.5,0.269,0
115.82,241.39,812.76,0.47,0.384,4.1,185.8,1783.7,37.9,156.3,0.588,22.0,91.2,40.5,0.568,697.9,0.059,1
4.64,33.5,154.44,0.107,0.09,1.83,115.3,876.1,31.3,226.0,0.674,18.1,49.5,24.0,0.75,430.0,0.909,0
111.37,375.14,848.71,0.458,0.431,5.5,647.2,2000.2,27.9,283.5,0.671,25.4,95.6,23.5,0.766,238.0,0.157,1
44.8,139.34,498.65,0.131,0.112,0.87,42.0,2206.0,17.1,140.9,0.628,36.0,44.0,17.7,0.677,470.8,0.208,0
7.2,41.29,179.07,0.207,0.172,2.9,229.9,2368.2,35.0,226.2,0.456,27.6,66.0,6.8,0.61,31.3,0.085,0
129.57,273.09,1294.04,0.522,0.466,4.2,388.3,95.1,3.8,23.2,0.223,30.0,81.1,16.2,0.252,976.7,0.468,1
40.61,137.43,571.71,0.228,0.175,1.6,92.9,730.7,18.7,25.8,0.646,36.8,62.3,27.3,0.737,2872.8,0.418,0
95.37,237.58,593.49,0.503,0.407,6.25,637.8,421.7,5.3,38.3,0.593,27.0,75.9,18.1,0.634,259.3,0.784,1
81.21,231.4,784.97,0.424,0.337,5.55,600.4,1670.3,20.5,82.1,0.602,29.7,80.0,7.2,0.68,81.6,0.55,1
4.06,37.15,189.2,0.255,0.226,2.13,153.0,646.2,35.5,64.1,0.182,19.8,62.4,36.3,0.221,485.4,0.574,0
143.78,442.72,1590.93,0.395,0.344,7.7,741.3,1161.1,29.6,172.3,0.657,20.7,79.5,27.3,0.711,102.8,0.761,1
2.5,36.73,185.68,0.293,0.264,2.8,231.0,1965.6,29.0,96.0,0.619,29.7,66.4,12.7,0.635,411.6,0.575,0
93.08,293.72,856.55,0.419,0.35,3.78,357.0,2128.6,28.9,247.5,0.358,19.0,82.0,27.1,0.326,394.4,0.559,1
6.12,30.75,139.01,0.322,0.252,2.11,160.5,1515.8,27.4,280.7,0.411,18.7,63.3,32.7,0.417,495.6,0.886,0
92.16,242.54,534.6,0.467,0.367,7.91,338.0,1133.8,30.5,145.3,0.72,20.1,87.5,31.3,0.876,842.9,0.443,1
15.45,57.36,289.2,0.136,0.127,2.27,149.8,168.2,6.2,318.5,0.128,22.7,50.9,30.7,0.056,311.3,0.621,0
226.32,536.17,1917.61,0.487,0.373,4.31,274.3,1846.0,23.5,210.7,0.186,20.0,85.2,11.3,0.286,452.7,0.396,1
23.53,81.69,247.53,0.387,0.337,8.26,940.6,1780.3,18.0,315.5,0.631,23.1,91.6,6.3,0.786,489.7,0.636,1
101.52,347.45,1280.73,0.461,0.367,4.66,350.0,597.4,40.1,167.5,0.498,32.8,95.9,11.1,0.546,262.4,0.059,1
274.93,909.03,2555.84,0.429,0.34,4.61,517.5,1825.6,45.0,123.4,0.135,26.3,91.9,26.6,0.225,40.6,0.704,1
103.35,327.53,917.37,0.463,0.357,4.05,163.8,585.7,36.1,192.7,0.554,31.3,79.6,27.8,0.608,29.0,0.754,1
132.88,396.42,1570.69,0.399,0.378,4.94,447.4,1690.8,16.4,138.7,0.352,33.3,76.9,31.8,0.368,100.0,0.84,1
19.5,90.3,433.32,0.225,0.171,2.69,206.2,376.9,6.6,114.8,0.397,24.6,55.6,23.1,0.403,1688.2,0.5,0
23.25,92.24,362.55,0.14,0.109,1.82,79.2,2281.6,15.2,38.4,0.247,35.9,45.5,43.0,0.253,396.6,0.308,0
13.99,70.46,346.37,0.237,0.195,1.59,123.2,1001.1,23.3,169.9,0.214,35.2,52.4,22.0,0.262,331.7,0.707,0
28.57,92.61,296.76,0.342,0.287,1.57,111.2,1511.4,17.4,230.1,0.378,26.3,63.1,25.4,0.413,405.2,0.904,0
3.45,29.52,126.64,0.259,0.244,1.61,91.9,524.7,27.6,286.5,0.48,34.5,59.8,27.8,0.505,448.6,0.743,0
29.3,105.99,412.26,0.44,0.351,5.58,258.5,2132.2,27.9,312.7,0.24,24.7,84.2,31.2,0.206,26.0,0.87,1
28.9,115.66,373.16,0.297,0.266,0.88,90.4,2420.9,20.3,61.1,0.395,32.5,64.7,5.7,0.362,1027.5,0.157,0
162.98,344.14,1358.35,0.427,0.376,6.3,558.8,769.7,39.9,139.0,0.482,37.4,80.9,26.3,0.466,90.6,0.882,1
17.53,65.89,225.1,0.171,0.146,1.47,128.1,518.9,38.0,220.1,0.414,24.2,53.7,37.1,0.419,2992.1,0.69,0
20.35,105.23,460.25,0.347,0.279,2.5,281.7,1346.6,39.8,228.9,0.404,29.5,61.0,16.6,0.618,858.8,0.79,0
299.5,835.72,2872.51,0.478,0.373,6.84,280.4,2395.3,31.4,313.3,0.288,25.2,80.5,18.9,0.373,304.1,0.429,1
160.22,541.64,2206.22,0.356,0.28,5.19,432.3,1910.4,15.2,186.5,0.173,27.9,95.8,24.9,0.259,129.5,0.563,1
127.15,295.64,1242.31,0.39,0.319,8.45,981.9,2459.5,42.7,196.2,0.718,22.4,84.2,19.0,0.793,173.4,0.602,1
191.74,394.9,914.9,0.475,0.369,6.76,513.8,2190.0,42.6,129.3,0.687,26.6,80.8,12.0,0.703,99.4,0.517,1
37.14,104.13,318.88,0.334,0.317,0.98,76.4,1719.3,31.3,344.5,0.705,30.9,40.8,30.1,0.693,82.2,0.137,0
255.95,683.63,2928.89,0.403,0.338,4.24,193.1,469.7,11.9,76.9,0.456,24.9,81.9,43.2,0.525,82.7,0.259,1
10.67,57.22,243.94,0.119,0.102,1.32,127.3,2202.5,23.0,261.3,0.27,23.8,70.4,21.0,0.29,200.4,0.176,0
14.49,76.44,314.62,0.227,0.198,1.18,119.4,1519.1,30.5,188.3,0.314,24.6,44.0,24.3,0.338,2402.5,0.795,0
25.01,110.0,341.05,0.172,0.136,0.75,38.3,1134.6,35.7,96.1,0.491,24.2,71.4,8.1,0.501,3020.3,0.385,0
15.35,65.27,260.43,0.185,0.156,1.41,128.6,1256.3,30.1,71.3,0.565,21.2,69.3,20.0,0.607,660.9,0.309,0
19.03,52.88,220.48,0.129,0.098,0.59,41.0,2410.1,40.5,210.9,0.519,36.1,56.6,25.1,0.484,1100.1,0.246,0
93.98,227.31,997.38,0.497,0.47,6.77,576.7,37.5,3.1,16.3,0.215,37.1,77.5,13.9,0.197,134.0,0.682,1
269.5,524.16,1358.15,0.4,0.338,6.92,650.7,1878.0,20.0,344.2,0.679,23.3,75.5,44.0,0.73,281.0,0.518,1
31.65,105.09,322.2,0.29,0.219,1.39,67.0,1907.6,39.9,123.0,0.499,30.3,42.1,6.1,0.603,1156.7,0.583,0
8.33,40.26,92.76,0.274,0.238,2.43,155.6,247.4,11.2,359.5,0.662,24.3,49.6,39.6,0.704,107.3,0.731,0
6.63,37.86,201.18,0.265,0.204,1.2,129.1,2415.9,30.4,201.6,0.502,29.6,68.7,28.7,0.616,529.1,0.923,0
2.04,39.95,191.76,0.317,0.288,0.69,36.8,1243.9,29.9,111.0,0.363,23.9,56.9,20.0,0.395,4374.4,0.717,0
49.64,122.81,330.37,0.357,0.336,7.4,681.4,1791.0,35.7,82.9,0.156,19.2,89.7,18.4,0.114,324.3,0.924,1
9.25,40.01,141.54,0.154,0.143,2.55,272.7,1071.9,34.9,275.9,0.297,21.0,58.2,6.7,0.31,143.4,0.678,0
106.94,274.5,862.91,0.433,0.362,4.16,374.4,798.5,22.8,19.6,0.224,28.5,87.8,13.1,0.282,286.2,0.659,1
7.63,47.32,281.86,0.141,0.126,1.94,199.8,1429.3,37.5,280.4,0.725,23.0,66.4,24.1,0.828,1607.6,0.18,0
142.16,489.95,2229.01,0.465,0.363,7.93,627.8,2231.4,40.6,227.7,0.36,27.7,77.4,38.9,0.354,198.1,0.134,1
7.04,35.46,155.03,0.328,0.251,2.37,262.4,1604.0,22.1,125.2,0.688,36.2,65.2,37.0,0.84,2379.6,0.072,0
39.73,145.03,645.9,0.414,0.378,5.5,518.2,1636.1,28.5,205.1,0.315,18.8,91.4,27.4,0.379,112.8,0.674,1
58.92,175.62,512.35,0.123,0.11,1.02,69.0,798.4,24.1,318.9,0.18,34.3,54.6,16.1,0.271,423.3,0.634,0
100.1,289.61,755.42,0.527,0.491,7.54,615.5,593.1,20.3,341.3,0.626,27.7,90.3,20.4,0.704,153.7,0.618,1
27.52,77.15,241.06,0.142,0.133,1.35,123.7,1573.8,17.8,336.3,0.405,21.1,55.9,5.8,0.513,1331.3,0.613,0
40.7,137.18,639.95,0.133,0.109,1.18,122.0,373.4,11.8,185.2,0.653,22.6,67.7,35.8,0.701,2236.1,0.67,0
94.42,209.78,893.54,0.493,0.401,8.23,440.3,1121.7,21.8,211.5,0.468,37.8,93.1,39.9,0.555,147.4,0.802,1
56.24,164.84,529.22,0.509,0.427,3.95,471.0,631.9,33.8,65.7,0.165,25.0,91.2,11.7,0.146,333.7,0.703,1
126.74,269.19,1254.02,0.404,0.357,5.12,266.5,1767.3,28.1,330.9,0.121,19.3,93.7,38.1,0.208,17.7,0.589,1
207.73,584.36,1348.64,0.433,0.325,4.34,362.3,1342.5,30.1,23.1,0.204,29.7,86.8,32.6,0.112,337.2,0.246,1
102.14,304.83,907.01,0.398,0.341,5.65,233.8,259.7,1.1,174.1,0.308,21.8,78.3,42.7,0.422,592.9,0.741,1
0.15,27.86,179.24,0.161,0.122,2.92,219.3,1404.1,33.5,75.2,0.366,36.0,57.1,14.5,0.317,1108.7,0.275,0
6.14,43.36,240.92,0.21,0.177,0.67,27.1,1507.9,38.9,157.2,0.662,25.1,73.2,34.8,0.623,2142.2,0.662,0
20.2,86.11,326.51,0.125,0.096,0.99,45.1,733.8,20.3,247.8,0.672,30.4,45.8,28.6,0.68,814.5,0.171,0
108.59,348.51,1457.72,0.52,0.448,3.52,295.0,834.0,24.4,152.2,0.397,35.0,76.7,43.8,0.444,602.6,0.509,1
25.1,96.38,505.72,0.284,0.231,1.28,98.2,2188.4,18.4,333.2,0.526,37.7,61.8,32.7,0.596,5409.4,0.62,0
4.02,34.8,135.4,0.132,0.112,0.64,28.8,288.4,4.4,230.4,0.185,37.2,61.7,24.1,0.232,3737.8,0.784,0
163.15,431.5,1266.11,0.548,0.516,6.07,694.8,2420.3,24.4,204.4,0.719,20.2,88.6,32.6,0.756,276.0,0.682,1
212.43,615.32,1469.89,0.518,0.424,3.68,250.3,542.4,38.8,156.5,0.319,24.8,87.7,44.9,0.347,1265.6,0.776,1
27.31,98.01,431.63,0.3,0.268,1.23,122.1,612.0,36.8,125.3,0.521,30.9,65.0,36.7,0.555,2154.7,0.82,0
14.53,64.09,275.05,0.291,0.258,0.88,102.6,983.8,16.3,322.1,0.459,20.5,45.7,42.7,0.501,611.1,0.839,0
14.52,57.97,220.82,0.23,0.212,1.56,176.2,2370.6,18.1,150.6,0.598,25.7,55.2,43.5,0.676,422.9,0.843,0
7.14,15.78,75.33,0.287,0.234,1.42,134.3,2240.9,33.1,208.8,0.745,37.0,71.9,37.3,0.813,41.3,0.287,0
32.13,67.62,287.35,0.159,0.121,2.81,116.5,1869.1,36.1,177.2,0.383,21.8,45.6,13.6,0.431,1682.5,0.777,0
106.1,229.49,924.73,0.492,0.465,6.38,582.6,1988.7,26.1,216.8,0.293,27.9,76.0,37.4,0.255,454.7,0.065,1
149.05,418.49,1696.98,0.354,0.291,7.61,355.3,1309.0,21.0,77.2,0.166,19.0,93.3,8.2,0.233,5.7,0.892,1
160.42,463.06,1070.25,0.516,0.407,8.49,629.9,2263.4,19.8,353.7,0.615,30.8,96.0,20.4,0.708,50.2,0.218,1
8.93,23.22,119.87,0.345,0.322,1.87,211.0,327.0,12.2,137.5,0.303,29.9,71.7,44.1,0.345,1103.9,0.845,0
120.26,343.77,890.06,0.444,0.35,3.81,189.0,1359.6,20.0,96.0,0.389,34.7,95.2,25.4,0.387,229.7,0.774,1
2.21,29.17,192.71,0.136,0.116,1.28,123.5,2055.6,24.6,13.6,0.722,35.4,59.0,26.2,0.757,263.4,0.401,0
13.39,59.71,282.36,0.186,0.168,1.49,93.7,1429.1,29.7,303.5,0.716,22.2,47.2,34.1,0.777,2729.6,0.917,0
157.94,499.06,1925.03,0.43,0.385,6.67,353.1,2038.4,35.3,234.4,0.551,35.2,90.4,16.9,0.663,34.6,0.135,1
15.79,51.05,191.78,0.2,0.151,2.16,127.7,426.0,14.2,107.3,0.167,37.6,42.2,6.8,0.135,2416.0,0.312,0
22.8,95.9,387.99,0.275,0.217,1.82,131.8,106.0,7.5,134.1,0.392,35.7,57.0,13.4,0.365,817.6,0.278,0
164.93,415.12,1747.67,0.369,0.343,7.11,742.1,1401.1,34.6,171.3,0.691,35.3,93.3,36.4,0.717,106.6,0.057,1
16.26,71.39,306.99,0.241,0.208,0.68,54.9,1745.9,38.6,151.1,0.428,29.4,47.6,19.6,0.508,725.1,0.198,0
168.71,585.69,2465.01,0.547,0.485,6.01,408.6,1394.1,42.1,153.0,0.74,31.1,95.1,10.0,0.829,511.4,0.765,1
25.19,102.62,329.61,0.106,0.088,0.82,44.4,915.7,21.9,224.5,0.223,33.8,45.4,30.4,0.279,7539.5,0.799,0
100.1,327.42,902.08,0.472,0.424,8.44,509.1,1809.5,33.7,305.7,0.488,21.6,76.2,25.8,0.5,954.7,0.721,1
5.92,21.94,140.05,0.145,0.117,1.63,188.0,2326.3,16.1,135.8,0.223,37.5,64.4,22.9,0.245,290.7,0.543,0
34.55,73.12,282.85,0.28,0.223,0.85,49.1,1429.1,44.7,64.9,0.617,24.0,49.3,14.3,0.721,4826.9,0.619,0
143.23,429.24,1184.79,0.436,0.414,5.49,362.9,434.2,2.2,11.1,0.696,28.3,76.5,34.9,0.73,850.5,0.573,1
1.91,29.76,69.47,0.33,0.258,1.74,137.2,1308.0,26.1,161.5,0.14,29.0,55.5,27.4,0.237,1664.5,0.277,0
17.41,89.18,346.05,0.12,0.113,1.74,132.9,1879.2,33.5,76.8,0.377,34.7,46.4,44.3,0.455,723.4,0.396,0
1.68,29.65,143.56,0.245,0.229,2.92,188.1,502.3,31.4,77.8,0.125,27.3,64.0,39.5,0.122,1661.8,0.787,0
4.39,41.47,126.15,0.106,0.095,2.18,90.2,1114.2,40.3,31.7,0.145,26.3,45.8,14.5,0.235,186.1,0.134,0
18.78,69.3,374.55,0.343,0.297,2.33,246.8,1674.5,29.4,55.3,0.339,25.1,71.2,26.3,0.351,103.5,0.085,0
33.57,133.58,511.16,0.153,0.115,2.02,93.4,206.4,14.6,161.5,0.479,35.7,72.3,26.2,0.463,2630.4,0.669,0
36.2,91.66,382.82,0.414,0.363,5.84,602.4,518.9,29.4,246.7,0.654,35.0,90.0,10.9,0.72,471.0,0.805,1
41.1,159.18,763.54,0.338,0.306,0.66,42.5,1806.6,18.6,161.7,0.716,26.6,56.8,37.5,0.763,2016.4,0.606,0
2.83,9.39,59.07,0.108,0.096,1.9,214.8,789.4,39.2,258.8,0.275,26.3,42.2,18.4,0.308,638.4,0.736,0
44.71,164.72,627.78,0.228,0.179,1.62,128.9,242.3,11.5,278.1,0.246,21.8,53.0,10.7,0.327,4049.4,0.93,0
25.15,100.0,442.02,0.232,0.199,0.81,33.1,1865.4,26.1,237.9,0.203,28.1,64.8,14.7,0.219,3299.5,0.618,0
50.32,177.31,571.02,0.42,0.362,5.84,476.0,529.3,18.2,9.0,0.113,24.8,77.3,43.9,0.097,333.7,0.45,1
8.55,43.35,216.55,0.264,0.232,1.74,196.4,265.3,12.4,198.5,0.448,26.1,72.6,27.5,0.494,1602.8,0.944,0
97.42,330.45,1486.1,0.386,0.354,8.07,348.5,1564.5,43.9,103.8,0.445,21.9,96.0,5.8,0.536,4.4,0.616,1
19.04,65.54,244.97,0.162,0.144,1.54,118.3,2276.4,42.9,311.8,0.156,30.3,46.3,26.1,0.123,100.9,0.21,0
106.5,291.19,828.55,0.446,0.347,7.73,742.3,1197.8,31.9,325.6,0.111,26.7,94.2,44.1,0.033,519.0,0.667,1
200.23,430.2,1337.53,0.404,0.305,6.61,299.2,566.9,34.1,151.5,0.348,36.1,97.1,8.7,0.352,83.0,0.719,1
76.52,261.36,866.07,0.368,0.286,4.68,274.8,1458.8,25.6,270.1,0.151,26.5,81.0,20.2,0.142,24.2,0.06,1
102.25,220.67,528.03,0.393,0.298,4.7,201.2,1592.3,21.3,136.6,0.137,33.8,78.8,21.0,0.145,373.1,0.44,1
98.91,216.51,618.97,0.454,0.38,8.33,704.1,2345.4,23.3,174.8,0.421,29.9,81.5,11.0,0.44,345.1,0.902,1
30.97,84.48,435.85,0.296,0.239,2.03,213.2,2421.0,17.4,353.8,0.628,36.0,42.4,22.1,0.663,1784.7,0.785,0
26.32,61.85,230.95,0.317,0.238,1.1,75.6,863.8,28.4,62.2,0.535,35.2,63.2,9.3,0.537,537.8,0.234,0
80.38,253.37,726.06,0.474,0.363,7.26,355.3,1842.3,17.6,217.6,0.2,35.3,90.2,32.8,0.174,350.8,0.324,1
19.11,48.66,240.76,0.297,0.246,1.83,150.0,2154.0,26.2,229.7,0.53,37.6,54.7,42.1,0.642,329.6,0.644,0
6.34,43.43,223.51,0.177,0.166,2.14,234.0,1597.2,40.5,304.0,0.328,20.2,43.1,21.5,0.336,939.9,0.871,0
64.58,170.4,567.91,0.444,0.422,5.48,477.0,2129.5,26.7,53.4,0.156,23.5,86.5,44.0,0.088,671.7,0.84,1
26.16,89.83,428.4,0.274,0.208,2.1,120.7,1309.8,28.1,325.7,0.34,18.0,43.8,27.3,0.341,2283.9,0.269,0
118.14,325.43,1182.1,0.488,0.447,5.44,312.3,1502.5,30.8,244.5,0.663,34.1,91.3,6.4,0.78,933.8,0.663,1
86.23,226.26,902.54,0.364,0.308,7.29,490.9,260.7,9.9,357.6,0.233,31.9,92.1,11.7,0.231,107.7,0.558,1
166.1,459.95,1309.44,0.422,0.369,3.81,178.0,961.0,17.5,192.7,0.42,36.6,87.2,9.1,0.458,154.2,0.388,1
108.83,288.83,743.97,0.495,0.421,7.5,625.2,44.6,12.4,226.0,0.328,32.2,88.8,33.2,0.372,547.7,0.321,1
15.56,67.62,250.5,0.215,0.201,1.16,136.2,1868.2,22.2,68.7,0.62,19.2,68.7,34.3,0.673,5665.7,0.498,0
3.57,40.46,78.87,0.269,0.228,1.4,146.5,1008.6,19.4,145.1,0.489,22.3,70.8,20.9,0.493,527.4,0.562,0
5.66,21.03,103.09,0.201,0.158,1.28,107.0,2248.1,17.6,282.7,0.366,19.9,65.9,38.2,0.385,2850.6,0.86,0
21.91,70.38,275.77,0.175,0.159,2.33,265.3,268.2,7.7,108.7,0.383,18.3,74.8,40.1,0.399,912.6,0.724,0
124.11,387.82,832.52,0.415,0.354,7.67,660.9,64.7,5.2,340.3,0.687,23.4,83.3,15.5,0.755,534.5,0.104,1
24.72,94.88,386.18,0.455,0.352,6.19,643.3,943.8,32.8,271.1,0.264,29.6,80.7,39.1,0.401,18.1,0.209,1
15.8,54.54,262.55,0.243,0.204,0.64,35.2,2434.1,25.5,80.2,0.154,35.4,61.9,37.2,0.137,2177.7,0.264,0
6.14,26.99,116.9,0.132,0.117,1.3,71.8,2426.1,30.2,330.9,0.655,31.3,51.5,21.4,0.802,1869.5,0.235,0
73.1,244.98,1134.63,0.529,0.428,7.35,803.8,1702.4,42.2,83.0,0.41,21.7,76.8,19.9,0.398,288.2,0.316,1
3.45,32.34,178.22,0.161,0.15,1.46,85.6,641.3,15.0,195.5,0.131,27.6,65.7,44.1,0.111,994.3,0.416,0
7.48,67.16,186.45,0.235,0.216,1.68,141.3,1206.2,34.1,215.0,0.688,22.6,71.7,21.5,0.705,930.7,0.065,0
1.02,1.02,17.6,0.288,0.249,2.38,135.9,2439.6,41.8,139.4,0.508,29.9,48.3,16.9,0.519,2743.4,0.111,0
145.33,497.9,2055.6,0.513,0.391,5.72,506.9,1998.5,22.3,96.2,0.264,30.0,90.1,29.3,0.352,71.1,0.646,1
133.03,464.03,1203.43,0.413,0.358,5.27,403.1,1673.5,18.5,22.2,0.554,25.1,88.8,40.0,0.609,97.5,0.591,1
83.49,211.69,532.65,0.446,0.372,4.83,508.7,2322.9,26.7,307.6,0.274,21.3,86.7,29.9,0.217,545.0,0.839,1
43.24,154.16,450.9,0.515,0.461,5.15,522.6,1740.2,43.5,60.0,0.354,32.3,96.5,40.5,0.346,797.5,0.91,1
19.68,61.08,200.77,0.231,0.185,2.03,119.4,745.8,32.5,89.0,0.33,24.0,44.5,37.1,0.246,800.8,0.709,0
0.66,15.59,93.08,0.209,0.182,0.86,69.8,1411.6,43.4,299.3,0.585,36.6,66.6,40.6,0.635,419.5,0.405,0
149.39,418.4,1683.22,0.514,0.443,3.63,429.9,675.9,23.1,120.2,0.169,25.9,94.7,36.1,0.18,184.7,0.72,1
10.23,43.1,147.07,0.144,0.123,1.92,157.3,1421.7,36.6,230.2,0.283,18.2,61.3,29.1,0.294,1744.3,0.571,0
119.01,256.23,1115.43,0.432,0.334,3.86,290.1,2404.9,23.3,210.0,0.686,28.8,97.1,7.3,0.815,30.0,0.899,1
133.74,493.53,1265.87,0.544,0.461,4.51,196.3,1270.3,30.5,284.0,0.675,28.2,85.0,19.4,0.692,442.5,0.864,1
144.39,489.71,1479.19,0.356,0.306,6.22,536.8,1270.3,42.1,233.3,0.731,25.1,94.2,7.0,0.816,58.7,0.806,1
128.81,423.24,1273.33,0.427,0.399,7.47,863.1,714.9,17.6,139.0,0.117,20.6,96.6,41.8,0.089,42.9,0.635,1
79.02,205.78,611.04,0.411,0.346,5.68,639.0,571.7,23.9,304.0,0.175,31.6,92.1,42.8,0.246,330.5,0.204,1
54.95,154.01,498.39,0.537,0.472,7.9,764.9,283.0,14.9,231.5,0.729,24.0,78.1,11.1,0.72,88.6,0.743,1
25.56,100.93,446.46,0.182,0.157,2.26,151.7,1656.8,16.8,162.2,0.288,18.9,41.3,30.0,0.286,6320.5,0.841,0
22.46,96.44,316.2,0.256,0.202,1.25,123.9,1419.2,22.1,131.9,0.573,36.3,74.6,38.0,0.728,2821.0,0.726,0
22.9,112.87,473.53,0.146,0.115,1.99,167.7,1292.3,16.9,218.4,0.715,21.2,40.2,8.2,0.759,342.9,0.577,0
65.95,162.7,406.22,0.387,0.347,5.09,429.4,2341.8,23.8,7.0,0.639,21.0,97.2,43.7,0.63,410.1,0.72,1
21.8,93.16,363.7,0.347,0.297,1.06,111.4,1608.3,15.8,270.2,0.351,20.9,65.9,29.4,0.398,717.8,0.38,0
260.83,817.52,3436.56,0.36,0.334,4.65,274.4,907.2,16.2,264.6,0.502,22.8,94.6,19.6,0.623,184.7,0.176,1
8.27,31.97,106.81,0.333,0.31,0.91,78.8,650.3,22.0,169.1,0.375,22.6,66.9,27.5,0.433,554.0,0.354,0
256.6,661.95,2453.19,0.512,0.414,6.69,589.6,1196.5,26.4,139.0,0.301,20.8,81.2,27.6,0.344,522.6,0.824,1
15.02,54.84,222.44,0.207,0.159,2.38,271.2,814.4,26.9,288.9,0.583,33.3,40.8,9.7,0.588,1301.2,0.856,0
102.78,325.71,968.81,0.53,0.434,6.37,267.0,853.7,25.5,56.4,0.738,32.5,94.8,27.8,0.837,349.2,0.231,1
213.91,717.64,1711.19,0.423,0.323,4.72,369.3,1730.2,30.4,266.5,0.394,18.8,95.7,31.8,0.402,100.3,0.129,1
31.86,109.64,470.22,0.165,0.149,2.82,172.5,732.9,42.4,9.7,0.459,20.5,66.8,14.2,0.465,5020.9,0.138,0
17.03,63.15,225.32,0.256,0.199,0.71,76.1,48.4,1.6,326.9,0.383,33.9,42.1,6.2,0.338,4003.6,0.541,0
86.0,223.16,706.58,0.512,0.473,6.16,395.4,884.7,18.0,342.8,0.734,28.6,83.4,25.3,0.784,315.2,0.29,1
5.17,29.39,148.11,0.159,0.132,1.75,109.5,2330.9,35.5,260.1,0.572,22.2,51.8,8.4,0.558,35.4,0.435,0
6.67,33.24,186.53,0.12,0.097,1.48,139.6,1649.4,43.7,269.2,0.427,33.8,67.7,15.5,0.432,9148.6,0.541,0
213.87,643.12,1865.43,0.538,0.457,3.75,235.3,1294.9,20.9,131.8,0.595,32.8,91.5,24.5,0.641,9.0,0.101,1
66.14,184.43,768.15,0.498,0.434,6.88,496.9,1109.3,20.8,316.1,0.197,32.5,75.9,6.9,0.275,1497.4,0.76,1
113.76,424.32,1922.75,0.517,0.46,4.24,180.6,2117.0,22.5,109.4,0.122,19.7,90.7,41.6,0.047,75.4,0.211,1
5.24,39.11,118.81,0.28,0.229,0.72,49.5,317.9,9.7,204.2,0.432,33.1,55.0,19.5,0.474,786.1,0.456,0
6.53,51.96,230.81,0.281,0.266,2.94,283.4,778.1,39.2,266.3,0.551,26.0,69.2,23.3,0.627,1062.5,0.834,0
159.2,548.91,1175.24,0.48,0.401,4.9,412.4,1422.7,26.4,210.5,0.168,22.3,94.1,27.4,0.145,130.7,0.79,1
76.36,201.95,861.16,0.445,0.408,7.39,379.6,1667.5,38.2,177.7,0.271,27.2,97.8,25.5,0.263,31.6,0.85,1
189.57,640.89,1788.14,0.425,0.322,6.09,643.5,803.8,33.8,82.4,0.738,24.0,83.3,13.5,0.883,256.4,0.69,1
12.78,68.34,220.79,0.301,0.273,2.64,176.3,2015.3,18.4,236.2,0.214,35.4,52.8,10.9,0.181,249.6,0.262,0
31.14,77.18,306.79,0.101,0.087,0.81,89.7,806.0,31.4,272.6,0.205,28.3,42.1,12.1,0.309,718.5,0.407,0
1.48,28.73,141.19,0.345,0.303,2.78,298.2,89.5,2.4,204.8,0.345,32.0,56.9,19.8,0.403,2727.3,0.141,0
43.64,136.03,472.51,0.348,0.287,2.64,136.3,1278.0,16.5,294.6,0.75,19.7,41.9,33.5,0.911,601.8,0.385,0
21.84,68.55,311.61,0.227,0.195,1.97,221.9,2487.9,27.6,215.7,0.301,24.3,67.0,31.6,0.365,2967.6,0.054,0
14.42,69.29,392.79,0.346,0.324,2.16,99.4,834.2,39.3,269.3,0.232,31.7,52.5,29.3,0.155,30.3,0.538,0
103.1,205.25,916.37,0.533,0.441,4.04,295.6,796.4,44.5,335.8,0.215,23.6,83.7,11.6,0.267,273.6,0.097,1
9.3,51.59,244.66,0.133,0.103,2.87,153.6,1222.8,35.9,98.0,0.616,29.5,50.7,8.8,0.624,3898.7,0.149,0
95.05,223.36,1030.09,0.376,0.336,4.82,238.5,456.3,4.8,161.3,0.643,23.6,78.9,12.2,0.711,179.4,0.574,1
261.71,661.77,2801.37,0.366,0.311,5.18,254.3,1508.6,23.4,326.7,0.565,23.1,95.8,36.8,0.665,259.9,0.109,1
94.47,258.88,1057.66,0.479,0.4,5.85,234.0,1059.0,32.6,174.9,0.673,22.4,84.8,36.6,0.749,276.5,0.671,1
13.37,67.92,349.23,0.159,0.144,2.51,259.7,1013.0,43.0,2.6,0.687,22.6,63.1,32.2,0.752,1010.2,0.657,0
48.26,126.5,542.54,0.414,0.357,4.03,245.6,1758.2,21.8,15.9,0.615,32.9,94.3,41.0,0.693,135.9,0.874,1
80.14,298.72,1029.97,0.518,0.454,7.15,291.2,473.3,13.8,36.2,0.521,18.7,80.7,6.9,0.685,72.2,0.472,1
213.55,683.65,2290.92,0.419,0.392,4.42,255.2,2496.7,30.4,146.7,0.601,23.0,81.5,31.0,0.718,329.8,0.944,1
130.35,431.03,894.91,0.476,0.363,5.19,231.3,1373.0,32.3,137.4,0.724,36.2,87.4,38.0,0.685,483.4,0.88,1
130.48,276.11,644.25,0.457,0.367,6.68,291.6,454.2,7.5,222.7,0.565,24.4,87.1,25.8,0.689,94.1,0.439,1
82.45,239.85,968.14,0.403,0.374,8.38,868.3,216.5,1.3,76.2,0.581,25.6,83.1,21.5,0.638,633.9,0.334,1
29.34,119.61,393.71,0.224,0.204,1.25,51.1,1886.6,27.8,151.5,0.322,33.8,52.6,32.3,0.363,485.0,0.49,0
150.53,357.25,1463.56,0.539,0.424,7.29,795.6,584.3,25.7,248.5,0.412,32.1,80.0,33.4,0.466,135.4,0.474,1
13.45,49.08,291.55,0.252,0.198,2.04,114.6,1852.6,37.0,356.4,0.725,18.5,40.3,32.1,0.848,232.4,0.194,0
72.72,212.58,693.17,0.507,0.464,3.97,461.2,1803.4,25.7,170.9,0.676,20.1,83.0,43.4,0.664,251.4,0.772,1
13.36,54.13,136.8,0.256,0.22,2.77,278.6,2492.0,28.1,1.0,0.197,26.6,54.4,43.7,0.204,2269.8,0.137,0
18.77,72.64,335.63,0.273,0.252,2.27,135.2,232.1,3.1,222.1,0.162,28.0,57.7,30.2,0.207,4137.1,0.154,0
107.82,306.74,727.62,0.483,0.451,7.9,500.8,1380.7,15.8,187.2,0.395,21.3,84.1,43.6,0.472,211.2,0.571,1
124.96,373.26,1403.19,0.5,0.382,3.56,220.1,1745.5,31.3,127.0,0.215,23.0,87.5,42.1,0.337,414.1,0.257,1
18.93,79.2,277.04,0.135,0.128,1.74,100.5,489.7,4.1,120.5,0.724,33.6,59.3,14.1,0.809,2030.1,0.846,0
17.89,81.49,386.17,0.213,0.191,2.33,138.8,1946.9,18.9,261.5,0.59,25.8,71.8,34.2,0.648,4056.0,0.948,0
142.47,305.38,950.17,0.382,0.351,8.44,743.5,1299.1,33.0,116.0,0.645,33.8,78.8,17.9,0.65,226.7,0.189,1
21.28,75.97,240.08,0.34,0.298,1.59,147.2,939.5,35.7,350.4,0.527,32.9,43.7,36.9,0.546,2783.5,0.895,0
124.48,259.83,683.0,0.492,0.399,5.3,301.9,913.2,30.4,34.5,0.613,25.5,97.0,17.0,0.633,380.9,0.759,1
15.53,56.52,252.4,0.211,0.183,2.13,230.1,920.5,22.5,31.3,0.247,34.8,69.5,14.2,0.278,153.6,0.391,0
241.18,546.84,1817.52,0.377,0.322,4.63,469.9,1939.5,31.0,332.1,0.742,30.3,80.9,43.9,0.778,667.2,0.53,1
118.39,347.79,1182.08,0.548,0.513,3.75,296.6,2402.2,23.3,152.6,0.484,18.6,93.1,15.9,0.491,1819.8,0.402,1
15.23,40.09,152.1,0.313,0.27,1.4,72.5,1643.4,19.5,173.2,0.32,21.9,64.9,33.1,0.339,1263.0,0.513,0
12.04,51.82,269.96,0.217,0.164,1.7,122.2,557.4,17.9,35.0,0.741,22.1,59.6,7.2,0.791,1049.4,0.513,0
20.49,85.66,412.19,0.269,0.239,2.08,146.9,311.8,3.1,129.2,0.113,18.2,55.7,25.0,0.0,606.9,0.733,0
145.29,301.35,913.91,0.403,0.307,4.85,544.1,218.7,4.1,203.2,0.549,32.0,88.5,25.6,0.584,729.6,0.647,1
82.55,234.31,961.65,0.463,0.434,3.6,392.9,1415.9,23.7,32.3,0.638,32.4,75.0,35.1,0.69,142.5,0.12,1
162.49,362.41,934.69,0.506,0.429,5.01,214.8,2221.1,34.2,251.7,0.156,34.3,75.5,32.4,0.144,343.8,0.318,1
2.07,47.14,240.45,0.278,0.262,1.13,45.9,1032.8,37.9,233.3,0.628,27.7,62.9,30.4,0.655,2706.2,0.125,0
5.7,43.56,173.22,0.14,0.106,2.42,246.0,385.3,12.7,208.8,0.558,24.7,41.3,16.4,0.703,1297.0,0.434,0
9.32,36.1,188.64,0.263,0.226,1.66,81.2,1117.5,30.2,134.8,0.296,31.4,72.9,22.3,0.289,724.6,0.485,0
8.96,57.36,186.82,0.183,0.146,2.31,129.7,1986.0,25.5,136.7,0.175,33.1,55.8,28.9,0.172,835.6,0.37,0
143.01,477.76,2018.8,0.446,0.391,7.23,836.4,1948.8,21.2,313.2,0.603,33.5,93.3,20.8,0.727,24.5,0.211,1
110.81,360.29,916.85,0.463,0.394,4.71,324.3,997.5,42.0,12.2,0.699,28.4,89.4,40.3,0.739,112.9,0.382,1
168.11,349.46,1588.92,0.519,0.448,7.67,822.3,1208.0,33.0,273.8,0.38,23.2,92.8,41.5,0.402,70.4,0.671,1
17.58,50.35,182.55,0.349,0.286,1.08,57.6,1581.8,19.3,68.4,0.472,19.8,46.9,25.4,0.388,62.0,0.16,0
151.1,457.05,1273.09,0.456,0.346,6.02,568.3,1285.4,37.3,277.8,0.36,28.0,94.6,9.7,0.365,211.7,0.522,1
157.12,571.38,2023.64,0.442,0.341,7.66,691.2,615.5,17.9,175.7,0.596,24.5,81.9,14.6,0.676,113.2,0.678,1
165.2,434.66,1836.22,0.375,0.346,6.17,610.0,1937.3,30.6,129.9,0.66,36.6,81.5,42.7,0.806,97.1,0.236,1
159.9,357.88,1319.1,0.361,0.322,5.14,325.4,1099.5,16.8,102.5,0.497,37.6,75.4,36.9,0.513,1023.7,0.879,1
12.52,63.76,243.38,0.339,0.306,2.93,149.2,865.4,29.3,174.3,0.417,18.4,70.7,33.9,0.415,1883.5,0.172,0
2.44,6.81,122.12,0.136,0.105,1.26,57.9,711.2,31.2,255.2,0.56,36.4,54.8,20.0,0.615,465.2,0.192,0
126.21,399.55,1450.45,0.405,0.308,6.79,641.6,2196.2,30.1,199.1,0.376,28.0,93.8,19.1,0.408,132.1,0.162,1
5.22,51.32,176.83,0.229,0.173,1.14,105.8,752.7,28.2,230.2,0.501,32.2,45.0,27.3,0.546,577.3,0.769,0
12.66,25.4,130.41,0.272,0.232,1.5,62.1,1757.4,22.3,336.7,0.434,21.6,70.1,27.6,0.509,825.2,0.137,0
102.07,271.95,1060.51,0.517,0.439,4.67,410.9,759.4,17.7,223.8,0.216,35.4,81.3,29.1,0.31,17.9,0.505,1
108.04,342.32,1296.75,0.516,0.398,4.62,238.1,626.4,33.8,211.4,0.358,21.0,88.6,28.0,0.415,665.5,0.849,1
139.77,313.88,1197.68,0.546,0.447,7.95,343.1,1051.0,19.6,135.3,0.269,32.8,98.0,17.7,0.328,113.5,0.562,1
6.77,31.55,175.78,0.176,0.15,2.49,202.8,2356.7,26.4,116.7,0.281,33.1,41.7,12.2,0.356,3229.8,0.377,0
29.33,93.95,432.45,0.283,0.251,2.26,131.4,2073.0,37.1,190.5,0.109,18.7,61.5,43.8,0.193,1130.8,0.458,0
134.76,376.69,1386.78,0.533,0.486,8.05,668.6,700.4,33.2,4.8,0.638,29.8,96.3,8.7,0.725,67.9,0.073,1
193.23,485.83,1068.68,0.443,0.389,4.72,459.4,911.5,41.2,207.4,0.118,30.9,82.9,37.7,0.093,88.1,0.501,1
118.91,390.8,1566.7,0.524,0.396,6.81,776.8,1524.4,35.4,120.0,0.598,33.4,90.0,12.9,0.708,160.9,0.861,1
149.28,505.48,2316.39,0.354,0.307,5.76,388.0,1074.4,43.2,279.2,0.21,31.2,96.7,43.1,0.332,685.0,0.837,1
100.3,215.52,628.23,0.451,0.346,3.99,294.4,2181.8,21.5,49.4,0.707,19.1,94.7,25.0,0.75,30.5,0.113,1
117.53,276.62,1009.49,0.534,0.461,7.27,385.8,1375.6,16.2,260.2,0.623,27.6,85.4,18.5,0.704,71.8,0.492,1
22.96,103.27,497.18,0.198,0.163,2.24,219.2,2156.5,17.4,160.7,0.175,34.5,58.0,41.8,0.221,3651.0,0.14,0
52.69,163.51,574.59,0.536,0.433,5.3,561.0,646.4,21.1,151.5,0.622,30.0,85.9,18.6,0.703,500.5,0.579,1
53.28,158.76,756.07,0.352,0.298,4.57,440.5,1715.2,16.6,16.3,0.333,21.0,89.6,26.1,0.394,1357.9,0.461,1
60.86,137.92,500.33,0.366,0.302,7.52,567.3,1038.4,22.9,123.7,0.694,21.4,80.2,37.0,0.718,124.8,0.657,1
9.29,51.63,221.88,0.149,0.136,1.88,159.4,273.2,8.4,335.7,0.431,24.3,72.5,34.9,0.519,530.5,0.505,0
206.69,709.7,1555.17,0.371,0.295,4.59,264.4,961.0,22.9,4.4,0.576,28.2,97.2,40.8,0.7,108.5,0.445,1
25.03,59.12,315.66,0.293,0.227,0.83,82.1,856.3,39.5,51.6,0.115,24.6,62.5,19.7,0.09,145.5,0.37,0
51.56,177.62,492.51,0.41,0.376,4.24,394.3,811.0,24.6,282.9,0.136,21.8,88.4,13.2,0.101,218.0,0.109,1
16.29,79.72,384.94,0.304,0.243,1.57,179.1,1572.0,28.1,146.2,0.101,30.2,56.3,22.4,0.107,1085.6,0.67,0
92.46,259.86,691.39,0.428,0.324,6.11,521.7,1021.1,40.6,53.1,0.121,34.4,92.4,32.3,0.149,374.9,0.207,1
5.01,43.46,122.03,0.328,0.271,2.95,294.6,289.6,3.2,62.5,0.459,30.3,57.6,15.5,0.504,56.9,0.786,0
10.69,52.31,217.84,0.115,0.105,2.7,215.9,534.6,18.7,43.0,0.609,21.0,62.4,32.1,0.673,132.2,0.341,0
11.02,59.04,278.31,0.211,0.177,0.66,70.7,1274.5,25.8,15.8,0.134,18.8,47.1,11.8,0.133,1319.1,0.665,0
58.2,182.0,637.8,0.482,0.407,6.44,563.1,1297.0,39.4,357.0,0.278,29.8,89.8,44.8,0.324,140.6,0.932,1
18.95,58.85,221.02,0.332,0.252,1.21,93.5,101.9,8.5,175.5,0.399,37.6,47.8,26.9,0.347,283.5,0.455,0
36.97,112.92,413.32,0.169,0.151,1.31,67.4,446.1,5.1,95.9,0.429,21.8,71.3,8.1,0.432,1033.8,0.744,0
203.56,461.12,2081.45,0.379,0.311,3.91,407.8,1646.2,37.1,186.9,0.532,30.2,91.3,9.7,0.572,557.5,0.763,1
16.65,73.3,371.32,0.322,0.288,0.68,70.7,890.9,28.3,133.1,0.148,27.4,42.6,28.6,0.189,670.5,0.08,0
64.98,226.25,703.74,0.442,0.368,4.73,307.9,844.1,15.6,293.3,0.599,34.7,81.6,27.2,0.712,27.2,0.534,1
103.81,324.19,1248.74,0.488,0.417,5.99,452.0,126.6,8.3,216.1,0.196,19.2,96.9,21.5,0.28,183.8,0.342,1
81.83,302.18,1217.52,0.517,0.449,4.54,331.8,975.3,23.2,298.9,0.369,26.8,85.0,29.2,0.357,528.4,0.452,1
5.06,25.03,135.71,0.12,0.095,2.42,162.3,156.1,1.4,84.8,0.284,24.0,46.7,8.9,0.235,486.3,0.32,0
105.16,354.85,885.75,0.358,0.29,6.07,482.7,713.6,31.1,194.8,0.42,22.9,92.0,9.9,0.395,470.7,0.537,1
29.9,83.95,334.67,0.144,0.125,1.34,107.7,292.3,12.9,94.8,0.236,32.8,63.1,16.7,0.197,887.8,0.862,0
9.91,43.16,206.71,0.116,0.106,1.9,88.0,2096.2,33.5,90.7,0.564,22.1,61.7,38.0,0.551,5.7,0.096,0
4.85,30.71,120.17,0.193,0.182,0.79,48.0,503.9,18.1,65.0,0.499,25.3,70.8,14.6,0.501,1174.6,0.243,0
157.4,374.84,1140.52,0.4,0.342,4.21,187.1,324.3,13.8,144.5,0.509,35.8,87.5,34.5,0.545,187.0,0.854,1
38.29,142.65,382.55,0.129,0.099,1.38,135.9,2124.0,17.3,250.9,0.567,33.4,45.8,28.1,0.715,3623.0,0.115,0
130.54,422.83,1830.64,0.456,0.429,8.25,804.4,1558.5,39.7,182.8,0.237,31.5,92.1,18.7,0.183,144.6,0.382,1
101.16,303.72,1330.69,0.377,0.315,5.59,353.1,2378.1,28.2,350.1,0.468,25.3,89.0,10.0,0.517,364.6,0.276,1
8.14,42.65,163.68,0.233,0.179,1.35,116.5,1571.2,41.6,95.6,0.463,31.2,64.9,34.1,0.468,213.5,0.207,0
2.73,39.68,181.8,0.24,0.226,1.48,110.0,1693.9,21.0,248.5,0.527,21.2,58.1,22.4,0.517,546.1,0.295,0
58.38,160.5,523.26,0.396,0.319,5.24,274.1,909.8,31.5,134.9,0.608,30.4,78.0,29.3,0.751,82.6,0.573,1
84.51,254.95,970.41,0.39,0.344,7.03,659.3,1866.7,32.8,125.5,0.685,22.4,76.6,22.8,0.726,421.9,0.921,1
41.75,145.54,524.32,0.354,0.276,3.98,406.1,1459.9,28.9,155.5,0.179,21.3,79.8,32.6,0.19,534.4,0.423,1
3.24,22.5,149.13,0.293,0.262,2.86,191.1,405.7,9.5,86.4,0.177,32.7,56.2,7.2,0.233,1658.1,0.452,0
12.58,54.38,280.05,0.253,0.239,2.98,241.3,396.9,10.7,336.0,0.174,34.3,56.4,7.0,0.169,4425.1,0.409,0
11.02,31.73,141.34,0.272,0.258,1.7,92.5,1612.1,21.2,136.4,0.68,34.9,48.4,15.5,0.67,1175.2,0.91,0
12.04,54.29,186.76,0.24,0.186,0.84,37.6,687.6,22.8,95.0,0.324,19.4,50.1,37.0,0.423,4409.9,0.168,0
8.92,44.98,156.31,0.189,0.171,2.21,134.9,1364.4,27.4,211.9,0.534,20.6,58.6,22.1,0.55,1557.6,0.325,0
88.26,209.8,981.0,0.451,0.398,3.79,400.1,489.2,3.6,59.0,0.338,36.0,88.1,44.1,0.393,369.8,0.077,1
26.08,72.61,244.72,0.144,0.131,0.58,58.7,1054.1,15.2,262.8,0.409,25.8,72.9,36.2,0.429,864.3,0.36,0
3.95,21.9,112.19,0.189,0.154,0.56,32.7,2157.5,41.8,146.3,0.504,32.5,59.0,29.5,0.552,1166.4,0.3,0
123.57,339.51,1143.41,0.543,0.451,4.53,203.9,1729.7,31.3,188.1,0.375,24.7,79.9,15.3,0.431,297.8,0.269,1
69.12,162.22,439.11,0.414,0.339,5.31,564.6,1223.5,17.8,299.9,0.159,22.2,87.1,15.6,0.195,59.0,0.25,1
51.38,166.41,693.84,0.271,0.245,1.48,132.6,1233.8,21.7,52.0,0.475,37.0,41.5,18.6,0.539,755.0,0.35,0
201.79,413.36,1821.38,0.374,0.341,4.0,188.8,974.5,17.1,211.4,0.675,22.3,89.3,38.9,0.715,80.2,0.277,1
9.05,52.48,143.94,0.263,0.21,0.75,72.4,1634.1,28.5,12.2,0.434,30.4,45.5,36.9,0.418,884.1,0.106,0
23.35,81.25,231.35,0.143,0.123,2.36,192.9,479.0,12.6,143.5,0.69,24.7,45.6,34.4,0.688,1272.8,0.287,0
9.2,46.63,262.89,0.106,0.082,0.77,39.4,849.5,35.3,307.3,0.477,36.5,70.9,26.0,0.53,2046.7,0.929,0
94.5,313.48,1070.64,0.451,0.34,8.03,335.0,1702.4,18.6,261.0,0.536,34.3,80.6,19.8,0.599,1554.2,0.9,1
11.94,35.99,186.19,0.327,0.285,2.32,248.5,1807.7,21.1,282.7,0.305,23.2,62.9,34.4,0.319,2042.3,0.693,0
6.82,41.33,195.17,0.242,0.222,2.05,128.4,2216.1,15.4,151.2,0.371,26.2,64.5,18.3,0.404,292.4,0.223,0
14.12,49.0,189.63,0.312,0.291,1.68,140.9,769.3,22.0,171.7,0.495,28.8,40.8,36.0,0.524,2120.0,0.568,0
151.92,392.83,1142.38,0.393,0.343,5.75,298.4,2133.3,16.1,302.5,0.617,18.8,97.7,11.1,0.769,53.7,0.806,1
9.95,52.84,229.42,0.277,0.253,2.41,227.0,2061.9,17.9,182.2,0.567,24.2,48.0,30.0,0.568,2908.7,0.15,0
1.67,28.84,101.03,0.283,0.235,2.56,113.7,35.4,6.6,213.6,0.526,31.2,47.9,8.9,0.518,1712.4,0.528,0
26.82,112.01,492.89,0.302,0.28,0.76,80.8,1684.8,17.7,303.3,0.718,19.3,55.2,27.3,0.797,584.9,0.326,0
26.69,105.53,434.03,0.234,0.212,2.97,253.1,1920.0,38.6,293.6,0.129,24.1,54.8,8.9,0.134,13.0,0.411,0
90.77,187.08,843.71,0.527,0.428,4.06,194.8,19.9,6.5,87.7,0.68,31.1,79.3,40.8,0.703,90.9,0.538,1
181.51,634.39,2797.52,0.415,0.361,3.84,324.6,1239.6,23.8,211.5,0.378,22.7,82.7,21.1,0.372,252.3,0.481,1
5.8,34.44,206.64,0.339,0.258,1.54,112.9,2382.6,40.8,74.1,0.217,22.6,71.5,30.4,0.232,6602.4,0.877,0
0.73,11.91,98.97,0.131,0.102,2.08,128.9,2384.5,29.2,14.5,0.17,22.0,55.8,18.7,0.171,390.9,0.53,0
15.24,56.4,205.88,0.256,0.241,1.93,181.5,1853.7,23.9,37.4,0.737,34.0,60.8,26.7,0.737,186.4,0.663,0
11.76,39.51,151.04,0.128,0.097,1.9,199.3,2080.8,38.9,168.8,0.721,33.4,57.3,33.8,0.803,492.1,0.551,0
14.98,72.95,273.58,0.331,0.261,2.45,121.1,775.8,35.9,319.9,0.743,32.5,40.1,18.7,0.826,696.1,0.414,0
14.45,50.63,210.02,0.414,0.322,7.72,478.2,1158.1,17.4,171.9,0.491,34.4,91.6,13.5,0.622,293.9,0.235,1
128.64,344.77,878.86,0.397,0.354,8.26,436.1,2488.2,24.9,45.4,0.429,20.6,97.6,32.8,0.487,314.2,0.123,1
73.52,238.16,1094.96,0.536,0.413,7.26,554.2,2020.2,34.9,51.3,0.538,31.5,87.7,10.1,0.621,132.6,0.66,1
153.52,501.89,1196.95,0.487,0.367,4.02,162.1,121.0,3.0,223.4,0.315,27.8,94.4,38.0,0.374,92.6,0.141,1
194.94,444.29,1647.85,0.501,0.469,4.35,415.9,145.8,11.7,309.1,0.303,24.2,86.3,27.3,0.386,253.7,0.125,1
167.32,422.19,1390.34,0.389,0.359,4.4,190.7,1453.3,24.1,115.3,0.463,25.6,98.0,10.8,0.455,615.6,0.874,1
1.63,17.59,91.73,0.202,0.166,2.64,144.9,939.5,21.2,198.0,0.665,28.1,44.1,23.6,0.728,746.1,0.923,0
94.58,218.0,820.64,0.503,0.387,4.4,474.8,597.8,25.6,321.2,0.725,26.2,89.8,19.3,0.786,700.4,0.591,1
10.03,40.17,152.83,0.149,0.132,0.58,61.6,807.1,25.8,47.7,0.323,21.0,45.4,11.3,0.381,1111.0,0.079,0
31.76,69.99,362.03,0.301,0.279,2.31,206.4,2397.8,34.7,56.3,0.684,29.5,69.1,6.6,0.728,1008.4,0.736,0
77.21,215.78,1000.29,0.489,0.462,6.45,626.7,810.7,32.7,135.8,0.185,18.9,90.6,22.9,0.291,12.1,0.513,1
3.39,22.41,135.9,0.288,0.224,1.86,157.0,911.0,28.0,163.2,0.19,22.7,61.0,31.1,0.232,551.8,0.748,0
13.92,23.63,129.14,0.141,0.123,1.95,139.1,1133.8,37.4,82.6,0.72,33.4,58.1,40.5,0.83,769.5,0.422,0
83.1,166.44,433.62,0.387,0.323,5.78,342.7,410.6,2.4,197.9,0.707,23.9,85.2,18.3,0.739,334.6,0.72,1
10.35,56.83,201.61,0.337,0.263,1.5,168.7,979.4,17.5,323.3,0.177,36.8,73.2,17.2,0.187,1437.4,0.766,0
7.58,53.83,247.96,0.239,0.218,1.57,175.2,1619.9,34.1,318.4,0.693,34.8,70.6,26.2,0.74,1606.7,0.542,0
151.91,295.74,1013.82,0.473,0.428,7.69,858.2,655.5,36.4,22.3,0.414,25.7,87.4,27.7,0.441,557.8,0.922,1
194.46,649.14,2044.36,0.461,0.435,5.11,577.8,1561.1,28.2,217.3,0.645,36.0,95.5,10.7,0.758,344.9,0.326,1
89.43,269.69,949.72,0.504,0.386,3.7,374.1,619.4,16.7,77.4,0.29,21.4,77.0,8.0,0.331,300.7,0.901,1
12.06,49.36,265.34,0.223,0.178,2.21,246.8,1968.9,28.2,239.1,0.559,22.0,46.1,12.1,0.549,1855.5,0.09,0
22.63,82.73,240.43,0.24,0.22,2.16,237.1,2344.3,41.2,204.7,0.671,34.8,67.4,29.6,0.646,782.4,0.775,0
132.3,312.73,1093.7,0.382,0.316,3.91,239.4,1116.6,19.8,80.5,0.619,34.5,95.3,20.6,0.754,102.3,0.554,1
79.7,193.79,790.16,0.39,0.33,6.99,751.9,2409.2,25.9,338.8,0.33,32.9,85.8,8.8,0.29,385.7,0.359,1
98.45,347.41,1582.71,0.406,0.354,5.76,489.2,1664.3,37.3,170.4,0.153,33.8,85.8,36.3,0.138,1505.9,0.119,1
13.11,46.16,227.7,0.296,0.246,1.61,131.4,1782.0,41.2,141.1,0.654,29.2,71.2,30.4,0.786,1671.2,0.671,0
12.78,52.76,259.08,0.226,0.171,2.61,129.9,1283.2,42.4,285.0,0.343,19.5,74.2,38.4,0.349,186.2,0.658,0
230.55,753.1,2999.11,0.526,0.458,5.28,570.7,576.4,38.3,107.1,0.489,35.9,85.8,17.2,0.515,11.3,0.703,1
9.7,42.13,247.54,0.313,0.249,2.54,166.1,2349.9,32.8,213.1,0.11,20.6,69.9,27.7,0.109,238.4,0.718,0
116.04,235.19,1039.43,0.42,0.396,3.71,211.1,2424.9,25.5,73.6,0.73,21.4,93.8,33.2,0.794,387.8,0.157,1
8.87,26.39,101.34,0.18,0.16,2.24,238.1,2106.5,29.6,22.0,0.189,33.9,74.0,41.8,0.179,1528.6,0.823,0
208.62,440.77,1603.53,0.371,0.34,3.94,165.9,1164.1,15.2,179.4,0.521,19.0,96.6,7.1,0.546,657.6,0.182,1
105.55,360.36,1449.97,0.369,0.347,3.68,205.8,436.3,2.7,58.6,0.625,27.8,86.6,41.7,0.745,609.3,0.559,1
101.81,289.35,1115.75,0.419,0.319,6.41,508.4,233.3,3.0,129.9,0.171,23.3,89.5,12.5,0.202,73.0,0.767,1
3.29,14.31,69.51,0.137,0.107,1.91,212.2,1266.3,34.7,171.4,0.471,24.8,50.0,21.2,0.471,359.8,0.95,0
147.6,432.96,1290.01,0.39,0.356,4.49,335.0,770.0,15.2,2.1,0.726,25.8,87.2,10.0,0.896,211.7,0.224,1
142.43,307.66,1146.33,0.537,0.497,7.88,423.9,2143.5,31.4,125.4,0.691,21.5,82.9,40.3,0.833,5.4,0.311,1
28.39,59.86,222.05,0.108,0.081,1.42,112.4,1364.0,15.2,160.0,0.278,34.1,70.0,16.1,0.335,2792.8,0.316,0
138.07,300.72,909.45,0.527,0.495,4.91,443.7,2302.6,25.9,196.3,0.725,23.7,76.8,29.2,0.797,60.6,0.69,1
137.68,423.58,1814.76,0.38,0.319,5.72,627.8,1816.0,44.7,302.5,0.727,26.2,82.8,23.9,0.779,111.4,0.509,1
29.49,80.41,247.72,0.379,0.319,7.42,775.3,1136.0,27.3,117.5,0.396,19.5,77.1,40.1,0.481,126.7,0.406,1
104.2,285.11,1089.65,0.519,0.481,7.67,783.7,1860.3,41.8,332.0,0.202,20.0,79.4,6.6,0.343,40.0,0.902,1
26.6,85.82,427.66,0.275,0.222,0.52,41.1,2420.5,15.5,121.1,0.143,29.9,50.4,21.6,0.27,611.8,0.567,0
17.71,66.83,331.03,0.13,0.112,2.97,334.7,1411.6,36.6,203.2,0.392,26.5,48.3,15.2,0.391,444.2,0.802,0
6.01,36.78,157.84,0.208,0.17,0.65,72.2,792.1,28.7,28.1,0.449,27.8,50.3,15.4,0.559,3700.8,0.919,0
77.17,159.94,366.88,0.355,0.274,6.66,672.3,935.8,31.4,144.8,0.268,30.0,76.4,26.3,0.258,3.0,0.504,1
148.49,394.9,1504.13,0.533,0.438,6.13,634.5,1554.7,44.8,279.9,0.102,35.1,80.1,14.6,0.184,1110.1,0.862,1
198.71,566.35,2583.3,0.49,0.384,8.32,935.5,2429.7,24.2,106.9,0.188,22.7,76.5,25.9,0.195,20.2,0.769,1
17.33,46.46,199.14,0.209,0.178,1.78,120.0,1185.4,40.9,4.0,0.257,18.9,69.3,10.4,0.304,612.6,0.948,0
17.23,77.3,359.93,0.273,0.233,1.35,157.6,1775.3,42.5,334.3,0.303,27.9,46.0,42.0,0.29,4584.5,0.455,0
158.5,402.2,1317.75,0.351,0.294,7.26,367.0,456.1,7.2,2.5,0.37,29.4,93.3,37.9,0.327,91.2,0.069,1
5.5,35.92,138.78,0.143,0.112,2.76,304.2,1554.9,16.4,95.9,0.566,18.9,56.9,8.5,0.64,1856.2,0.148,0
14.93,89.81,397.56,0.263,0.203,0.63,36.4,1837.4,38.6,324.8,0.609,20.6,40.4,37.5,0.664,1003.3,0.726,0
108.9,372.91,988.83,0.532,0.41,6.55,553.2,1064.1,43.0,49.5,0.328,35.5,91.0,35.8,0.281,49.5,0.782,1
38.44,128.08,566.98,0.288,0.222,0.66,56.7,1594.5,29.3,309.4,0.698,18.3,63.5,7.8,0.797,554.2,0.374,0
2.11,23.93,126.18,0.162,0.131,1.67,191.4,575.4,41.2,344.2,0.214,33.9,47.1,24.8,0.197,2068.6,0.154,0
13.6,75.07,250.87,0.104,0.078,2.83,174.7,1153.9,21.6,224.3,0.31,32.0,60.2,11.1,0.235,126.6,0.688,0
26.71,106.02,325.97,0.319,0.244,1.89,139.3,2065.7,37.7,119.7,0.192,37.1,45.0,7.2,0.171,840.3,0.621,0
83.04,304.01,1029.93,0.515,0.435,4.53,233.4,507.1,36.1,111.0,0.537,22.6,78.1,31.9,0.679,46.8,0.1,1
16.83,75.89,321.43,0.204,0.161,1.1,91.6,231.8,9.1,49.9,0.242,22.4,58.7,23.4,0.303,677.5,0.543,0
26.4,85.46,290.29,0.217,0.174,1.79,127.3,1744.1,24.6,324.6,0.543,28.7,54.4,27.9,0.622,1906.9,0.273,0
5.18,31.71,174.1,0.147,0.121,1.6,121.2,790.7,22.5,285.8,0.127,27.7,73.7,10.8,0.178,6922.8,0.154,0
30.52,118.91,470.66,0.433,0.328,5.45,248.5,1225.4,36.6,80.3,0.235,31.2,89.4,21.9,0.221,265.9,0.213,1
27.64,107.63,361.38,0.329,0.261,0.52,55.0,2230.7,32.1,240.7,0.413,31.7,41.3,10.1,0.371,8262.3,0.239,0
170.64,489.2,1383.67,0.409,0.37,8.3,566.4,440.8,11.4,213.3,0.605,19.1,75.8,25.1,0.641,170.3,0.194,1
17.35,66.66,305.06,0.23,0.188,2.65,240.6,1934.8,39.6,50.8,0.203,29.9,48.4,21.2,0.244,2073.4,0.214,0
23.01,85.04,210.34,0.177,0.139,2.02,183.2,1271.7,20.3,85.8,0.239,31.7,73.4,44.4,0.268,1688.7,0.535,0
24.48,86.27,356.77,0.345,0.273,1.32,119.6,126.1,1.8,48.7,0.496,26.1,46.4,5.8,0.531,2167.9,0.09,0
183.5,453.99,1420.08,0.543,0.515,3.66,215.1,456.9,8.7,194.0,0.631,35.9,87.6,16.9,0.708,96.8,0.318,1
90.65,179.11,728.08,0.383,0.299,8.28,400.8,1243.9,26.3,69.7,0.465,27.2,78.7,29.5,0.548,27.4,0.148,1
0.59,17.43,108.73,0.136,0.126,2.26,102.9,569.3,31.4,354.1,0.5,33.5,66.3,29.9,0.521,272.4,0.61,0
171.42,378.81,898.28,0.444,0.34,4.07,348.5,895.0,27.7,99.3,0.737,19.9,82.6,27.2,0.837,219.7,0.903,1
128.44,359.96,1656.82,0.358,0.331,5.01,238.1,1736.2,31.9,260.2,0.616,36.8,80.0,39.3,0.749,357.6,0.09,1
5.21,36.65,133.57,0.267,0.227,0.78,56.1,2120.4,35.3,117.6,0.398,27.7,68.4,34.9,0.507,377.0,0.856,0
130.67,430.58,1092.43,0.524,0.457,8.49,935.0,1107.6,25.9,128.7,0.156,21.8,93.2,42.3,0.129,154.8,0.739,1
8.11,45.0,168.96,0.326,0.261,1.36,62.8,1277.7,25.0,112.0,0.673,20.1,53.2,32.1,0.797,477.6,0.54,0
117.71,333.0,1485.72,0.415,0.386,6.69,615.7,1480.2,40.4,39.0,0.627,27.9,87.3,15.5,0.661,393.0,0.904,1
52.41,132.98,405.92,0.462,0.401,8.13,603.7,432.8,6.5,333.9,0.378,21.8,90.9,27.7,0.434,127.5,0.249,1
156.55,530.3,1850.57,0.505,0.447,8.0,870.1,1497.7,40.6,280.4,0.621,22.8,81.9,35.5,0.747,311.1,0.09,1
126.72,267.99,900.27,0.401,0.345,5.42,538.6,2024.7,41.1,85.3,0.573,19.0,89.8,38.2,0.512,242.7,0.755,1
53.49,201.22,630.05,0.331,0.257,0.62,30.7,2238.7,19.8,110.7,0.23,36.5,60.5,8.6,0.182,417.1,0.161,0
98.36,286.77,1102.79,0.423,0.388,4.46,282.6,485.8,2.4,158.8,0.214,25.9,87.5,22.8,0.206,425.2,0.8,1
37.23,108.69,439.88,0.282,0.222,0.96,87.5,2142.9,42.0,278.9,0.608,34.1,40.7,14.3,0.635,5675.4,0.876,0
33.55,112.67,441.52,0.336,0.271,1.26,67.8,2190.2,28.2,315.5,0.464,34.0,49.1,38.1,0.451,1844.4,0.274,0
146.67,280.19,727.56,0.431,0.381,7.41,772.1,1909.6,30.1,276.4,0.39,33.1,97.5,7.8,0.426,1327.6,0.827,1
84.46,199.46,924.26,0.382,0.294,4.64,276.3,2049.6,26.3,342.0,0.341,34.2,92.4,19.5,0.347,379.3,0.53,1
81.53,224.17,560.96,0.41,0.384,6.64,707.2,1114.5,19.5,274.0,0.567,18.5,80.2,9.8,0.635,103.9,0.363,1
15.96,78.8,349.4,0.127,0.098,1.51,92.9,2428.5,31.0,80.6,0.362,32.3,70.1,31.4,0.37,302.2,0.302,0
81.31,169.16,753.02,0.436,0.385,3.92,225.0,1797.4,26.9,136.3,0.108,33.9,77.3,5.4,0.216,129.2,0.757,1
74.38,239.33,560.32,0.533,0.468,5.15,594.3,651.2,39.7,267.3,0.303,25.7,86.4,38.6,0.318,276.9,0.646,1
15.32,67.67,160.97,0.107,0.095,2.13,193.7,83.3,10.2,45.6,0.688,28.3,48.6,25.6,0.781,176.4,0.809,0
13.64,73.72,233.21,0.217,0.181,1.18,97.8,446.9,10.9,82.7,0.34,34.4,50.4,21.5,0.451,757.0,0.602,0
6.91,13.84,77.63,0.137,0.113,1.66,72.6,1867.0,37.1,353.5,0.126,36.5,62.6,19.8,0.083,4343.1,0.371,0
9.21,28.0,149.06,0.109,0.103,1.84,115.0,2156.7,22.0,239.4,0.574,26.4,73.8,17.8,0.619,973.7,0.375,0
206.35,411.21,1716.57,0.517,0.472,7.54,376.3,227.9,5.8,64.2,0.279,24.6,83.4,17.4,0.246,30.4,0.871,1
142.84,450.11,1366.57,0.498,0.422,7.58,400.1,1639.0,33.4,33.2,0.138,21.9,86.8,43.0,0.081,507.8,0.651,1
186.82,542.86,2502.43,0.484,0.381,8.18,499.0,928.8,19.0,346.4,0.619,22.5,98.0,23.4,0.598,238.3,0.808,1
76.87,235.72,740.01,0.434,0.402,4.15,210.9,1473.3,30.3,179.6,0.104,24.4,82.8,8.5,0.055,584.1,0.736,1
25.98,56.96,327.13,0.339,0.298,0.66,73.7,2123.5,41.1,151.5,0.204,18.6,43.4,23.6,0.296,1316.5,0.233,0
144.35,340.85,1022.51,0.389,0.302,4.53,212.0,1075.6,20.2,286.7,0.229,34.6,93.5,34.1,0.199,271.1,0.459,1
18.45,63.18,255.51,0.282,0.222,0.68,74.5,476.7,13.3,240.9,0.548,35.4,43.0,28.2,0.621,197.3,0.125,0
94.65,253.17,784.34,0.453,0.389,7.86,615.8,292.6,11.1,200.9,0.173,20.1,81.0,38.5,0.239,186.0,0.803,1
3.21,33.04,92.82,0.116,0.099,2.48,130.2,2496.1,41.7,82.4,0.558,34.5,74.1,20.0,0.598,285.3,0.553,0
129.22,463.79,1103.46,0.531,0.441,6.68,549.3,1920.7,36.1,199.9,0.306,30.4,88.2,40.4,0.412,91.3,0.872,1
33.26,127.87,428.46,0.278,0.232,1.17,127.5,145.2,14.5,194.5,0.433,23.8,68.0,31.9,0.464,856.7,0.201,0
19.64,82.0,209.13,0.2,0.157,2.1,233.5,437.3,11.1,36.5,0.631,21.5,59.5,27.0,0.71,925.3,0.881,0
200.64,458.42,1524.62,0.54,0.433,4.69,320.9,1715.7,37.3,180.5,0.387,35.0,91.6,35.0,0.437,25.1,0.849,1
6.55,50.89,124.44,0.126,0.107,2.79,261.2,1062.8,35.2,216.9,0.2,35.1,45.3,8.3,0.132,502.0,0.195,0
161.08,583.4,1888.67,0.517,0.394,7.8,353.2,1555.4,43.7,263.1,0.189,28.1,97.4,15.2,0.253,616.6,0.736,1
5.58,42.78,259.99,0.152,0.125,1.59,126.9,1416.9,18.7,199.9,0.35,37.0,51.8,20.0,0.423,542.0,0.474,0
141.88,422.24,1266.51,0.4,0.317,3.64,211.5,401.0,14.4,201.6,0.2,29.6,85.8,29.5,0.153,276.2,0.288,1
13.8,73.69,252.98,0.266,0.209,2.5,159.9,1104.1,29.5,204.1,0.51,27.5,54.0,11.3,0.529,248.3,0.879,0
25.55,106.41,369.17,0.185,0.144,2.0,154.0,1330.1,34.2,97.4,0.488,21.7,46.3,44.5,0.601,397.1,0.766,0
10.68,46.48,261.1,0.115,0.09,1.39,157.2,1101.6,29.1,315.3,0.562,21.2,44.7,42.8,0.596,865.5,0.198,0
16.89,74.21,245.42,0.147,0.115,2.88,304.5,1207.6,26.7,222.4,0.493,22.5,53.7,22.5,0.626,462.3,0.906,0
7.44,30.68,134.59,0.212,0.175,2.99,211.4,2473.5,26.1,245.8,0.333,36.2,40.3,40.8,0.447,1862.8,0.525,0
47.02,127.91,536.12,0.138,0.107,2.83,221.5,2463.0,17.9,181.0,0.488,22.7,73.7,39.9,0.497,3023.4,0.543,0
13.38,73.54,242.71,0.291,0.27,1.36,150.0,887.8,27.3,52.8,0.662,36.1,50.0,19.8,0.726,4367.1,0.653,0
4.31,20.14,98.12,0.297,0.252,1.11,51.5,1826.4,22.5,57.6,0.127,33.1,63.6,26.7,0.067,360.6,0.428,0
147.98,328.93,738.33,0.418,0.356,3.88,396.8,591.8,23.7,165.6,0.16,28.3,92.9,6.7,0.14,204.3,0.383,1
121.56,311.66,831.59,0.447,0.354,6.72,360.0,2478.7,15.1,313.6,0.736,25.7,77.0,25.4,0.721,738.4,0.734,1
27.18,101.11,318.59,0.228,0.211,1.18,73.2,1040.3,16.1,43.6,0.599,22.1,69.0,25.4,0.584,1028.9,0.492,0
172.04,466.84,1507.08,0.485,0.444,4.87,279.5,1463.8,23.5,181.0,0.147,30.9,96.5,38.4,0.152,253.2,0.57,1
121.68,260.2,1123.35,0.434,0.328,5.01,421.1,959.2,20.7,14.3,0.711,37.5,86.3,8.0,0.794,92.7,0.371,1
13.17,64.63,242.7,0.246,0.221,2.25,131.6,400.0,10.6,313.9,0.712,35.7,53.6,29.2,0.784,727.7,0.583,0
179.18,621.14,1876.81,0.54,0.425,7.33,560.8,393.4,6.4,94.1,0.541,23.8,96.7,38.0,0.534,131.1,0.644,1
10.16,62.48,253.8,0.145,0.125,1.74,73.2,2349.1,40.6,126.5,0.697,37.7,52.8,21.5,0.84,2862.2,0.274,0
199.7,591.33,1712.55,0.491,0.454,3.94,257.3,1385.8,16.8,59.1,0.322,34.0,81.1,27.4,0.37,408.0,0.88,1
18.89,79.85,325.8,0.24,0.225,2.11,204.5,2429.3,35.6,112.9,0.363,31.5,51.2,31.2,0.37,33.7,0.51,0
66.2,161.75,748.53,0.375,0.295,8.33,622.9,1013.1,42.3,141.5,0.387,20.1,85.0,7.5,0.399,531.2,0.384,1
83.21,273.15,625.97,0.53,0.498,5.67,600.6,1190.5,33.6,57.5,0.695,33.8,78.5,23.2,0.78,696.6,0.677,1
34.85,81.04,317.1,0.169,0.129,1.39,106.9,553.5,40.5,101.5,0.712,20.2,43.3,14.2,0.896,1752.7,0.896,0
15.22,46.59,235.42,0.303,0.282,2.32,255.8,270.9,1.9,246.4,0.487,28.0,71.0,41.5,0.587,368.2,0.54,0
151.41,295.22,977.33,0.454,0.411,6.29,450.3,1959.3,38.3,312.2,0.689,33.6,91.9,42.7,0.754,487.6,0.348,1
24.22,86.27,386.15,0.172,0.16,1.69,116.5,996.0,17.0,233.3,0.657,20.5,52.2,35.6,0.726,5345.7,0.647,0
75.6,281.47,1017.92,0.533,0.438,7.9,478.4,1968.6,20.0,346.6,0.376,35.9,89.9,10.0,0.481,152.0,0.879,1
89.49,310.97,908.15,0.393,0.369,5.36,412.8,1124.6,17.7,88.5,0.557,36.3,82.2,44.9,0.667,76.2,0.212,1
131.64,382.0,978.44,0.382,0.349,4.06,432.0,2312.8,42.4,130.2,0.22,30.5,86.2,7.0,0.261,5.5,0.531,1
91.62,317.23,879.95,0.536,0.437,3.97,385.7,2211.3,32.1,118.5,0.197,32.4,97.3,42.5,0.157,52.4,0.249,1
103.97,254.15,571.92,0.402,0.328,7.41,398.9,2054.8,25.3,190.9,0.541,26.5,77.1,14.2,0.6,0.7,0.53,1
54.09,166.32,677.71,0.522,0.429,6.77,772.5,1985.2,31.0,256.7,0.384,25.1,90.1,13.8,0.473,58.3,0.749,1
3.63,36.09,206.91,0.247,0.214,1.4,106.2,1648.2,15.3,76.3,0.553,33.6,72.6,27.2,0.637,1507.0,0.773,0
6.89,36.35,183.94,0.337,0.265,0.85,49.3,2178.4,35.8,296.8,0.616,21.2,46.3,28.4,0.677,822.6,0.082,0
32.18,102.51,319.6,0.298,0.249,1.49,171.4,2130.2,22.9,122.0,0.373,29.3,72.5,25.1,0.402,551.3,0.321,0
98.36,325.85,1343.61,0.502,0.383,3.74,281.3,540.1,22.4,166.6,0.718,28.0,88.6,39.2,0.833,121.1,0.234,1
41.34,105.36,349.28,0.47,0.386,5.84,314.9,1745.2,22.3,301.0,0.695,32.9,88.6,5.3,0.758,77.4,0.31,1
35.33,85.87,219.78,0.162,0.143,2.85,301.5,2087.8,24.3,118.0,0.163,35.0,55.9,16.5,0.117,661.5,0.466,0
61.76,179.93,654.72,0.528,0.458,6.61,528.7,1865.8,34.9,241.3,0.188,30.9,91.6,36.1,0.148,220.7,0.113,1
1.6,15.32,88.7,0.309,0.251,1.1,61.5,52.4,8.4,166.9,0.186,36.7,52.8,26.5,0.144,423.2,0.492,0
4.41,49.55,172.44,0.292,0.234,1.18,111.0,1547.6,32.8,98.4,0.443,26.7,45.4,11.3,0.462,346.1,0.71,0
114.63,352.39,1181.51,0.437,0.357,7.92,938.6,719.5,24.1,161.2,0.405,34.9,79.1,22.8,0.541,344.8,0.497,1
11.24,33.44,128.07,0.233,0.178,0.73,34.2,1936.8,37.5,273.3,0.674,21.8,43.9,6.9,0.739,358.9,0.636,0
147.54,531.55,1735.42,0.535,0.429,4.79,358.4,1853.9,44.5,240.5,0.34,18.1,94.1,12.7,0.414,4.0,0.749,1
9.46,64.68,228.48,0.143,0.128,2.17,175.9,280.9,2.3,271.7,0.396,30.6,40.0,31.5,0.413,592.0,0.888,0
58.4,146.61,494.81,0.471,0.37,7.06,655.5,841.2,31.0,112.9,0.672,21.6,78.0,11.5,0.679,384.5,0.808,1
112.11,356.87,1194.43,0.467,0.363,6.43,375.0,2252.4,20.2,277.4,0.459,37.6,95.1,26.8,0.558,15.3,0.814,1
18.28,52.78,281.48,0.191,0.176,1.66,91.1,1213.2,17.4,145.7,0.49,19.3,54.3,26.6,0.458,2327.6,0.33,0
128.16,428.42,1070.5,0.401,0.32,4.71,468.3,1272.1,21.8,193.3,0.176,29.2,85.4,9.4,0.165,166.9,0.371,1
116.55,372.22,1302.78,0.473,0.378,8.04,751.8,517.6,29.6,316.3,0.12,35.4,84.3,42.4,0.071,442.2,0.308,1
9.56,43.37,215.56,0.287,0.242,1.47,87.7,452.8,2.6,258.4,0.613,29.8,63.4,29.8,0.612,7146.8,0.819,0
11.36,47.53,196.53,0.301,0.254,1.31,58.6,176.7,8.2,257.6,0.288,27.8,54.5,37.8,0.381,547.6,0.397,0
114.45,407.01,1437.17,0.364,0.287,5.55,576.8,208.6,7.4,179.8,0.426,28.0,88.9,26.4,0.443,157.8,0.058,1
24.59,67.23,358.88,0.304,0.262,0.6,56.5,446.4,11.5,208.7,0.651,21.1,52.6,35.1,0.737,122.8,0.133,0
44.29,97.81,342.98,0.163,0.145,0.69,76.0,44.9,7.8,271.6,0.363,26.7,53.4,26.4,0.427,2173.5,0.164,0
10.33,45.24,189.26,0.346,0.293,2.89,131.3,2486.3,21.6,1.5,0.706,36.7,64.4,25.4,0.79,192.8,0.103,0
4.1,36.11,226.58,0.312,0.29,2.22,175.3,1092.8,42.3,148.8,0.539,18.7,66.1,12.0,0.572,1887.2,0.578,0
80.47,179.03,884.97,0.387,0.367,4.74,250.0,1026.6,29.6,107.8,0.139,31.0,90.5,6.3,0.052,329.2,0.122,1
20.51,73.05,239.27,0.334,0.286,2.55,239.5,1470.7,30.4,92.0,0.18,31.0,67.9,14.7,0.125,2397.2,0.637,0
26.0,83.53,376.64,0.19,0.179,2.79,167.4,2139.6,21.8,298.5,0.629,36.5,68.9,12.4,0.666,1353.7,0.275,0
8.66,47.71,174.56,0.335,0.295,2.74,167.3,1661.7,15.5,171.6,0.744,20.3,41.6,31.6,0.833,4346.7,0.749,0
16.14,53.2,232.51,0.183,0.156,2.72,264.8,542.7,44.7,18.0,0.209,32.0,56.4,12.6,0.15,2600.7,0.605,0
122.07,436.77,1905.64,0.522,0.482,7.26,769.2,1865.0,37.5,351.4,0.462,34.8,77.0,10.1,0.384,0.9,0.86,1
13.38,51.72,273.73,0.305,0.287,0.8,90.4,358.6,4.0,52.8,0.378,20.2,48.8,39.2,0.469,709.6,0.468,0
134.32,292.65,840.45,0.477,0.453,4.28,198.1,2142.6,24.9,156.1,0.333,23.5,78.9,17.2,0.371,700.4,0.402,1
18.51,85.98,318.56,0.151,0.136,1.73,180.6,1835.1,32.9,227.4,0.578,29.3,46.2,39.2,0.639,685.9,0.345,0
1.46,39.26,223.05,0.324,0.274,2.45,288.6,2343.0,26.5,203.1,0.112,18.1,40.4,37.1,0.135,1874.5,0.214,0
101.64,365.11,1235.98,0.364,0.295,4.26,188.4,2189.0,15.5,156.7,0.543,20.0,76.6,37.8,0.592,0.6,0.35,1
49.05,185.86,543.69,0.191,0.165,1.41,159.4,1038.2,38.9,109.6,0.18,19.0,42.3,12.2,0.254,2217.2,0.058,0
137.53,452.29,2063.32,0.542,0.491,5.14,598.4,2236.6,15.2,204.8,0.357,18.1,95.6,6.0,0.359,597.4,0.871,1
63.33,166.09,460.74,0.457,0.345,6.1,337.7,2026.4,31.2,308.0,0.349,29.6,89.9,17.6,0.364,546.2,0.926,1
15.17,66.42,303.53,0.317,0.255,1.55,100.5,1123.7,30.6,86.4,0.308,28.4,73.3,37.9,0.395,613.3,0.862,0
30.32,115.22,395.86,0.228,0.187,2.31,147.5,1740.3,25.7,22.7,0.719,27.5,44.2,44.4,0.71,5526.9,0.113,0
345.31,667.87,2151.06,0.437,0.396,5.92,686.6,424.7,14.0,128.8,0.524,37.4,82.6,24.1,0.601,850.0,0.178,1
10.61,68.18,239.7,0.313,0.274,2.66,109.7,1340.5,33.9,269.1,0.356,29.0,67.5,11.9,0.476,342.2,0.795,0
7.78,51.03,198.09,0.217,0.181,2.79,236.1,143.5,8.1,356.9,0.176,37.0,43.7,15.0,0.184,778.8,0.498,0
28.78,125.19,380.96,0.24,0.224,2.68,231.5,1033.1,15.3,234.3,0.166,30.0,62.4,39.3,0.119,1931.6,0.103,0
6.16,43.06,209.41,0.105,0.09,0.5,46.2,1574.0,24.7,183.4,0.553,30.7,73.6,9.6,0.543,1104.1,0.342,0
128.51,344.71,1342.64,0.386,0.345,8.39,486.0,1572.4,31.0,27.6,0.212,20.2,94.4,18.3,0.262,788.2,0.378,1
26.46,58.13,274.59,0.242,0.213,2.74,213.7,932.2,44.2,122.8,0.545,26.4,56.4,38.5,0.563,541.4,0.628,0
5.62,16.67,79.29,0.282,0.26,2.96,216.1,229.5,7.9,20.4,0.722,34.9,69.9,16.0,0.851,2956.5,0.108,0
202.85,625.06,1522.63,0.379,0.346,6.11,443.7,1606.0,39.8,151.3,0.582,34.9,87.1,27.3,0.611,87.3,0.863,1
11.09,44.6,259.7,0.264,0.25,1.91,127.4,221.0,7.2,176.6,0.396,34.7,61.5,15.3,0.424,1460.3,0.13,0
67.11,238.64,649.72,0.215,0.178,2.7,312.3,593.5,15.9,98.9,0.525,30.5,59.8,7.4,0.52,1646.7,0.392,0
120.17,242.56,772.26,0.463,0.362,3.5,322.6,2010.2,24.8,25.2,0.193,27.2,97.5,18.6,0.246,215.2,0.084,1
78.9,178.18,698.54,0.308,0.277,2.64,265.7,1097.3,28.0,153.7,0.358,32.1,65.5,5.6,0.396,553.8,0.586,0
80.79,174.99,433.91,0.4,0.37,8.44,555.1,2499.4,30.2,349.6,0.447,25.1,79.8,41.7,0.543,947.8,0.858,1
76.67,196.49,551.56,0.533,0.406,4.06,162.7,1927.9,22.8,115.9,0.316,24.2,78.4,11.1,0.269,296.0,0.838,1
2.23,35.64,197.96,0.198,0.161,2.7,313.2,1018.9,28.2,113.1,0.467,33.6,48.0,29.5,0.465,1775.3,0.461,0
92.38,213.5,658.52,0.391,0.356,5.97,656.9,283.5,3.9,53.4,0.208,24.4,85.3,43.3,0.223,1021.0,0.243,1
5.61,36.4,154.04,0.229,0.203,1.12,85.7,1078.6,19.5,200.1,0.612,21.3,71.9,41.8,0.665,1901.4,0.235,0
13.96,64.17,345.56,0.222,0.2,2.2,155.8,350.2,4.2,193.0,0.34,37.5,48.0,9.3,0.422,3944.8,0.174,0
166.79,417.25,1913.08,0.446,0.383,8.3,627.5,1727.9,24.9,139.0,0.244,28.4,84.3,34.9,0.246,40.1,0.548,1
175.59,514.8,1338.74,0.525,0.434,4.13,254.2,271.5,8.1,321.9,0.422,23.6,97.6,21.2,0.474,80.4,0.233,1
6.41,40.0,184.01,0.155,0.142,1.68,150.0,2358.8,17.3,33.9,0.492,27.0,43.5,8.3,0.529,896.4,0.47,0
105.66,250.49,987.57,0.533,0.459,7.29,859.9,980.5,42.7,331.6,0.429,21.2,86.3,32.7,0.489,72.5,0.925,1
157.65,488.39,1249.97,0.436,0.372,4.3,195.1,91.3,12.7,148.2,0.143,23.8,94.9,41.9,0.125,1161.5,0.17,1
124.09,296.23,1091.88,0.537,0.482,7.06,728.4,2073.2,37.3,48.9,0.316,26.8,80.5,12.9,0.341,457.2,0.351,1
145.82,457.11,1595.97,0.523,0.412,5.5,246.0,885.0,36.0,202.9,0.238,21.8,87.1,10.3,0.338,637.2,0.747,1
1.98,17.03,78.02,0.117,0.101,2.42,263.0,1678.2,19.8,244.7,0.619,31.9,52.7,16.8,0.724,950.5,0.406,0
17.11,73.17,309.53,0.159,0.129,1.78,92.0,2159.7,18.9,100.6,0.727,20.8,45.6,11.2,0.854,262.0,0.558,0
161.39,421.01,1802.52,0.392,0.296,5.75,457.8,156.5,9.7,301.3,0.534,35.3,87.0,12.8,0.532,86.3,0.08,1
23.08,85.29,308.01,0.174,0.157,1.03,83.0,49.2,1.2,4.0,0.702,32.1,45.3,21.4,0.816,63.1,0.142,0
47.91,175.92,673.81,0.46,0.389,4.24,383.2,362.5,4.1,125.6,0.627,28.6,92.8,9.5,0.77,1855.4,0.54,1
47.12,126.73,424.13,0.338,0.315,2.23,197.1,596.5,42.5,316.0,0.135,34.5,63.4,8.5,0.099,1674.0,0.108,0
10.26,69.28,245.56,0.122,0.103,2.51,241.7,1315.1,31.6,244.0,0.641,19.1,44.8,23.1,0.695,2340.8,0.83,0
5.98,15.43,78.07,0.315,0.237,2.92,315.0,2402.8,26.2,80.6,0.56,31.8,69.4,20.9,0.587,3373.9,0.81,0
117.52,401.38,1464.19,0.351,0.292,6.63,284.5,1367.2,32.8,163.5,0.263,21.7,89.9,34.9,0.296,54.4,0.052,1
17.32,59.03,340.24,0.184,0.145,0.6,59.8,2149.7,31.3,96.5,0.309,23.7,45.2,35.5,0.353,3741.6,0.108,0
76.65,279.67,1137.32,0.417,0.389,6.04,266.4,507.0,44.3,170.5,0.595,26.0,83.3,25.7,0.642,254.1,0.755,1
20.89,81.04,255.8,0.189,0.159,2.2,227.6,2233.8,25.5,301.5,0.705,28.6,71.0,39.2,0.773,2886.2,0.679,0
29.19,100.05,452.14,0.339,0.289,0.71,73.0,1789.4,32.9,18.2,0.236,33.1,67.0,8.8,0.255,302.2,0.128,0
17.88,67.57,256.6,0.226,0.186,2.99,165.2,2375.2,30.7,88.4,0.6,22.3,47.2,9.7,0.771,619.7,0.236,0
139.27,363.05,1450.13,0.46,0.393,3.54,200.7,2184.9,20.1,11.3,0.58,29.5,86.0,23.0,0.615,287.8,0.293,1
3.44,27.51,137.42,0.276,0.211,2.22,102.5,2127.1,41.2,356.9,0.61,23.3,60.4,42.7,0.815,1952.3,0.561,0
9.99,28.81,97.44,0.309,0.26,0.62,36.7,192.1,12.4,57.4,0.424,21.1,56.9,26.2,0.49,316.1,0.332,0
5.84,32.82,118.41,0.316,0.279,1.58,126.0,1687.9,33.2,101.4,0.124,36.3,73.9,20.5,0.142,1570.4,0.247,0
21.31,86.49,266.85,0.217,0.179,1.1,78.1,775.8,25.7,307.2,0.187,27.4,55.1,12.9,0.291,2770.2,0.32,0
225.0,559.29,1474.34,0.544,0.45,7.11,411.6,653.4,40.4,184.2,0.375,21.8,84.4,43.9,0.45,122.0,0.925,1
118.74,225.71,816.14,0.414,0.38,3.59,321.8,1138.4,40.5,340.0,0.569,34.5,88.2,18.9,0.654,758.1,0.393,1
5.29,40.93,193.8,0.272,0.233,2.94,240.7,2169.5,19.3,212.5,0.64,24.4,41.7,15.9,0.653,370.4,0.696,0
155.44,341.43,756.89,0.434,0.376,7.11,355.7,233.6,8.9,259.9,0.615,20.6,78.8,20.2,0.652,300.3,0.433,1
156.36,349.83,1198.39,0.529,0.428,6.76,444.2,2311.2,19.4,222.2,0.552,19.2,77.7,30.0,0.563,30.5,0.131,1
9.63,36.97,193.97,0.272,0.23,0.51,58.5,2146.5,28.6,265.5,0.637,24.7,64.4,7.5,0.623,1141.7,0.158,0
97.88,280.97,911.69,0.364,0.277,6.98,655.5,706.9,35.9,96.6,0.47,35.0,92.8,9.6,0.523,56.9,0.453,1
92.6,201.72,673.51,0.496,0.415,5.65,655.4,855.0,27.2,119.6,0.101,26.6,84.6,44.5,0.171,137.0,0.79,1
6.03,39.94,161.14,0.222,0.203,1.42,108.8,136.3,7.5,217.2,0.51,21.5,50.4,19.8,0.553,3720.5,0.29,0
7.19,34.42,154.1,0.159,0.124,1.54,64.3,1826.8,44.9,309.8,0.662,23.9,57.8,27.7,0.717,1026.7,0.536,0
46.92,124.81,378.83,0.431,0.389,8.01,828.1,437.8,2.3,82.3,0.426,20.4,76.9,19.8,0.443,213.1,0.635,1
182.45,481.48,2209.46,0.55,0.453,3.8,180.8,745.5,37.9,344.5,0.505,31.6,83.9,5.2,0.472,428.0,0.89,1
14.73,71.75,183.55,0.132,0.1,1.77,204.3,1000.9,34.8,161.1,0.667,21.5,41.8,35.1,0.732,126.4,0.468,0
20.2,102.78,264.32,0.195,0.184,2.96,190.8,1022.4,43.4,48.6,0.68,26.9,71.2,24.2,0.735,3209.3,0.351,0
2.12,18.12,75.48,0.191,0.151,2.42,224.5,2005.9,18.0,313.9,0.579,18.7,61.9,24.4,0.709,1987.2,0.592,0
117.46,417.43,1791.74,0.524,0.428,3.77,406.6,1242.5,23.0,334.0,0.27,31.1,88.3,25.7,0.219,207.4,0.317,1
89.18,270.5,864.67,0.418,0.353,3.9,298.9,148.6,9.2,296.2,0.159,24.0,97.1,13.0,0.079,743.7,0.391,1
34.65,118.83,521.31,0.41,0.385,3.78,281.6,1505.3,39.5,156.6,0.282,21.6,81.0,38.0,0.271,907.1,0.412,1
15.9,79.73,368.25,0.133,0.115,0.54,29.4,774.0,36.5,339.6,0.736,32.0,66.8,37.2,0.816,2265.6,0.43,0
127.61,329.84,1492.18,0.391,0.364,5.58,548.3,856.3,19.6,119.6,0.428,27.3,92.0,15.2,0.568,220.6,0.172,1
136.28,392.7,897.96,0.447,0.385,5.1,342.2,524.6,24.9,31.9,0.623,31.9,83.1,38.4,0.671,38.7,0.146,1
8.21,36.61,98.34,0.22,0.174,3.0,270.4,288.2,12.2,123.7,0.267,27.0,58.4,42.9,0.238,564.9,0.421,0
53.11,167.93,663.75,0.228,0.196,1.86,111.1,647.9,37.9,131.7,0.654,21.3,55.2,5.6,0.724,1267.9,0.121,0
60.07,123.91,497.28,0.409,0.315,7.86,778.9,2193.3,41.8,288.4,0.303,29.8,85.3,31.8,0.367,180.5,0.459,1
173.55,562.66,2161.08,0.489,0.378,6.31,604.4,2180.6,33.4,257.4,0.731,35.7,96.2,34.0,0.75,14.5,0.901,1
16.95,66.34,280.1,0.344,0.266,1.2,48.6,2363.2,19.7,223.6,0.474,33.8,61.6,22.9,0.482,2605.5,0.575,0
152.24,305.9,1094.03,0.53,0.399,5.77,278.0,95.2,5.4,69.3,0.675,26.2,83.8,7.7,0.791,1114.7,0.06,1
6.87,40.76,231.08,0.281,0.22,0.74,34.5,2252.3,28.1,288.0,0.101,34.9,40.8,10.6,0.078,645.8,0.491,0
152.84,362.99,1615.4,0.366,0.301,5.55,237.3,910.2,20.2,11.5,0.321,18.7,79.4,43.5,0.289,233.6,0.149,1
99.77,238.99,513.64,0.43,0.328,5.64,252.3,1624.9,33.6,78.9,0.35,33.4,84.8,26.2,0.402,322.2,0.47,1
244.99,757.38,2352.28,0.41,0.308,5.19,342.5,1553.4,17.5,197.6,0.529,32.0,83.5,32.2,0.565,474.1,0.927,1
127.36,243.97,839.01,0.42,0.325,4.8,486.4,437.5,9.4,171.3,0.452,32.5,82.5,24.3,0.481,54.5,0.903,1
73.19,222.01,709.49,0.403,0.378,5.86,484.1,438.5,13.6,248.6,0.54,20.8,75.8,25.8,0.625,176.6,0.431,1
5.95,24.28,108.46,0.136,0.117,2.4,116.4,541.3,32.8,285.5,0.382,18.2,68.0,12.8,0.452,2036.2,0.881,0
84.61,246.32,872.6,0.378,0.317,5.34,235.8,679.3,40.7,311.4,0.27,24.3,95.5,15.5,0.252,1271.6,0.107,1
26.46,91.11,454.47,0.142,0.12,1.04,50.3,929.9,41.0,347.4,0.716,24.2,56.9,18.6,0.727,1781.9,0.189,0
4.42,31.45,96.75,0.289,0.249,1.12,78.2,1143.0,20.0,199.2,0.237,29.8,65.8,17.8,0.28,543.7,0.223,0
18.05,78.22,316.36,0.147,0.114,1.45,93.0,904.2,35.1,209.0,0.647,24.6,50.4,8.8,0.728,436.1,0.098,0
23.23,72.26,211.1,0.331,0.287,2.99,289.5,1477.3,31.0,201.8,0.685,21.5,43.4,33.0,0.713,520.7,0.603,0
131.66,328.71,1188.97,0.372,0.341,6.66,599.8,401.3,4.9,322.6,0.278,37.1,96.2,8.0,0.262,443.1,0.573,1
1.56,23.43,132.19,0.142,0.123,2.51,276.1,2331.6,20.6,278.1,0.479,31.1,54.4,27.0,0.586,2251.7,0.574,0
65.05,215.77,657.71,0.479,0.444,3.94,456.7,2094.8,20.1,179.0,0.58,24.5,82.6,21.3,0.612,246.4,0.286,1
137.13,414.96,1774.3,0.401,0.312,8.0,320.8,139.0,7.1,246.3,0.669,29.6,88.4,24.3,0.711,9.0,0.639,1
12.67,50.18,273.9,0.197,0.18,2.01,117.2,1159.3,19.7,109.8,0.641,29.0,54.2,32.4,0.768,1149.8,0.093,0
133.98,346.76,1086.31,0.54,0.477,8.48,392.3,2038.6,24.1,59.9,0.631,34.1,79.9,28.9,0.65,419.7,0.256,1
23.65,75.89,343.7,0.183,0.159,0.56,36.0,887.6,18.2,17.0,0.145,33.0,70.8,41.7,0.111,498.7,0.904,0
7.25,33.47,151.73,0.266,0.231,1.61,141.1,1064.3,16.8,149.3,0.735,22.2,62.6,43.6,0.839,588.7,0.063,0
134.3,277.35,643.17,0.432,0.334,3.81,233.8,2489.4,44.9,134.1,0.439,27.9,78.5,44.5,0.57,255.0,0.163,1
14.05,61.42,219.66,0.217,0.191,2.66,146.6,1891.2,26.9,273.1,0.301,25.2,62.5,22.6,0.413,624.7,0.923,0
26.04,93.4,453.05,0.212,0.176,1.99,141.4,699.7,30.1,181.2,0.227,22.0,53.4,19.7,0.249,980.0,0.777,0
218.5,586.53,1791.0,0.401,0.306,8.44,349.6,1417.5,16.1,61.6,0.725,34.5,97.7,22.1,0.857,103.9,0.693,1
95.96,209.2,652.12,0.538,0.426,4.89,575.8,2008.7,19.8,35.3,0.138,18.9,82.7,13.3,0.105,70.2,0.91,1
20.67,67.05,393.39,0.332,0.278,1.07,125.4,707.9,33.0,28.6,0.705,22.6,61.2,22.8,0.73,474.2,0.209,0
111.23,272.95,680.39,0.372,0.353,3.55,180.1,199.6,9.6,6.4,0.24,34.9,76.6,30.2,0.271,215.4,0.467,1
59.97,156.57,453.19,0.481,0.402,8.28,456.6,831.3,33.4,26.9,0.735,32.1,86.5,32.8,0.82,128.6,0.207,1
161.02,598.15,2529.62,0.4,0.312,8.09,689.4,2207.6,24.3,271.4,0.126,26.7,77.5,8.4,0.157,74.7,0.717,1
7.29,33.58,116.97,0.255,0.237,1.74,112.8,1175.0,29.7,278.5,0.186,22.7,41.1,39.3,0.196,397.6,0.815,0
171.85,451.38,1592.77,0.496,0.375,5.33,218.2,1497.2,42.3,127.8,0.107,24.8,79.1,16.2,0.132,507.7,0.826,1
76.94,203.36,481.01,0.457,0.354,8.33,369.4,112.9,7.0,11.9,0.108,32.4,85.3,32.9,0.097,193.3,0.436,1
91.18,202.42,924.94,0.353,0.298,4.13,387.5,606.3,36.4,46.4,0.702,32.3,84.7,37.0,0.74,365.9,0.762,1
149.0,386.52,941.47,0.411,0.316,7.87,447.1,1964.1,42.8,182.7,0.598,24.5,84.8,21.9,0.665,432.2,0.911,1
4.9,10.69,22.04,0.153,0.132,0.75,62.4,1781.2,36.5,351.7,0.682,34.1,46.9,15.2,0.752,71.8,0.607,0
3.93,19.81,101.27,0.174,0.136,2.02,125.6,286.1,12.2,44.1,0.119,32.9,43.0,11.7,0.112,588.0,0.817,0
9.2,38.79,190.39,0.322,0.283,2.86,234.3,2052.9,40.6,55.6,0.143,26.2,69.7,41.6,0.189,2182.0,0.748,0
14.47,34.99,206.75,0.145,0.112,1.44,172.8,1334.3,35.8,145.7,0.746,33.0,56.5,10.3,0.896,2085.5,0.337,0
121.06,355.74,994.75,0.527,0.481,4.19,398.8,632.3,33.1,221.6,0.419,19.8,95.8,20.0,0.501,157.9,0.872,1
36.2,92.57,265.37,0.171,0.153,2.45,166.3,397.2,13.3,141.1,0.188,26.0,59.3,39.7,0.225,2189.1,0.81,0
123.6,302.71,970.58,0.527,0.492,7.38,864.9,436.9,3.0,225.4,0.389,32.5,90.7,29.7,0.381,93.3,0.267,1
146.22,412.18,1894.08,0.484,0.37,6.78,289.9,1050.8,27.6,23.5,0.168,24.5,92.6,10.4,0.173,23.5,0.117,1
12.15,39.78,128.79,0.251,0.216,1.78,95.3,2191.5,39.6,64.4,0.738,19.9,52.2,29.6,0.859,280.7,0.508,0
22.71,85.13,281.08,0.298,0.265,2.0,159.9,925.8,30.7,25.5,0.567,21.3,71.5,37.6,0.61,475.1,0.231,0
102.13,262.69,1042.9,0.486,0.452,3.73,236.2,1631.2,17.5,315.0,0.229,29.9,75.4,35.0,0.25,331.7,0.493,1
103.23,395.37,1628.83,0.468,0.396,3.61,352.1,365.5,12.6,287.5,0.465,37.9,79.9,39.1,0.531,420.1,0.838,1
43.97,139.14,563.37,0.226,0.213,1.61,68.8,169.1,10.2,96.0,0.571,36.6,60.8,33.1,0.688,117.0,0.114,0
24.04,77.67,211.94,0.163,0.126,1.8,111.3,1033.7,22.1,271.5,0.581,25.6,52.4,33.4,0.611,4098.9,0.179,0
68.32,145.43,511.01,0.498,0.417,7.5,813.5,419.5,2.1,291.9,0.295,21.8,80.9,25.6,0.372,279.0,0.205,1
34.07,100.9,259.49,0.366,0.293,5.37,387.5,494.8,8.8,306.4,0.15,32.6,83.2,13.8,0.192,1504.9,0.804,1
1.38,12.31,82.89,0.223,0.174,2.79,156.7,681.4,17.6,155.9,0.672,35.1,64.8,22.5,0.71,399.3,0.128,0
90.1,290.18,679.75,0.496,0.401,3.89,316.9,163.1,3.5,348.8,0.705,35.6,87.3,6.5,0.658,184.2,0.33,1
12.82,77.3,221.19,0.315,0.278,1.56,108.3,2004.1,37.2,321.2,0.453,23.2,49.9,37.8,0.423,1371.9,0.085,0
3.41,15.08,75.73,0.215,0.182,1.12,70.0,1359.7,28.7,255.5,0.662,28.4,73.8,44.8,0.737,1255.7,0.745,0
20.02,75.68,385.73,0.233,0.183,1.65,178.5,1023.7,16.2,11.5,0.451,21.0,53.3,29.1,0.521,1427.8,0.627,0
24.67,69.33,284.12,0.275,0.208,0.75,81.5,834.9,32.9,265.4,0.27,18.0,51.9,31.4,0.391,226.6,0.216,0
9.5,70.79,232.42,0.334,0.313,2.55,187.6,12.4,7.3,226.2,0.527,20.6,73.1,21.0,0.606,2072.9,0.257,0
7.86,17.68,119.38,0.14,0.113,1.29,113.6,2174.7,24.8,340.4,0.468,34.5,49.4,18.1,0.495,898.1,0.157,0
11.29,43.43,133.27,0.118,0.091,1.26,122.9,1907.1,20.1,163.5,0.689,27.9,50.1,38.0,0.649,688.9,0.512,0
6.5,28.53,134.74,0.13,0.102,2.18,210.3,1830.3,26.9,211.9,0.712,23.1,54.1,13.2,0.815,2568.0,0.139,0
4.67,25.08,119.78,0.285,0.228,1.9,126.8,444.4,2.8,204.7,0.386,37.9,73.1,37.3,0.389,9542.3,0.201,0
175.1,422.96,1710.55,0.472,0.375,6.98,648.5,140.0,11.9,8.7,0.213,24.5,94.9,30.0,0.261,491.2,0.497,1
23.88,104.85,487.37,0.225,0.182,1.71,194.2,171.1,12.9,76.9,0.611,28.7,61.6,14.7,0.605,1551.7,0.711,0
41.29,157.26,727.62,0.277,0.22,1.63,72.3,1345.3,43.7,65.7,0.252,29.9,62.1,33.3,0.311,2280.5,0.303,0
128.52,409.0,1260.06,0.357,0.298,4.75,217.7,1593.9,30.2,127.8,0.479,21.8,84.6,39.3,0.615,126.0,0.251,1
170.99,334.09,1438.5,0.379,0.343,5.31,574.6,2495.5,17.0,99.2,0.535,21.8,96.7,15.7,0.623,481.6,0.729,1
4.51,29.72,161.48,0.275,0.207,2.98,263.2,1310.7,41.4,116.4,0.652,37.1,50.5,16.4,0.704,694.4,0.278,0
65.27,244.38,854.12,0.485,0.382,6.92,291.9,837.6,27.4,26.7,0.235,27.9,90.0,6.5,0.254,377.5,0.672,1
148.51,315.46,1444.91,0.534,0.477,4.69,474.7,1702.6,19.4,55.1,0.643,24.1,94.9,6.6,0.781,1077.0,0.514,1
115.19,335.69,1500.0,0.483,0.377,6.36,308.3,1613.4,23.1,182.3,0.432,21.0,80.2,34.9,0.5,53.6,0.505,1
7.2,29.4,183.05,0.231,0.207,2.32,248.2,67.0,4.8,183.3,0.445,18.8,62.1,7.6,0.524,2819.2,0.484,0
100.96,340.55,909.34,0.438,0.373,6.08,478.3,318.1,7.6,34.9,0.708,36.8,97.2,8.1,0.728,5.8,0.121,1
2.49,27.7,146.68,0.177,0.164,0.63,39.9,1733.9,44.2,218.0,0.348,22.7,68.4,33.5,0.306,98.5,0.919,0
127.46,297.9,1328.48,0.47,0.354,8.34,745.7,215.1,6.8,352.1,0.119,27.2,89.7,29.2,0.156,504.4,0.47,1
285.91,545.14,1647.45,0.351,0.318,5.1,274.7,2017.4,21.4,141.1,0.272,18.7,81.0,25.2,0.236,791.0,0.428,1
22.54,64.08,292.66,0.104,0.09,1.88,155.8,2270.4,44.1,58.5,0.598,33.9,47.8,28.4,0.588,2015.8,0.135,0
140.46,287.52,1105.03,0.379,0.32,6.93,549.2,508.0,21.6,358.4,0.652,23.7,84.9,33.7,0.641,36.9,0.422,1
23.31,72.11,317.02,0.267,0.208,0.62,37.0,1268.7,21.9,189.5,0.427,37.1,74.5,28.6,0.562,1562.5,0.721,0
148.05,465.37,1030.64,0.436,0.347,8.45,789.3,793.2,44.7,87.5,0.404,34.3,91.6,41.7,0.407,527.4,0.237,1
38.93,153.18,476.95,0.278,0.252,1.91,130.3,1307.1,34.6,315.8,0.33,35.0,53.0,14.4,0.331,102.5,0.654,0
2.3,14.03,136.63,0.151,0.118,0.86,92.5,1543.7,24.2,45.5,0.639,22.1,57.0,29.9,0.74,270.2,0.723,0
15.2,60.96,266.56,0.165,0.141,1.81,84.4,39.2,1.9,66.8,0.37,21.8,44.4,14.3,0.386,12.1,0.611,0
144.63,305.01,1189.98,0.545,0.432,4.17,423.7,2239.5,29.3,272.6,0.261,30.2,92.0,40.8,0.219,1004.5,0.928,1
4.96,13.2,108.35,0.199,0.169,2.1,157.6,929.3,24.6,328.0,0.571,20.4,56.8,38.9,0.744,556.6,0.444,0
8.12,66.4,204.35,0.326,0.261,2.17,140.9,487.7,7.4,154.8,0.436,37.2,55.2,42.9,0.526,1555.0,0.326,0
9.61,58.07,191.93,0.197,0.162,1.24,142.9,89.9,10.0,25.4,0.151,19.9,54.3,8.1,0.198,2654.2,0.081,0
81.65,209.09,869.43,0.418,0.381,7.22,404.4,2481.8,31.2,224.9,0.542,32.0,83.7,40.0,0.559,468.6,0.272,1
182.71,421.56,946.16,0.415,0.314,7.27,536.6,1901.1,22.9,275.3,0.367,21.3,85.2,10.0,0.427,288.0,0.684,1
7.66,55.46,220.33,0.317,0.297,2.09,161.3,1145.4,43.3,189.5,0.655,30.4,47.7,42.4,0.675,210.2,0.325,0
13.03,42.17,213.69,0.161,0.131,2.01,128.3,2166.0,35.9,141.2,0.714,35.3,53.6,40.7,0.758,5607.6,0.328,0
3.83,38.45,192.77,0.302,0.262,2.0,94.0,1145.8,44.3,244.0,0.727,22.1,62.5,34.8,0.813,1923.0,0.688,0
24.41,63.82,317.44,0.176,0.14,2.3,258.3,1722.9,39.2,170.1,0.743,20.6,43.7,6.1,0.777,1849.0,0.57,0
20.53,90.05,308.33,0.162,0.133,1.07,119.4,2393.4,24.4,281.4,0.657,30.6,67.5,7.8,0.788,1444.1,0.438,0
118.55,277.88,1030.75,0.366,0.308,3.55,320.3,1768.5,37.3,2.2,0.338,19.9,89.6,37.8,0.402,76.5,0.104,1
17.97,82.6,283.4,0.117,0.104,1.05,69.5,607.9,28.9,219.0,0.267,35.4,43.8,43.3,0.317,66.6,0.171,0
19.65,62.8,192.11,0.316,0.292,0.68,61.2,2334.1,30.4,304.4,0.232,35.7,65.5,18.0,0.189,1567.2,0.459,0
19.37,99.92,528.59,0.319,0.294,2.77,324.1,65.3,2.7,245.3,0.58,33.4,40.1,18.5,0.671,662.3,0.58,0
130.14,398.21,1027.04,0.495,0.405,4.41,488.6,2301.9,35.5,204.4,0.516,25.7,91.6,24.8,0.543,1638.7,0.407,1
156.99,458.79,1193.63,0.549,0.421,6.79,361.5,2405.7,25.8,80.4,0.475,26.1,80.6,5.7,0.543,30.3,0.263,1
159.78,494.26,2070.02,0.469,0.439,4.44,467.5,238.6,14.6,198.3,0.368,22.3,95.4,27.2,0.381,126.5,0.808,1
16.31,71.2,341.43,0.275,0.208,1.3,134.6,149.4,3.9,293.4,0.601,30.9,69.6,24.5,0.614,166.2,0.697,0
18.36,52.57,293.13,0.126,0.116,0.6,67.9,2098.3,25.7,308.9,0.364,19.5,52.9,17.7,0.45,2074.4,0.863,0
22.31,90.86,240.93,0.203,0.153,2.42,105.9,72.5,8.2,229.7,0.391,33.1,71.8,31.7,0.387,2057.4,0.876,0
19.3,79.46,218.98,0.122,0.116,0.79,80.4,2013.6,40.4,354.4,0.318,22.0,44.8,6.1,0.331,1476.0,0.64,0
34.96,97.4,337.92,0.515,0.387,6.11,511.7,888.9,40.7,42.7,0.405,36.2,86.1,18.6,0.344,338.9,0.405,1
122.28,246.35,905.61,0.492,0.371,5.97,495.8,65.0,13.8,246.1,0.18,32.8,88.4,12.0,0.268,869.7,0.478,1
31.34,74.94,193.93,0.5,0.426,3.85,261.5,1610.6,27.6,15.6,0.697,26.4,83.2,31.7,0.765,195.1,0.108,1
126.08,379.89,966.05,0.461,0.408,5.32,547.1,705.8,22.9,307.6,0.588,24.0,84.8,14.7,0.695,63.5,0.155,1
29.33,109.47,445.63,0.242,0.199,1.95,143.8,386.6,3.2,279.9,0.466,22.9,56.6,24.2,0.508,2356.3,0.285,0
102.25,237.38,919.05,0.442,0.385,6.63,454.9,1371.1,26.2,293.3,0.663,31.8,97.4,11.2,0.635,1457.8,0.2,1
2.99,15.71,66.03,0.144,0.132,2.59,302.7,80.3,11.5,130.1,0.192,35.9,61.8,16.3,0.271,217.9,0.155,0
7.07,41.5,252.54,0.119,0.109,0.97,74.5,989.6,25.5,77.1,0.188,36.9,50.6,35.8,0.213,430.7,0.456,0
16.65,40.1,156.23,0.357,0.331,7.74,800.7,1546.7,35.3,76.5,0.602,37.3,84.9,23.7,0.621,72.9,0.536,1
16.67,60.06,303.64,0.282,0.22,1.88,96.2,1817.1,35.0,326.9,0.347,36.8,72.1,45.0,0.485,35.4,0.787,0
24.08,81.44,412.71,0.104,0.083,2.7,267.9,1296.7,29.8,188.0,0.607,32.2,56.4,11.8,0.637,770.9,0.511,0
4.14,35.43,199.78,0.316,0.274,1.04,97.2,163.7,7.9,68.5,0.618,21.9,70.5,15.9,0.638,147.4,0.476,0
86.23,298.66,956.54,0.466,0.417,5.99,484.3,1911.0,23.8,28.5,0.694,24.7,76.0,38.4,0.645,72.1,0.339,1
40.77,98.94,286.85,0.369,0.285,5.76,293.5,975.2,36.2,150.1,0.306,25.7,85.8,8.9,0.35,515.0,0.773,1
37.24,158.23,709.47,0.32,0.251,2.44,121.1,460.1,5.9,49.1,0.134,31.2,46.0,20.0,0.153,847.1,0.653,0
113.86,367.63,938.79,0.5,0.467,6.23,586.7,669.3,17.1,127.7,0.414,26.9,80.9,14.3,0.45,745.3,0.211,1
7.07,33.92,160.68,0.312,0.236,2.86,310.5,1672.0,41.9,48.7,0.153,24.9,49.3,31.4,0.269,1207.5,0.528,0
9.56,49.29,242.32,0.283,0.235,2.44,208.2,502.5,32.6,195.1,0.435,25.1,70.1,33.4,0.451,177.9,0.193,0
96.71,301.9,834.95,0.444,0.352,6.84,525.5,229.4,3.7,23.4,0.665,29.1,77.4,31.1,0.778,496.7,0.686,1
52.9,188.77,880.02,0.528,0.477,5.9,481.3,1556.4,16.4,22.0,0.448,33.0,95.3,15.9,0.428,758.3,0.329,1
86.58,231.5,1008.45,0.4,0.369,5.11,268.2,1618.3,17.9,293.9,0.221,23.4,88.1,9.4,0.286,549.8,0.523,1
18.75,79.54,213.35,0.107,0.085,2.6,114.6,1118.1,45.0,30.1,0.247,28.9,54.2,12.8,0.194,1483.4,0.065,0
36.83,112.35,379.44,0.492,0.427,7.47,793.9,1267.5,23.5,348.9,0.665,21.4,75.5,29.0,0.732,25.7,0.823,1
64.82,147.05,493.62,0.353,0.324,8.02,863.4,2081.2,36.1,208.0,0.65,38.0,75.2,37.3,0.726,385.6,0.406,1
98.25,345.59,1528.48,0.463,0.402,7.17,718.6,853.0,20.0,105.9,0.401,28.6,88.0,10.4,0.381,28.3,0.066,1
13.91,60.53,238.86,0.222,0.193,2.51,255.6,2160.5,22.8,97.9,0.595,22.5,55.9,19.3,0.645,776.4,0.115,0
163.73,498.16,2300.82,0.381,0.317,7.58,433.2,2185.2,15.2,239.3,0.111,30.7,82.7,15.3,0.083,33.1,0.776,1
218.8,760.22,1936.67,0.456,0.402,6.56,319.7,1284.9,40.7,310.7,0.663,23.5,83.9,12.1,0.742,41.2,0.757,1
2.46,19.36,75.42,0.154,0.145,1.11,58.4,51.6,1.3,187.7,0.228,31.4,56.6,24.9,0.275,3949.8,0.169,0
3.53,21.7,83.19,0.293,0.238,2.01,183.5,2306.8,26.3,275.4,0.254,22.6,54.6,22.0,0.301,816.0,0.695,0
32.82,129.48,381.75,0.173,0.137,2.2,157.6,358.4,4.7,336.9,0.452,20.6,48.5,31.8,0.459,77.7,0.541,0
74.94,233.62,1040.22,0.474,0.447,6.31,260.2,1322.7,19.9,217.9,0.401,23.0,91.8,25.0,0.473,209.4,0.732,1
160.03,442.7,1048.68,0.365,0.278,6.81,790.0,1683.9,22.8,151.7,0.192,29.3,96.6,42.1,0.179,134.4,0.292,1
96.01,349.98,1571.66,0.378,0.347,7.36,429.9,246.8,2.0,40.0,0.555,27.1,75.2,39.1,0.591,37.3,0.114,1
79.86,265.23,1136.75,0.46,0.429,5.52,222.8,1878.1,36.7,248.8,0.475,33.0,92.0,17.3,0.635,222.3,0.182,1
73.15,243.37,1012.28,0.386,0.307,4.27,302.3,1536.5,36.3,306.7,0.69,23.1,95.2,31.0,0.747,88.0,0.891,1
4.64,33.89,181.11,0.18,0.15,2.69,153.5,1685.6,30.4,6.3,0.727,31.2,59.9,31.0,0.72,6269.9,0.259,0
18.12,75.92,312.04,0.332,0.257,0.64,44.3,393.1,6.0,232.8,0.355,25.5,43.1,29.1,0.472,377.5,0.909,0
4.77,19.08,83.82,0.242,0.199,1.05,121.1,686.9,30.3,24.4,0.349,27.4,72.4,28.8,0.379,524.4,0.48,0
3.05,20.37,173.74,0.165,0.139,1.91,171.1,763.4,31.9,339.4,0.655,36.3,74.1,8.5,0.648,1609.9,0.453,0
18.65,58.47,157.59,0.213,0.182,0.5,46.3,384.5,4.8,149.2,0.177,33.9,44.8,41.9,0.067,849.8,0.922,0
72.92,181.56,593.38,0.423,0.327,3.97,439.1,1419.4,34.6,66.7,0.123,23.0,88.0,27.7,0.085,158.3,0.237,1
11.63,55.16,300.88,0.267,0.222,1.09,53.6,200.8,14.1,72.8,0.111,32.1,58.0,21.4,0.146,1850.4,0.69,0
12.53,57.47,216.13,0.224,0.196,2.71,130.1,648.9,21.3,32.6,0.72,20.4,49.5,37.6,0.821,841.0,0.162,0
12.54,53.03,202.82,0.164,0.14,1.81,196.3,1905.5,29.4,236.8,0.386,38.0,49.1,15.1,0.368,994.1,0.833,0
2.23,41.82,200.33,0.281,0.258,2.08,109.7,600.4,25.1,316.3,0.517,35.8,63.8,6.8,0.627,123.6,0.088,0
137.13,275.03,1218.28,0.371,0.349,7.25,715.6,494.3,11.8,137.1,0.188,34.9,95.7,17.9,0.214,728.8,0.744,1
191.0,538.48,1528.42,0.516,0.471,5.62,318.9,362.5,15.0,191.1,0.127,30.8,94.5,28.6,0.124,140.2,0.275,1
190.41,542.95,2427.92,0.441,0.335,5.97,465.3,1546.5,21.0,93.2,0.676,22.0,76.8,41.9,0.698,155.8,0.588,1
16.36,63.35,210.97,0.24,0.19,2.6,184.0,1140.5,35.4,279.5,0.581,27.9,71.5,34.8,0.647,60.0,0.819,0
65.68,233.3,1014.2,0.542,0.416,6.58,317.6,557.7,15.6,233.8,0.591,27.2,93.9,19.4,0.589,233.4,0.713,1
44.11,121.96,361.28,0.382,0.32,6.84,641.0,517.6,24.4,359.4,0.403,26.3,86.3,36.8,0.452,1.3,0.912,1
65.98,153.19,392.13,0.485,0.434,4.27,462.8,2472.2,38.5,306.4,0.507,31.1,90.9,42.6,0.532,222.6,0.818,1
15.44,83.19,378.54,0.29,0.219,1.03,49.4,176.3,8.7,50.7,0.504,32.8,71.1,21.7,0.661,1584.6,0.424,0
165.09,467.09,1492.38,0.377,0.303,5.56,381.2,1861.7,43.5,303.9,0.743,23.4,94.5,44.7,0.772,342.8,0.387,1
85.64,221.84,704.85,0.476,0.366,4.05,171.1,2288.5,32.6,19.4,0.405,31.2,93.9,21.9,0.433,16.5,0.736,1
155.09,347.69,1105.84,0.372,0.309,4.9,288.2,1119.0,29.4,53.8,0.357,25.3,95.6,39.1,0.39,131.6,0.312,1
117.63,257.31,971.21,0.443,0.414,7.67,466.4,1209.2,35.0,138.5,0.561,18.3,75.5,15.4,0.692,57.1,0.378,1
8.7,50.11,181.25,0.263,0.219,2.82,297.1,2134.0,40.3,68.3,0.546,21.2,44.3,19.1,0.58,1365.7,0.811,0
73.62,208.11,617.05,0.45,0.395,3.75,376.1,46.0,4.2,102.7,0.49,31.0,77.4,39.6,0.438,316.8,0.17,1
15.74,71.33,259.84,0.323,0.267,0.67,71.1,482.5,8.7,255.6,0.354,34.3,59.0,6.4,0.421,574.0,0.07,0
58.37,186.55,395.78,0.51,0.457,5.43,252.2,1787.4,24.4,201.9,0.389,19.2,76.1,15.9,0.317,314.2,0.908,1
4.29,33.29,177.97,0.342,0.308,2.79,141.5,1290.5,24.8,143.6,0.261,21.1,73.1,34.3,0.36,1276.6,0.245,0
23.18,94.79,469.03,0.25,0.194,1.01,64.9,2418.3,17.1,232.6,0.252,27.2,46.9,26.7,0.311,1072.8,0.182,0
13.41,40.89,215.9,0.164,0.144,2.59,257.5,536.8,23.1,0.1,0.66,20.1,59.3,27.8,0.664,1643.7,0.58,0
116.24,308.71,1010.77,0.452,0.374,3.68,154.8,2217.7,29.7,316.4,0.242,31.0,94.0,18.2,0.272,3.8,0.855,1
7.34,29.48,130.16,0.327,0.302,0.75,38.8,2499.7,34.9,142.0,0.65,18.7,59.6,27.5,0.745,3554.3,0.405,0
78.41,246.75,600.16,0.395,0.309,8.32,664.1,13.1,10.6,176.1,0.216,20.1,85.5,17.7,0.185,395.8,0.67,1
195.47,572.03,2491.21,0.456,0.424,6.23,261.0,728.4,36.6,42.2,0.453,32.6,94.7,7.7,0.573,22.5,0.615,1
8.26,53.9,212.7,0.342,0.291,2.6,125.3,2453.3,28.6,272.6,0.409,34.5,73.2,5.5,0.529,373.9,0.421,0
8.87,52.16,219.4,0.292,0.234,0.76,49.6,2247.2,30.4,358.2,0.597,23.1,44.4,16.3,0.62,1474.5,0.129,0
11.74,51.3,187.32,0.112,0.092,2.11,125.0,250.4,10.8,275.9,0.677,27.2,43.6,29.4,0.764,4127.3,0.885,0
77.81,266.65,982.5,0.55,0.413,7.26,499.8,650.1,33.0,50.2,0.265,29.6,83.4,13.2,0.321,265.0,0.931,1
140.91,281.84,1067.06,0.534,0.502,6.9,693.4,1572.3,25.2,334.8,0.396,18.4,83.6,32.2,0.336,454.5,0.542,1
20.32,69.18,232.54,0.172,0.137,1.32,75.8,627.0,33.4,210.4,0.218,32.2,55.5,23.2,0.191,1346.8,0.159,0
4.46,26.73,100.61,0.122,0.114,0.61,55.1,985.1,27.2,311.8,0.323,19.2,48.2,30.5,0.361,34.9,0.689,0
151.3,450.56,1740.69,0.378,0.348,7.57,836.0,641.4,33.0,152.0,0.261,21.6,77.8,22.4,0.251,175.4,0.109,1
63.28,192.22,556.53,0.462,0.378,7.96,512.7,754.3,25.3,100.3,0.728,32.7,91.7,36.9,0.838,410.7,0.583,1
84.42,285.06,960.88,0.359,0.285,8.28,363.8,859.4,19.9,7.7,0.384,34.6,92.3,8.3,0.38,188.1,0.49,1
122.2,322.56,882.82,0.537,0.449,6.69,605.7,1317.8,20.8,341.5,0.275,32.2,87.0,7.8,0.274,633.5,0.097,1
18.39,51.81,201.7,0.294,0.275,1.16,113.4,1951.6,19.3,55.4,0.168,36.3,52.5,43.3,0.2,79.3,0.188,0
21.25,58.34,264.21,0.195,0.18,0.96,74.8,1380.8,19.8,281.5,0.326,37.7,57.9,17.4,0.392,4261.5,0.175,0
12.68,45.13,211.88,0.133,0.112,1.63,121.2,622.4,33.6,100.2,0.686,34.2,70.4,15.4,0.664,1513.5,0.689,0
23.74,50.44,211.97,0.348,0.299,2.32,231.1,1642.6,41.4,205.5,0.561,30.3,41.2,33.0,0.616,1847.5,0.737,0
13.38,56.82,225.09,0.241,0.2,2.73,200.1,2082.4,41.5,297.2,0.191,19.1,59.5,33.7,0.266,3734.6,0.139,0
5.56,23.11,153.19,0.206,0.193,2.16,87.2,1626.6,36.9,126.0,0.108,36.0,44.6,12.4,0.159,527.4,0.365,0
13.23,57.23,264.34,0.15,0.142,1.44,160.5,2002.2,31.3,155.6,0.493,23.7,43.3,10.2,0.557,963.3,0.166,0
140.98,373.81,1735.6,0.432,0.349,5.24,315.9,1128.6,28.9,51.8,0.723,25.8,86.9,37.7,0.812,140.6,0.875,1
103.74,208.49,928.97,0.415,0.39,7.67,680.1,2311.6,18.8,151.4,0.285,28.4,84.5,41.5,0.283,525.2,0.103,1
167.82,415.96,1478.87,0.498,0.468,5.26,443.9,1539.1,21.0,297.2,0.346,35.7,77.4,14.8,0.38,600.7,0.413,1
114.27,416.63,1449.88,0.469,0.396,5.84,473.3,1781.1,43.2,316.8,0.632,34.1,93.3,11.6,0.704,139.8,0.267,1
50.17,138.59,423.92,0.338,0.282,1.18,70.3,285.8,1.4,228.1,0.345,28.1,53.1,32.9,0.452,298.8,0.893,0
51.44,176.5,805.76,0.37,0.342,4.98,494.0,1576.6,32.7,168.4,0.449,35.6,87.6,31.7,0.524,796.8,0.839,1
11.47,59.92,299.62,0.35,0.328,1.54,92.0,82.0,8.1,74.4,0.122,35.0,50.8,31.7,0.157,6998.4,0.372,0
124.29,432.57,1740.3,0.452,0.376,5.63,648.1,417.7,7.3,163.8,0.542,24.9,81.9,33.8,0.555,249.6,0.441,1
12.0,58.25,189.42,0.3,0.254,2.16,183.1,1749.7,37.8,290.4,0.111,23.6,46.6,34.3,0.125,2609.9,0.132,0
87.65,224.75,928.71,0.482,0.393,5.87,596.3,1693.0,17.9,111.5,0.34,25.9,97.0,36.2,0.343,60.6,0.408,1
22.54,90.22,292.49,0.156,0.124,2.96,295.2,1245.7,23.1,288.5,0.155,33.3,41.1,7.6,0.153,863.3,0.548,0
23.3,95.34,329.52,0.126,0.119,1.64,192.9,1647.8,31.7,1.3,0.132,30.6,52.4,43.8,0.174,1981.9,0.384,0
203.69,664.18,2663.53,0.378,0.298,8.12,670.6,2050.8,29.6,125.3,0.103,20.4,86.0,21.1,0.143,43.8,0.126,1
11.17,46.86,254.44,0.305,0.279,1.09,48.3,2086.8,37.0,356.5,0.114,24.4,61.6,19.8,0.107,392.7,0.242,0
171.22,344.2,835.61,0.485,0.405,3.76,177.0,2224.8,43.8,328.0,0.483,35.5,79.3,14.8,0.52,7.6,0.291,1
100.31,274.78,695.4,0.516,0.395,8.14,558.2,2226.4,22.4,232.9,0.113,36.6,76.1,14.0,0.104,1066.8,0.743,1
102.88,212.88,595.63,0.519,0.423,5.06,348.2,1417.3,16.1,177.2,0.148,20.7,79.1,25.4,0.158,37.2,0.233,1
141.33,354.24,1591.58,0.419,0.321,4.44,254.8,888.8,24.9,255.1,0.367,37.5,88.9,25.5,0.407,683.4,0.672,1
102.25,259.1,1045.88,0.403,0.381,8.1,923.5,10.7,1.0,353.1,0.365,30.5,97.2,14.0,0.386,7.3,0.332,1
24.64,71.8,308.5,0.268,0.215,0.5,39.1,2328.8,37.1,10.9,0.271,34.0,69.5,24.2,0.301,250.9,0.15,0
122.8,419.61,1426.11,0.41,0.368,3.77,422.6,501.5,30.4,99.3,0.532,34.6,90.0,26.7,0.652,173.7,0.502,1
66.85,148.48,500.89,0.42,0.351,4.54,201.5,2083.9,28.5,358.3,0.144,20.9,77.4,19.2,0.129,140.4,0.793,1
131.32,322.97,924.89,0.364,0.322,7.56,513.2,634.3,26.4,217.6,0.287,30.4,87.4,35.0,0.344,145.8,0.324,1
12.98,44.54,148.86,0.173,0.139,2.85,195.7,811.3,21.4,263.1,0.552,20.8,43.1,36.3,0.652,583.0,0.579,0
165.08,393.29,1622.2,0.412,0.317,6.84,294.3,524.0,25.2,271.4,0.169,26.7,87.9,11.7,0.219,342.4,0.795,1
186.96,472.71,1562.13,0.506,0.461,3.7,339.7,1941.7,20.8,142.3,0.562,25.1,87.6,30.4,0.576,687.2,0.29,1
108.46,248.12,725.42,0.549,0.49,7.71,395.9,1094.2,17.0,338.8,0.11,34.9,93.9,32.3,0.16,177.0,0.133,1
19.45,95.48,400.85,0.246,0.19,1.95,132.0,2405.1,41.6,59.2,0.556,21.0,51.4,44.9,0.634,1816.2,0.252,0
12.48,40.57,176.99,0.112,0.101,1.52,180.1,2026.2,22.3,292.1,0.611,35.0,43.0,38.2,0.732,2051.9,0.822,0
14.63,36.51,176.01,0.344,0.299,1.35,155.0,1420.5,17.9,198.5,0.553,25.1,53.6,40.1,0.644,96.5,0.346,0
103.2,285.27,728.69,0.412,0.323,5.77,351.5,1959.9,30.0,103.5,0.593,19.2,86.5,35.5,0.648,356.3,0.21,1
179.64,395.94,1592.05,0.522,0.478,4.02,262.1,2107.5,22.5,172.5,0.638,31.3,94.1,26.6,0.753,110.4,0.504,1
15.33,56.78,208.32,0.301,0.268,1.87,156.0,2293.6,27.1,191.9,0.405,37.9,58.0,22.9,0.383,232.6,0.606,0
21.58,70.15,202.46,0.153,0.13,2.43,152.9,209.1,14.3,130.9,0.338,35.8,45.2,21.5,0.346,2504.5,0.466,0
6.05,15.89,91.45,0.333,0.262,2.92,286.1,2004.9,20.6,109.8,0.53,36.5,71.1,38.0,0.6,1169.3,0.342,0
6.38,49.17,270.27,0.346,0.297,1.53,130.4,467.9,14.2,159.7,0.477,25.2,74.8,19.2,0.441,1950.8,0.493,0
157.83,513.81,1585.56,0.494,0.386,4.32,336.1,2291.2,30.4,301.2,0.561,22.1,79.7,31.8,0.632,749.0,0.863,1
117.04,311.54,726.29,0.384,0.302,7.39,861.5,477.8,10.4,256.5,0.63,35.3,79.0,20.8,0.675,101.7,0.633,1
5.42,58.13,256.63,0.348,0.277,0.82,47.3,438.5,2.8,29.3,0.123,18.6,56.9,5.0,0.113,1156.1,0.438,0
96.83,271.19,570.81,0.365,0.322,3.53,383.8,1239.8,37.3,275.9,0.487,37.0,96.9,19.4,0.481,646.2,0.783,1
29.71,83.87,381.47,0.305,0.27,1.48,145.1,2144.6,29.1,334.1,0.481,25.4,55.6,10.2,0.536,115.1,0.052,0
111.19,281.47,1268.92,0.495,0.378,4.11,230.4,228.3,1.3,345.0,0.586,32.0,93.2,6.2,0.638,753.0,0.227,1
38.45,112.07,337.88,0.283,0.249,1.24,68.0,159.1,3.2,146.3,0.686,25.7,73.4,13.4,0.727,407.5,0.534,0
8.07,46.7,178.16,0.275,0.208,0.81,69.5,1914.8,26.5,330.1,0.249,30.4,55.9,44.7,0.33,154.9,0.64,0
22.99,82.94,253.6,0.334,0.311,2.36,109.7,2100.6,24.5,60.3,0.682,24.7,67.9,10.5,0.798,2080.7,0.493,0
98.69,320.54,916.21,0.427,0.387,8.0,627.9,1147.7,37.6,143.8,0.59,24.3,94.9,32.3,0.64,508.3,0.636,1
256.6,845.56,2695.96,0.531,0.476,4.42,295.7,1621.8,18.3,182.4,0.259,25.2,95.8,44.1,0.321,483.3,0.6,1
113.69,248.96,858.54,0.378,0.301,3.54,382.7,332.0,6.4,65.8,0.529,33.8,77.4,27.8,0.52,797.6,0.558,1
19.83,67.1,289.56,0.187,0.177,1.28,111.9,1495.3,16.4,247.8,0.538,22.1,62.7,41.1,0.567,122.1,0.18,0
11.5,57.37,292.75,0.243,0.227,0.71,64.9,36.9,1.5,148.1,0.313,26.7,74.0,26.7,0.217,1052.7,0.448,0
10.93,52.35,202.67,0.207,0.176,2.58,170.4,761.7,22.0,46.1,0.345,24.1,65.7,20.8,0.39,5489.3,0.446,0
109.6,366.35,1432.91,0.519,0.393,7.39,423.6,63.3,4.4,189.7,0.157,19.7,97.2,25.9,0.131,501.9,0.256,1
21.12,87.06,262.98,0.265,0.226,2.95,244.4,686.0,35.6,103.2,0.442,32.5,41.4,13.0,0.479,720.9,0.855,0
45.17,149.8,490.05,0.491,0.383,5.03,581.9,66.6,10.7,338.8,0.736,35.6,92.2,38.0,0.868,356.0,0.842,1
134.28,381.91,921.55,0.371,0.322,7.18,628.6,2352.3,31.4,297.2,0.137,22.9,91.8,9.5,0.111,141.6,0.322,1
173.68,412.52,1600.85,0.487,0.461,7.6,315.9,2208.7,39.9,294.5,0.497,25.5,92.6,7.7,0.605,354.5,0.246,1
6.47,54.12,273.66,0.229,0.206,1.37,160.7,522.2,28.6,231.4,0.113,35.7,53.1,39.9,0.079,410.1,0.403,0
18.3,79.74,348.5,0.307,0.25,1.19,127.0,2293.6,34.3,34.9,0.129,35.7,74.7,36.8,0.153,771.5,0.081,0
6.82,33.31,161.73,0.306,0.253,2.97,328.9,2240.7,16.8,160.4,0.48,32.3,60.4,38.9,0.523,1129.0,0.857,0
20.08,69.16,226.84,0.531,0.498,3.84,292.7,554.0,39.7,233.3,0.556,27.4,80.0,5.2,0.654,773.1,0.222,1
110.4,349.93,992.62,0.465,0.359,6.13,684.4,1685.4,34.5,71.5,0.497,21.1,89.2,16.0,0.545,431.8,0.252,1
32.65,84.38,277.23,0.239,0.222,1.68,101.9,475.7,10.2,144.8,0.426,29.9,46.2,13.9,0.417,690.2,0.454,0
13.58,62.34,183.88,0.312,0.239,1.79,186.9,1707.6,21.6,173.4,0.6,25.7,52.3,7.5,0.743,209.8,0.57,0
44.08,124.83,344.13,0.392,0.327,3.59,319.6,168.5,8.3,300.3,0.211,24.4,95.5,33.3,0.327,130.2,0.445,1
62.08,202.09,565.76,0.501,0.45,6.15,714.8,2149.8,21.9,137.0,0.703,34.6,76.1,44.9,0.712,241.5,0.502,1
39.05,124.64,327.09,0.246,0.204,1.23,78.4,2064.3,36.1,125.8,0.564,26.3,56.4,41.6,0.657,3631.7,0.837,0
156.02,475.66,1066.24,0.485,0.419,5.82,290.3,437.9,11.9,261.3,0.605,28.2,91.8,33.9,0.659,254.3,0.785,1
2.52,26.23,171.81,0.173,0.147,1.72,167.5,1105.4,20.8,122.6,0.13,26.3,47.4,6.1,0.107,3149.2,0.06,0
9.96,43.65,235.03,0.209,0.182,2.44,290.5,643.1,18.7,35.6,0.472,32.1,60.1,33.1,0.454,31.9,0.485,0
122.57,442.79,1949.91,0.402,0.315,8.44,435.8,316.9,8.0,283.0,0.43,22.3,86.3,29.3,0.518,103.4,0.713,1
86.79,240.4,797.79,0.364,0.315,3.71,178.4,43.2,3.9,133.0,0.653,31.2,78.4,35.7,0.758,158.4,0.678,1
122.74,378.73,1241.23,0.391,0.37,4.48,333.6,763.6,36.1,355.2,0.615,28.3,89.7,43.8,0.711,803.2,0.372,1
8.41,40.37,147.35,0.216,0.17,1.65,160.7,2347.3,29.9,182.4,0.311,33.3,42.2,35.1,0.378,683.8,0.665,0
100.86,283.01,743.54,0.397,0.303,6.49,569.2,2221.6,44.6,23.1,0.193,28.4,78.7,34.2,0.14,562.4,0.62,1
11.35,78.13,336.03,0.34,0.282,1.15,132.8,1091.6,37.2,274.7,0.275,25.3,42.2,34.8,0.301,511.2,0.284,0
18.29,52.3,197.37,0.152,0.126,2.54,266.5,728.5,20.6,136.0,0.684,20.3,55.1,12.7,0.725,5612.0,0.239,0
105.05,241.32,978.02,0.47,0.365,4.11,353.1,776.1,23.8,44.3,0.35,28.3,85.0,12.0,0.426,37.1,0.115,1
30.55,129.19,508.04,0.343,0.297,2.44,167.9,1768.8,39.1,200.5,0.704,24.2,42.0,42.1,0.735,550.1,0.442,0
247.72,535.82,2133.26,0.481,0.403,3.88,414.1,672.3,41.3,89.6,0.352,36.0,97.0,8.9,0.489,652.3,0.516,1
183.5,580.28,2211.0,0.395,0.362,5.6,442.4,2066.5,30.9,338.1,0.743,23.0,90.9,42.6,0.834,262.9,0.085,1
19.54,66.3,299.84,0.281,0.234,1.34,147.3,903.8,28.5,252.3,0.289,34.0,59.3,20.6,0.387,81.5,0.412,0
11.68,60.43,237.52,0.207,0.196,2.8,246.2,178.1,1.5,149.3,0.372,27.3,57.2,5.4,0.344,14.4,0.132,0
13.79,63.76,293.46,0.249,0.225,2.12,204.9,313.0,1.8,277.2,0.305,18.3,69.6,22.3,0.311,2315.4,0.118,0
7.04,37.59,166.09,0.227,0.192,2.72,119.1,1929.4,36.1,167.1,0.744,23.4,71.4,30.4,0.713,3283.0,0.308,0
169.78,592.97,1540.52,0.496,0.427,4.91,585.8,1929.2,16.5,331.4,0.377,36.3,82.7,29.3,0.381,443.3,0.518,1
82.05,176.37,488.97,0.507,0.468,5.4,541.7,998.9,33.2,256.3,0.627,24.2,97.9,13.5,0.744,137.3,0.6,1
4.5,51.04,187.74,0.303,0.274,0.69,59.9,2488.3,21.8,352.4,0.203,29.7,53.7,24.1,0.239,876.6,0.558,0
19.17,66.56,181.3,0.343,0.302,1.34,110.9,556.1,21.7,122.1,0.164,29.6,67.3,26.7,0.258,2488.9,0.917,0
155.3,506.58,2213.14,0.461,0.37,7.3,641.8,498.7,2.9,298.4,0.683,31.2,81.5,15.1,0.811,532.7,0.254,1
313.27,712.78,1944.13,0.38,0.316,3.67,160.3,1322.6,28.6,101.4,0.358,37.0,75.1,17.7,0.464,1226.5,0.451,1
7.16,29.39,110.03,0.127,0.115,1.69,116.7,1392.7,34.5,122.1,0.566,32.8,61.3,29.9,0.592,513.4,0.501,0
35.03,100.54,352.46,0.187,0.163,2.79,131.8,1054.1,19.5,87.2,0.374,29.2,67.9,24.6,0.335,654.0,0.236,0
118.27,394.16,1629.27,0.477,0.449,8.11,438.2,1444.8,25.3,301.5,0.628,36.3,88.6,14.5,0.648,19.5,0.272,1
4.9,22.21,141.07,0.157,0.146,2.61,174.1,2234.6,19.8,324.1,0.498,33.5,44.1,39.0,0.462,28.2,0.634,0
33.45,98.17,283.57,0.264,0.22,0.82,77.0,1168.1,30.9,70.8,0.571,23.1,67.6,28.5,0.58,437.2,0.823,0
189.85,466.04,1615.23,0.412,0.334,7.3,835.0,2490.4,20.8,311.5,0.596,22.7,78.9,44.6,0.56,1262.1,0.42,1
90.43,211.37,759.38,0.407,0.315,3.63,431.5,2371.3,41.4,347.3,0.213,35.0,81.3,22.5,0.212,355.2,0.581,1
117.6,306.28,1255.21,0.519,0.432,7.56,756.2,1767.3,16.7,191.3,0.331,20.5,79.6,27.0,0.403,68.5,0.935,1
160.3,434.06,1788.66,0.394,0.314,6.41,393.9,1764.3,32.0,87.3,0.306,21.6,96.7,9.1,0.458,74.2,0.749,1
76.26,227.69,931.02,0.499,0.376,6.75,444.3,1816.4,36.2,335.3,0.5,32.0,86.6,18.1,0.555,423.1,0.151,1
30.91,112.79,291.55,0.273,0.213,1.8,116.4,2154.9,41.9,332.6,0.133,21.7,52.9,41.5,0.195,3689.6,0.95,0
13.41,51.86,155.62,0.258,0.217,2.75,294.5,2076.9,22.4,47.4,0.204,35.2,73.3,33.0,0.321,613.1,0.676,0
8.77,51.99,295.92,0.277,0.257,0.91,92.9,1801.4,35.3,345.1,0.102,22.0,63.7,7.6,0.16,528.9,0.193,0
10.57,71.71,257.49,0.185,0.15,1.26,56.8,2041.7,36.3,109.2,0.353,23.4,42.1,33.5,0.409,3734.2,0.259,0
92.53,292.35,822.82,0.448,0.376,5.55,441.5,1081.0,32.3,159.2,0.385,28.5,81.6,23.4,0.383,169.5,0.656,1
118.1,262.36,1070.46,0.357,0.295,5.59,510.6,1249.6,40.5,199.3,0.217,30.1,97.5,38.1,0.227,50.2,0.806,1
127.14,411.23,1476.33,0.376,0.31,5.06,208.8,2238.3,28.7,119.0,0.211,29.2,78.8,27.9,0.292,393.9,0.518,1
110.81,401.31,1327.49,0.441,0.395,7.59,664.3,238.2,3.4,23.3,0.378,27.4,76.5,44.7,0.431,34.0,0.564,1
12.87,64.46,189.54,0.269,0.229,2.83,325.9,1941.9,20.5,258.2,0.262,19.4,51.5,17.7,0.261,1517.9,0.226,0
11.29,58.02,160.77,0.223,0.186,0.78,34.2,1682.0,44.1,277.2,0.148,29.8,65.2,34.1,0.094,3729.1,0.602,0
87.9,291.87,1126.45,0.375,0.352,5.79,310.9,379.9,1.6,191.2,0.699,33.1,86.0,18.2,0.766,346.4,0.573,1
169.56,415.51,942.3,0.402,0.324,6.26,302.0,1048.9,37.0,154.9,0.663,27.4,76.6,24.7,0.689,23.0,0.444,1
84.59,270.5,871.52,0.5,0.458,3.75,261.0,1823.2,24.0,261.8,0.134,23.7,90.8,39.5,0.204,109.9,0.099,1
128.74,414.33,1689.95,0.36,0.307,6.87,477.8,1813.8,27.7,358.0,0.233,20.7,97.8,26.3,0.192,292.7,0.645,1
123.08,303.9,1375.67,0.547,0.458,3.57,415.5,1730.6,20.3,335.6,0.559,24.5,75.1,30.1,0.693,225.1,0.517,1
161.79,374.69,1624.07,0.405,0.309,6.14,638.7,398.3,2.1,202.6,0.144,36.4,86.0,36.1,0.117,594.6,0.487,1
29.09,96.84,472.09,0.301,0.277,2.31,209.9,1946.1,42.2,294.3,0.697,25.4,41.0,35.2,0.794,508.5,0.918,0
193.77,580.66,1726.55,0.4,0.321,5.07,462.8,338.8,4.9,79.3,0.11,32.7,85.4,38.0,0.088,109.6,0.569,1
220.12,517.44,2276.45,0.47,0.417,7.19,671.2,2452.5,22.4,134.2,0.449,23.9,82.8,28.2,0.474,7.8,0.888,1
3.09,41.1,196.65,0.163,0.151,1.38,74.1,396.0,12.9,345.9,0.361,20.4,64.2,26.9,0.277,87.1,0.668,0
39.91,152.29,677.38,0.369,0.316,5.88,401.6,1486.9,18.6,200.0,0.41,35.5,78.1,40.5,0.486,170.9,0.226,1
25.21,66.82,185.42,0.284,0.25,2.04,187.0,1940.6,32.5,194.1,0.571,22.2,58.8,42.0,0.589,1735.8,0.551,0
72.16,258.77,592.82,0.483,0.395,4.74,202.4,28.4,3.1,86.8,0.118,19.6,92.8,10.2,0.159,10.7,0.722,1
9.74,50.72,207.21,0.172,0.154,1.39,110.2,1802.9,34.2,177.4,0.504,25.7,59.7,23.0,0.539,2666.9,0.722,0
148.55,323.37,1392.65,0.437,0.386,4.0,427.7,568.0,17.4,60.4,0.643,35.0,85.5,7.2,0.692,1376.9,0.152,1
13.98,51.28,225.44,0.329,0.276,1.55,129.2,460.1,2.2,263.8,0.558,19.9,67.1,10.4,0.49,909.0,0.143,0
130.29,334.41,1428.69,0.39,0.342,5.78,631.1,194.8,5.8,314.2,0.339,21.2,84.1,16.1,0.488,511.3,0.07,1
20.8,58.48,195.4,0.164,0.132,2.33,232.5,486.1,12.3,278.5,0.22,32.3,41.3,17.6,0.2,1398.5,0.634,0
28.45,112.94,264.88,0.247,0.218,2.42,201.3,1528.7,32.5,44.6,0.564,25.0,42.3,28.9,0.695,801.2,0.406,0
22.93,86.74,336.38,0.127,0.112,2.55,179.0,2497.7,24.4,202.2,0.336,29.3,50.7,26.3,0.463,3079.8,0.766,0
56.28,203.98,779.02,0.379,0.318,7.38,682.6,1423.3,32.5,131.8,0.62,25.4,75.3,7.1,0.655,382.7,0.836,1
4.97,32.81,163.25,0.255,0.204,1.98,158.1,1515.8,23.2,116.9,0.117,37.5,63.9,5.3,0.089,1307.8,0.743,0
8.59,35.23,196.35,0.166,0.151,1.91,228.4,979.5,43.8,286.8,0.107,35.2,50.3,37.5,0.121,2579.4,0.503,0
109.38,274.72,1174.21,0.399,0.359,5.46,485.4,103.5,2.5,172.8,0.42,33.4,77.5,9.2,0.462,137.1,0.502,1
77.11,225.14,676.24,0.525,0.4,5.48,329.3,1832.1,33.3,305.3,0.176,31.4,91.3,11.6,0.117,154.5,0.178,1
134.71,391.01,1630.62,0.422,0.359,7.29,853.1,204.9,10.9,146.0,0.636,28.1,78.4,42.2,0.643,142.7,0.609,1
31.76,90.54,301.87,0.292,0.224,0.6,37.7,1800.4,25.3,196.0,0.154,26.1,49.0,38.9,0.224,730.6,0.358,0
74.11,280.24,1073.57,0.448,0.365,3.86,429.7,2087.6,29.8,115.3,0.716,18.1,85.4,42.8,0.766,239.7,0.12,1
29.14,107.54,324.33,0.31,0.259,0.87,69.2,567.0,18.6,143.7,0.283,31.7,50.9,39.5,0.347,1536.2,0.648,0
27.4,90.49,260.33,0.108,0.085,0.52,50.4,1941.7,27.9,246.7,0.669,29.3,60.7,39.7,0.749,315.3,0.631,0
84.8,268.04,888.79,0.456,0.385,6.46,362.6,2281.1,42.0,102.0,0.279,20.0,96.8,14.4,0.323,250.4,0.08,1
62.25,165.07,535.45,0.52,0.464,7.81,662.0,1398.3,19.6,359.1,0.366,31.9,77.2,36.4,0.377,0.4,0.933,1
57.63,191.73,510.59,0.426,0.356,5.03,281.9,1074.0,31.8,293.7,0.236,28.6,96.6,20.7,0.319,300.7,0.112,1
9.84,39.14,201.21,0.207,0.165,0.66,39.2,1383.2,38.4,43.4,0.132,24.7,41.3,41.1,0.133,721.8,0.215,0
8.92,31.77,124.39,0.236,0.197,2.94,155.5,2015.7,39.6,82.9,0.488,22.6,51.0,24.3,0.511,235.6,0.686,0
12.41,52.55,178.47,0.161,0.139,0.88,66.6,1545.2,20.2,242.1,0.624,30.8,52.1,37.0,0.668,737.2,0.737,0
77.57,166.73,449.14,0.493,0.462,3.62,293.6,1414.9,37.2,62.8,0.574,21.9,76.1,43.9,0.587,476.1,0.339,1
20.79,68.54,204.0,0.25,0.212,1.18,72.0,1019.8,37.9,2.3,0.731,28.2,58.9,42.3,0.847,3001.9,0.619,0
24.67,73.93,186.49,0.171,0.158,0.83,74.0,74.4,4.3,233.6,0.69,32.7,41.9,15.0,0.68,445.5,0.351,0
6.32,40.28,149.33,0.332,0.315,1.78,109.9,376.3,13.4,84.2,0.191,33.8,62.8,27.2,0.207,2080.7,0.347,0
94.17,321.77,811.46,0.441,0.38,5.55,453.8,1285.3,16.8,63.2,0.507,26.4,90.8,18.1,0.583,65.1,0.885,1
17.39,73.1,345.72,0.135,0.105,1.4,133.0,1618.2,15.3,244.0,0.408,26.0,46.3,24.5,0.552,1024.6,0.694,0
29.08,77.52,248.88,0.458,0.424,4.56,204.3,456.3,8.4,146.9,0.221,28.6,82.9,7.8,0.335,546.3,0.516,1
28.7,95.23,215.38,0.158,0.146,1.47,159.6,1701.1,25.8,339.1,0.589,24.7,43.1,22.2,0.667,1160.1,0.254,0
56.34,198.99,672.56,0.422,0.39,7.51,515.1,1313.6,23.4,95.9,0.414,35.3,94.4,28.1,0.45,70.9,0.327,1
4.3,40.31,94.3,0.152,0.143,1.08,87.9,1678.9,18.4,88.6,0.554,31.2,67.5,31.3,0.563,712.6,0.873,0
141.65,395.24,919.61,0.45,0.363,5.74,434.1,1322.8,43.0,203.1,0.14,25.3,77.8,26.4,0.09,1362.0,0.548,1
134.41,363.02,1447.58,0.434,0.354,4.17,483.6,1075.5,20.5,177.6,0.174,21.5,90.0,5.5,0.148,117.0,0.541,1
27.94,117.75,420.5,0.112,0.099,2.23,123.2,792.8,34.8,34.5,0.388,37.5,57.1,21.3,0.459,1538.1,0.37,0
122.19,371.54,849.44,0.493,0.425,4.9,441.3,423.6,3.4,218.5,0.112,37.2,96.7,27.6,0.097,190.5,0.152,1
13.49,50.29,227.13,0.206,0.191,2.85,303.0,224.6,6.1,266.5,0.223,22.7,73.4,42.3,0.311,2523.0,0.506,0
174.97,439.46,994.74,0.451,0.361,3.55,263.3,2142.6,34.6,70.6,0.644,23.5,86.3,42.4,0.709,15.0,0.898,1
178.69,519.39,1571.38,0.401,0.353,7.83,523.5,1363.1,42.2,91.2,0.406,23.7,92.0,10.2,0.419,218.5,0.653,1
41.76,99.78,323.02,0.141,0.132,2.94,143.9,2469.2,32.8,23.8,0.565,24.9,53.3,28.4,0.53,806.2,0.369,0
23.61,101.57,466.2,0.34,0.27,1.92,187.7,2111.2,15.8,68.0,0.206,24.3,66.9,20.8,0.172,94.7,0.773,0
1.78,21.2,95.82,0.139,0.113,2.25,231.1,300.9,12.4,138.4,0.349,18.2,73.9,36.5,0.305,3183.7,0.854,0
1.0,11.06,98.51,0.184,0.153,1.43,93.1,2179.3,18.0,241.0,0.632,33.5,46.5,42.6,0.647,3297.8,0.309,0
22.9,72.31,226.79,0.345,0.265,1.61,163.9,1942.7,22.2,182.7,0.128,29.4,61.8,27.6,0.16,1508.4,0.326,0
32.26,112.07,416.19,0.153,0.12,2.33,111.9,2469.3,37.3,67.0,0.305,19.6,71.4,31.9,0.334,263.5,0.643,0
5.4,39.18,93.63,0.258,0.213,2.66,198.3,2222.8,36.1,41.2,0.432,37.4,53.1,44.1,0.446,1130.3,0.523,0
208.89,414.79,1723.73,0.423,0.323,4.16,258.3,899.8,36.7,178.3,0.504,24.7,91.3,29.5,0.615,289.2,0.406,1
26.39,117.92,432.05,0.272,0.224,2.97,184.6,1608.3,27.6,344.1,0.196,35.2,43.6,35.5,0.197,1969.6,0.232,0
10.42,35.5,134.98,0.266,0.212,1.99,227.5,1596.9,26.4,113.4,0.702,36.8,52.0,23.3,0.82,3134.2,0.313,0
141.72,367.16,1072.62,0.464,0.428,3.79,386.5,2353.7,32.7,56.4,0.579,18.3,89.1,30.6,0.699,683.7,0.299,1
11.13,49.52,181.39,0.239,0.208,1.95,197.1,440.8,13.4,297.9,0.141,37.2,68.4,39.5,0.109,241.2,0.111,0
14.55,54.82,272.3,0.337,0.314,1.01,80.3,1108.6,20.9,103.2,0.39,25.4,48.2,39.4,0.392,8630.4,0.106,0
16.84,74.48,191.56,0.236,0.187,2.12,190.3,1457.1,19.8,38.5,0.678,20.0,73.7,28.2,0.848,148.9,0.527,0
151.26,495.0,1697.82,0.501,0.384,8.42,866.5,25.0,8.5,356.6,0.685,29.3,92.5,44.6,0.804,38.1,0.705,1
235.73,455.96,1852.19,0.457,0.375,6.36,389.8,374.2,11.7,76.9,0.672,18.8,96.4,22.5,0.719,1359.2,0.249,1
11.52,67.56,299.79,0.232,0.177,2.15,136.3,1621.8,42.7,125.1,0.177,24.1,56.2,17.1,0.245,931.4,0.763,0
71.53,222.6,1051.91,0.523,0.485,4.54,502.0,1186.0,41.8,69.6,0.425,34.7,82.1,23.1,0.406,301.6,0.945,1
162.56,431.73,915.54,0.364,0.286,6.97,406.7,653.7,21.1,342.5,0.395,33.9,94.7,25.1,0.374,1308.5,0.768,1
96.17,247.3,752.99,0.373,0.29,3.76,354.8,481.4,12.7,245.0,0.374,37.4,82.4,41.7,0.355,346.4,0.383,1
77.88,271.75,845.71,0.49,0.444,4.81,546.2,1890.7,34.5,265.9,0.347,18.6,80.4,7.4,0.404,242.7,0.765,1
55.01,139.54,300.2,0.401,0.358,6.94,806.6,1247.7,28.8,36.8,0.658,29.0,76.2,25.4,0.785,364.2,0.456,1
26.09,101.92,444.01,0.334,0.254,2.36,151.5,728.3,32.1,242.0,0.615,20.1,72.8,11.0,0.661,401.1,0.323,0
16.78,59.09,254.99,0.307,0.261,0.87,100.9,861.7,18.8,187.4,0.222,36.2,69.3,10.0,0.316,228.0,0.366,0
6.33,42.8,171.68,0.155,0.13,1.97,100.7,1908.7,42.0,171.8,0.609,18.7,49.2,40.7,0.659,3785.0,0.649,0
101.01,230.16,768.07,0.367,0.303,5.52,328.1,942.8,19.0,182.9,0.541,36.5,97.8,24.4,0.548,3.2,0.087,1
105.3,253.35,1137.02,0.497,0.386,6.48,467.1,988.3,40.0,226.5,0.13,24.0,75.6,7.5,0.176,450.6,0.823,1
80.55,257.32,710.55,0.398,0.361,8.49,855.8,1294.6,16.6,30.0,0.168,31.4,80.4,23.4,0.069,573.9,0.621,1
215.92,766.75,2199.42,0.498,0.397,6.93,327.0,159.5,5.4,211.5,0.717,26.9,88.2,31.7,0.857,158.7,0.874,1
25.83,100.54,465.35,0.162,0.136,2.28,132.0,1804.3,20.8,174.9,0.445,30.1,47.9,9.7,0.467,2428.3,0.617,0
142.38,326.88,752.84,0.457,0.424,5.12,400.0,234.3,6.1,132.9,0.749,26.4,87.4,20.8,0.852,54.7,0.742,1
154.89,326.5,1344.17,0.491,0.4,8.38,385.4,2216.9,35.2,198.7,0.728,32.3,76.4,44.7,0.846,14.7,0.643,1
80.26,236.95,957.56,0.357,0.271,4.97,339.0,1358.7,41.6,130.8,0.6,21.5,84.2,38.2,0.577,16.5,0.599,1
70.92,183.96,812.41,0.357,0.332,4.08,363.7,2354.4,38.7,50.0,0.309,24.3,94.8,23.1,0.404,516.2,0.784,1
86.87,276.88,662.88,0.389,0.331,8.13,827.6,1012.1,23.7,23.6,0.226,22.7,77.0,33.2,0.241,151.0,0.321,1
6.12,48.27,262.51,0.186,0.158,2.27,181.9,2458.7,33.2,44.1,0.107,24.2,44.6,18.3,0.162,1691.6,0.057,0
238.74,655.53,1432.26,0.387,0.333,6.44,488.9,1528.4,23.8,236.0,0.201,21.4,89.8,39.8,0.284,126.0,0.457,1
23.22,87.89,315.48,0.108,0.085,2.78,184.7,317.3,8.5,269.3,0.671,30.3,44.2,41.3,0.715,91.7,0.536,0
96.24,204.25,473.1,0.405,0.362,4.8,333.8,1411.2,18.5,242.1,0.564,27.0,80.0,27.6,0.658,729.4,0.53,1
257.86,775.18,1661.85,0.519,0.413,5.62,467.2,140.3,7.1,2.8,0.651,26.0,96.7,5.3,0.807,86.0,0.063,1
19.61,65.45,336.53,0.214,0.173,0.66,47.2,1105.8,34.8,190.9,0.646,35.2,42.4,37.5,0.668,1032.5,0.568,0
109.41,366.73,1430.52,0.426,0.373,7.92,518.0,1686.1,19.0,4.7,0.734,30.0,76.3,26.2,0.864,66.8,0.496,1
36.68,78.09,285.68,0.224,0.202,1.9,170.4,345.7,6.3,23.2,0.555,28.9,49.4,8.9,0.666,629.0,0.623,0
10.11,54.27,158.1,0.111,0.099,1.76,210.9,418.9,1.8,26.1,0.465,31.5,61.3,7.4,0.564,639.3,0.945,0
14.13,68.09,287.3,0.166,0.127,1.02,64.5,1908.1,36.9,38.1,0.484,30.4,61.2,24.7,0.487,3662.6,0.254,0
254.56,719.57,2034.83,0.496,0.447,6.67,330.9,687.8,22.7,13.7,0.543,31.0,75.1,32.0,0.615,126.8,0.077,1
100.8,369.82,1077.71,0.473,0.417,4.59,237.7,2137.1,32.1,22.9,0.398,30.6,84.1,25.3,0.666,241.4,0.93,1
101.19,329.04,1202.19,0.423,0.369,4.95,437.9,1539.5,25.4,260.7,0.544,23.7,79.7,16.1,0.649,195.2,0.689,1
7.47,39.47,219.64,0.116,0.11,0.91,76.6,1371.4,31.0,176.8,0.486,32.1,61.3,36.3,0.484,1616.4,0.278,0
120.54,308.14,994.35,0.479,0.393,6.25,303.2,993.5,20.8,343.8,0.204,28.2,94.8,8.1,0.248,461.6,0.931,1
255.08,524.35,1714.97,0.385,0.341,6.28,457.1,2397.7,33.6,201.8,0.173,33.5,86.1,12.6,0.092,504.5,0.137,1
10.75,57.17,254.54,0.201,0.174,0.8,86.6,1564.9,41.5,349.1,0.242,24.7,68.8,35.3,0.306,1476.6,0.334,0
21.75,99.51,254.94,0.332,0.275,2.93,229.4,204.7,2.6,108.1,0.604,28.5,60.1,36.2,0.741,4073.7,0.413,0
22.05,90.88,422.94,0.233,0.211,1.66,170.6,1026.6,28.3,155.3,0.267,33.0,58.7,25.2,0.314,1542.5,0.448,0
86.14,267.21,1143.0,0.354,0.294,6.13,267.9,315.8,7.8,229.4,0.659,24.9,78.1,9.1,0.643,51.9,0.414,1
223.62,783.98,2664.49,0.379,0.326,5.07,401.8,1839.2,27.1,223.5,0.287,32.2,77.4,6.2,0.294,409.0,0.387,1
246.31,537.55,1380.18,0.502,0.433,3.76,398.7,632.5,22.1,1.1,0.502,33.2,82.7,21.3,0.546,89.3,0.317,1
11.95,54.62,248.4,0.211,0.18,2.16,190.1,50.7,2.3,180.7,0.663,29.0,69.8,18.6,0.759,376.4,0.638,0
66.41,153.34,395.1,0.424,0.357,5.62,276.1,2485.8,27.6,159.1,0.651,22.2,88.8,30.6,0.671,1224.8,0.859,1
5.83,30.1,153.08,0.333,0.261,2.78,308.4,1185.5,35.7,76.5,0.643,36.7,70.7,28.2,0.627,891.9,0.728,0
13.63,59.47,223.2,0.251,0.201,2.42,132.7,96.9,1.5,263.8,0.634,27.4,65.1,20.3,0.696,365.4,0.233,0
268.21,871.62,2479.97,0.471,0.365,6.33,614.0,1142.7,26.3,282.5,0.547,35.3,86.0,34.2,0.597,250.2,0.075,1
6.55,17.14,119.09,0.119,0.107,1.07,48.8,689.9,33.7,220.0,0.568,36.2,69.3,19.6,0.593,3703.1,0.493,0
116.32,427.96,1384.75,0.454,0.408,6.89,572.0,1818.3,38.7,147.8,0.721,19.5,91.7,11.4,0.741,688.3,0.745,1
13.32,29.51,161.28,0.182,0.159,2.25,144.2,29.0,14.9,124.3,0.608,26.5,49.0,14.4,0.594,458.7,0.856,0
38.32,106.83,463.59,0.456,0.426,6.58,777.1,351.0,6.3,52.1,0.193,26.3,81.3,34.1,0.183,145.8,0.368,1
7.86,44.48,161.01,0.286,0.23,2.76,309.3,891.1,28.7,229.4,0.252,27.6,68.6,34.8,0.326,133.3,0.471,0
121.55,254.75,655.35,0.549,0.502,4.25,319.8,997.8,34.8,277.0,0.318,21.8,75.4,33.2,0.47,462.9,0.091,1
1.63,35.42,187.08,0.124,0.098,2.96,320.6,1224.6,15.9,46.1,0.157,36.7,66.6,5.9,0.241,528.8,0.221,0
5.94,12.97,106.04,0.199,0.152,1.58,93.6,889.5,31.8,136.0,0.674,21.0,43.8,39.0,0.775,1351.5,0.718,0
176.39,466.41,1139.54,0.454,0.341,6.76,551.9,1002.7,24.2,152.3,0.372,20.4,91.7,21.3,0.374,224.9,0.327,1
8.13,33.99,182.52,0.138,0.119,2.76,293.8,1217.1,30.6,257.3,0.379,23.1,62.2,40.0,0.432,3122.2,0.519,0
91.04,269.37,1111.06,0.463,0.419,5.81,550.8,2331.5,23.7,32.8,0.365,19.6,97.9,19.9,0.451,370.8,0.343,1
172.32,614.49,2810.38,0.487,0.445,6.72,509.9,1321.9,20.4,90.9,0.408,26.0,82.9,44.2,0.461,162.4,0.236,1
11.14,41.14,191.5,0.278,0.235,1.83,151.2,1081.4,22.3,232.8,0.229,22.6,65.6,27.2,0.303,1416.9,0.812,0
22.56,93.08,398.8,0.327,0.249,0.52,32.8,129.1,3.6,347.1,0.575,27.6,73.6,12.8,0.665,2356.2,0.608,0
92.04,319.92,1418.4,0.382,0.289,5.24,445.5,382.8,8.1,271.8,0.672,29.4,80.8,27.0,0.876,196.9,0.432,1
143.32,369.52,1031.39,0.41,0.383,5.88,299.2,1895.3,36.7,262.1,0.569,28.3,86.4,10.3,0.686,147.4,0.822,1
187.62,601.3,1292.81,0.498,0.383,4.23,424.9,2396.8,37.5,81.9,0.278,35.7,86.2,7.1,0.201,661.0,0.125,1
232.21,731.71,2103.49,0.383,0.347,3.99,476.8,965.0,15.6,117.7,0.119,35.9,82.2,9.2,0.066,55.6,0.217,1
181.4,406.93,1851.56,0.456,0.349,5.55,245.2,2405.4,43.2,102.6,0.191,29.9,95.4,16.6,0.206,104.4,0.096,1
4.22,23.03,159.35,0.15,0.118,2.44,251.8,827.2,18.0,268.7,0.539,28.6,70.5,19.5,0.678,1683.9,0.318,0
154.89,420.88,927.65,0.383,0.3,7.81,837.6,2380.8,29.1,10.2,0.595,25.7,87.3,31.8,0.62,307.3,0.765,1
60.04,99.55,377.26,0.405,0.326,6.89,294.3,1527.3,43.5,150.4,0.418,31.8,90.0,15.6,0.442,148.5,0.584,1
9.46,44.88,150.44,0.157,0.131,1.99,173.1,81.6,9.3,278.1,0.117,22.3,54.5,42.9,0.088,87.7,0.319,0
15.0,76.94,358.32,0.226,0.175,0.85,94.9,204.6,2.0,51.9,0.415,23.4,51.0,10.8,0.449,200.1,0.834,0
5.43,20.9,131.82,0.185,0.175,2.11,180.1,2449.6,22.0,339.5,0.677,29.0,57.3,30.0,0.809,111.4,0.362,0
5.4,15.48,107.77,0.324,0.243,2.64,229.8,770.1,39.9,327.2,0.179,30.1,66.9,12.6,0.082,3348.4,0.231,0
56.87,180.15,424.23,0.377,0.341,5.43,649.6,44.9,4.0,349.5,0.69,32.4,84.7,5.7,0.744,1421.0,0.798,1
25.34,95.36,403.42,0.213,0.183,1.44,161.3,204.6,1.1,195.8,0.718,37.2,66.2,31.1,0.728,2489.1,0.774,0
10.17,41.6,161.61,0.316,0.242,2.8,254.2,1329.3,30.2,52.4,0.531,19.0,44.8,16.4,0.633,1719.5,0.545,0
48.21,191.71,584.01,0.282,0.218,1.28,103.7,579.0,42.1,274.8,0.141,30.8,67.1,8.9,0.173,1267.8,0.303,0
71.82,246.63,860.89,0.44,0.382,5.49,303.8,1887.8,23.1,303.6,0.318,28.2,91.8,35.0,0.318,4.6,0.444,1
101.04,243.47,852.9,0.429,0.349,3.9,419.2,2212.1,33.3,28.3,0.661,25.8,87.7,28.7,0.807,213.4,0.32,1
37.7,101.16,345.97,0.151,0.127,2.61,164.0,913.0,27.8,159.7,0.568,19.8,64.6,6.0,0.623,2618.1,0.132,0
6.16,49.96,213.48,0.151,0.13,0.86,34.7,1742.3,23.6,217.8,0.419,32.0,62.2,6.7,0.501,31.4,0.081,0
50.14,149.55,566.21,0.448,0.387,7.42,329.9,1815.2,37.9,239.8,0.205,32.7,85.6,6.1,0.296,5.3,0.23,1
115.73,231.14,527.82,0.514,0.445,5.07,282.8,1188.7,37.1,176.4,0.415,21.3,85.3,8.8,0.446,178.4,0.655,1
19.91,80.72,313.78,0.317,0.242,1.49,156.2,656.4,37.5,17.8,0.16,31.9,68.3,37.4,0.157,3058.3,0.238,0
3.54,24.61,163.35,0.139,0.125,1.2,141.5,1897.0,33.0,212.8,0.5,18.7,57.1,16.8,0.531,413.3,0.834,0
14.76,45.46,175.57,0.206,0.167,2.1,204.7,136.6,11.7,33.0,0.606,21.1,52.9,30.4,0.664,573.6,0.644,0
30.64,76.94,332.52,0.232,0.179,2.41,128.5,215.7,8.7,26.7,0.508,22.1,53.5,5.6,0.557,2271.0,0.173,0
108.73,271.95,1159.06,0.539,0.415,6.14,670.7,301.4,8.9,30.4,0.109,37.3,96.7,12.5,0.215,182.7,0.769,1
86.78,281.92,1189.09,0.452,0.36,6.79,711.4,801.9,22.5,340.3,0.535,29.1,94.7,36.7,0.639,288.7,0.582,1
31.12,114.93,279.27,0.137,0.12,1.88,202.8,752.6,43.7,248.0,0.416,28.1,56.7,33.9,0.411,382.9,0.79,0
157.93,540.0,2086.92,0.451,0.381,8.35,455.1,801.3,31.3,222.3,0.379,37.6,85.1,22.8,0.513,203.1,0.361,1
14.4,53.84,268.28,0.249,0.192,2.31,188.0,252.5,3.1,264.2,0.284,21.2,58.5,37.7,0.349,2665.0,0.768,0
139.69,476.45,1490.24,0.353,0.267,7.28,655.7,1057.9,28.7,87.1,0.176,37.5,81.3,5.5,0.152,29.8,0.598,1
81.62,163.97,601.49,0.385,0.291,4.46,420.4,1213.5,15.1,113.1,0.464,22.7,80.5,18.7,0.515,128.4,0.86,1
4.7,53.44,184.8,0.284,0.237,2.57,243.2,2206.4,30.3,325.1,0.642,31.3,64.4,9.6,0.71,830.2,0.831,0
11.1,55.26,199.07,0.301,0.273,0.59,24.1,2323.6,31.2,236.8,0.741,33.3,44.3,40.4,0.832,1503.9,0.714,0
223.28,788.35,2621.48,0.396,0.342,8.12,948.2,839.0,17.9,299.9,0.512,18.2,97.9,40.0,0.529,212.4,0.1,1
14.85,75.71,234.82,0.281,0.256,1.8,155.5,2404.1,21.4,340.5,0.303,32.7,49.8,6.3,0.363,76.8,0.289,0
4.81,33.7,129.98,0.116,0.094,0.65,35.9,1194.0,18.8,162.1,0.369,28.1,46.7,35.3,0.486,356.0,0.465,0
73.2,166.1,504.93,0.408,0.318,6.36,643.8,2102.9,41.5,209.3,0.57,28.4,94.2,18.2,0.676,614.3,0.272,1
248.6,691.11,1813.45,0.535,0.487,7.9,350.1,25.9,3.5,110.5,0.41,24.3,97.1,18.6,0.354,92.2,0.6,1
17.33,71.97,274.03,0.139,0.124,0.75,40.1,215.4,12.9,301.3,0.44,36.1,63.1,31.6,0.451,988.8,0.077,0
117.68,379.11,1584.69,0.449,0.389,7.51,538.6,1067.5,27.9,163.5,0.191,21.8,95.2,20.9,0.217,373.7,0.683,1
9.13,35.62,81.89,0.124,0.115,0.8,67.9,994.9,15.1,258.7,0.449,25.6,50.7,32.7,0.497,948.2,0.051,0
154.06,376.91,1469.65,0.524,0.459,7.3,535.8,1161.9,28.5,203.7,0.732,18.8,86.6,28.5,0.878,189.1,0.919,1
91.35,209.95,587.87,0.366,0.313,7.34,472.0,668.7,44.3,191.1,0.319,26.9,88.3,38.1,0.423,162.9,0.459,1
167.76,349.96,855.41,0.402,0.342,4.16,411.7,1442.6,28.5,56.6,0.209,36.3,86.8,9.4,0.178,115.5,0.524,1
15.51,81.01,435.51,0.291,0.254,1.96,79.3,1850.5,23.2,260.4,0.408,22.9,59.9,27.7,0.418,430.2,0.07,0
150.97,373.67,1365.45,0.437,0.373,3.99,376.1,345.7,1.4,18.9,0.437,33.7,97.8,9.7,0.523,64.4,0.814,1
94.14,279.73,653.58,0.406,0.326,5.49,636.2,1371.3,17.4,280.3,0.748,18.8,78.9,11.8,0.91,246.9,0.774,1
13.04,55.24,243.75,0.118,0.111,1.73,90.0,599.4,37.7,331.9,0.239,34.4,48.5,36.8,0.303,2110.9,0.232,0
23.35,61.8,190.95,0.254,0.239,1.43,154.7,2217.2,22.4,287.8,0.453,24.3,45.2,34.3,0.521,1625.7,0.12,0
14.2,66.83,319.21,0.3,0.235,1.74,95.6,2272.2,36.2,69.0,0.343,19.2,68.1,11.2,0.37,2661.6,0.334,0
10.15,52.7,169.65,0.313,0.268,2.22,163.6,1781.2,19.2,110.1,0.585,24.7,64.1,22.2,0.717,1662.9,0.103,0
336.99,900.49,3663.47,0.354,0.321,7.63,900.8,425.4,2.4,75.7,0.666,29.2,80.2,28.0,0.659,282.2,0.118,1
3.51,24.26,143.34,0.291,0.222,0.67,68.6,2380.6,35.4,83.3,0.594,36.6,65.7,18.7,0.574,1624.3,0.127,0
5.8,42.66,162.64,0.137,0.107,1.43,98.1,1851.5,26.3,293.1,0.223,24.6,46.5,18.7,0.336,1854.6,0.417,0
46.62,130.39,624.97,0.441,0.379,7.19,488.2,265.4,6.7,22.7,0.523,25.5,94.1,19.2,0.57,618.3,0.861,1
15.42,32.27,169.1,0.101,0.076,2.56,168.2,1456.2,31.8,169.0,0.251,31.9,40.3,32.1,0.25,2729.3,0.107,0
194.78,402.23,923.78,0.369,0.339,4.1,283.2,1549.5,16.6,214.3,0.739,18.4,95.5,10.8,0.879,422.3,0.732,1
4.01,29.67,157.87,0.259,0.239,0.95,112.5,1484.4,19.2,341.7,0.464,32.1,42.7,23.8,0.529,332.5,0.054,0
83.07,300.67,778.43,0.426,0.382,5.87,394.6,1342.6,42.0,234.8,0.38,18.8,85.8,32.8,0.414,92.1,0.673,1
170.89,402.99,1555.37,0.422,0.386,6.18,467.1,183.3,11.4,253.7,0.52,36.9,80.0,34.0,0.553,301.1,0.49,1
132.13,469.11,1705.49,0.495,0.438,6.06,345.4,498.5,9.8,196.2,0.49,37.9,83.4,12.4,0.565,730.1,0.224,1
10.72,58.95,219.65,0.243,0.189,1.77,161.3,2331.5,15.5,133.3,0.696,32.9,73.7,10.2,0.801,115.0,0.836,0
143.59,439.57,1694.2,0.506,0.383,7.61,811.8,1931.1,36.5,127.2,0.433,26.8,94.0,40.0,0.473,37.6,0.595,1
12.24,52.2,155.09,0.216,0.199,2.83,177.8,1419.3,19.2,253.2,0.591,21.6,60.8,19.3,0.67,877.9,0.861,0
9.81,39.18,228.59,0.312,0.278,0.82,46.9,1466.4,20.4,132.9,0.74,18.9,51.9,17.4,0.805,2405.9,0.694,0
1.88,20.84,112.79,0.221,0.184,0.92,70.3,754.2,23.5,241.4,0.511,34.6,54.6,35.3,0.487,1017.6,0.221,0
170.89,583.16,2340.76,0.426,0.388,4.09,387.6,814.9,15.1,196.9,0.19,33.5,82.1,25.8,0.133,111.6,0.29,1
1.72,16.71,105.31,0.162,0.123,2.27,164.4,332.9,14.8,199.9,0.747,36.4,58.8,28.8,0.851,1496.4,0.666,0
136.18,338.64,1316.2,0.428,0.348,6.05,313.3,2322.1,44.1,117.3,0.518,23.3,77.2,26.4,0.558,342.6,0.529,1
74.96,167.96,330.76,0.192,0.157,1.13,61.8,1643.6,35.8,72.1,0.743,26.3,48.7,32.7,0.852,1705.4,0.632,0
19.5,87.35,287.03,0.248,0.191,2.06,129.5,679.3,43.6,12.0,0.439,36.2,61.5,8.8,0.421,3846.3,0.658,0
165.75,363.65,858.2,0.438,0.394,3.93,419.7,1784.7,18.9,95.8,0.132,25.4,76.4,25.0,0.207,293.2,0.405,1
24.57,75.24,288.63,0.243,0.22,0.56,45.2,2132.9,22.2,203.9,0.703,23.4,41.5,19.6,0.764,171.3,0.906,0
163.0,505.45,1641.07,0.386,0.334,4.24,369.1,1755.3,25.4,299.0,0.676,29.7,81.6,15.0,0.754,20.1,0.65,1
27.41,69.99,251.81,0.214,0.178,1.63,91.3,704.3,37.3,288.5,0.417,27.5,47.3,7.2,0.52,1156.1,0.653,0
124.5,402.45,1855.91,0.534,0.465,7.95,734.1,552.8,44.9,275.7,0.325,22.1,88.3,38.8,0.338,325.2,0.128,1
158.93,316.11,882.67,0.432,0.402,4.71,504.0,276.6,3.4,62.8,0.196,35.6,95.4,21.7,0.249,621.9,0.408,1
9.18,37.12,169.94,0.208,0.171,1.87,104.6,1011.1,32.6,245.2,0.704,30.8,71.3,43.0,0.798,1032.9,0.904,0
21.6,60.44,212.67,0.153,0.125,2.74,122.4,2315.2,32.5,83.0,0.439,23.4,53.5,19.3,0.489,3172.8,0.321,0
307.91,998.8,2906.68,0.504,0.441,6.2,577.8,506.7,38.1,118.9,0.609,30.7,84.5,36.1,0.716,231.9,0.256,1
77.93,263.41,693.21,0.375,0.332,8.32,876.0,1206.4,20.7,266.9,0.501,37.0,96.8,19.2,0.535,233.2,0.283,1
19.73,52.94,247.09,0.267,0.225,1.67,158.1,34.8,9.4,108.0,0.176,21.6,74.2,38.4,0.241,249.1,0.107,0
21.54,67.48,220.78,0.277,0.255,2.18,162.0,2111.3,37.2,225.7,0.131,30.6,65.7,34.8,0.257,5743.2,0.421,0
215.13,724.56,2986.55,0.526,0.431,6.53,602.7,1557.2,17.1,243.5,0.346,38.0,75.1,6.6,0.43,111.0,0.702,1
84.0,261.67,1211.85,0.364,0.32,7.78,932.0,808.1,16.2,347.7,0.105,27.9,77.2,25.8,0.123,33.1,0.505,1
8.83,46.95,164.61,0.171,0.151,2.32,208.2,328.6,6.3,57.6,0.237,33.3,52.0,11.2,0.217,4185.0,0.767,0
9.42,53.84,188.34,0.307,0.248,2.21,181.5,1579.1,34.6,64.3,0.696,32.2,46.1,36.9,0.843,310.0,0.134,0
14.26,85.81,294.5,0.173,0.131,0.87,72.2,1345.9,43.6,165.4,0.477,27.9,74.2,41.5,0.543,1485.2,0.62,0
82.68,185.92,624.5,0.528,0.483,6.46,500.9,2459.2,18.3,189.3,0.551,26.5,79.6,16.7,0.598,223.6,0.585,1
11.28,58.99,212.6,0.266,0.225,1.75,166.7,1178.6,33.3,138.7,0.607,31.5,48.3,25.7,0.718,943.6,0.562,0
75.07,190.67,907.3,0.395,0.304,6.88,740.6,403.8,11.4,229.2,0.715,29.9,95.1,32.1,0.814,109.3,0.44,1
19.89,91.85,434.77,0.227,0.213,0.83,81.4,2120.2,20.1,214.3,0.2,27.6,62.5,39.8,0.23,1728.4,0.908,0
99.35,243.1,1120.79,0.299,0.242,0.72,41.7,2237.5,22.9,237.9,0.474,20.4,54.1,22.7,0.513,716.5,0.075,0
59.03,206.75,692.15,0.496,0.419,7.32,507.2,266.2,11.3,324.8,0.353,33.5,77.5,41.9,0.412,353.7,0.88,1
200.73,630.51,1776.39,0.509,0.431,7.3,637.0,2069.0,25.1,53.0,0.348,34.0,80.5,38.7,0.406,299.2,0.879,1
108.45,313.5,965.14,0.476,0.392,4.11,491.0,660.7,19.7,293.6,0.542,24.6,82.6,36.2,0.51,0.2,0.947,1
21.98,68.05,246.82,0.104,0.081,1.67,75.8,1350.3,27.9,217.2,0.232,24.2,74.9,10.8,0.25,1067.7,0.804,0
90.2,322.39,1292.25,0.481,0.428,7.84,432.2,1486.9,17.7,317.7,0.512,27.4,81.9,26.9,0.624,449.3,0.879,1
106.08,294.79,1289.16,0.376,0.296,7.46,760.5,2238.6,32.4,5.9,0.336,25.0,75.5,33.3,0.351,244.9,0.157,1
23.84,93.22,346.89,0.111,0.098,1.81,100.4,402.9,4.7,299.0,0.177,33.5,59.6,5.4,0.26,9884.6,0.814,0
2.78,36.39,135.72,0.162,0.147,2.25,210.9,59.0,5.4,76.2,0.651,37.1,47.4,34.0,0.721,69.3,0.24,0
14.77,44.74,219.66,0.267,0.202,2.61,312.2,1496.0,31.4,342.1,0.193,19.9,50.0,22.6,0.264,105.9,0.507,0
25.49,72.34,350.93,0.247,0.221,2.66,242.4,1577.9,17.4,114.8,0.429,20.8,64.1,38.5,0.487,805.9,0.616,0
89.39,266.14,937.0,0.362,0.318,7.41,580.2,2413.7,21.7,258.6,0.281,25.5,89.9,30.5,0.332,140.1,0.412,1
15.94,63.08,250.84,0.147,0.116,1.22,129.7,258.9,9.9,292.0,0.72,27.0,51.3,6.8,0.756,873.1,0.423,0
56.6,205.22,565.45,0.509,0.445,5.48,557.2,1025.4,26.8,332.8,0.499,23.1,78.7,18.3,0.502,161.8,0.177,1
124.36,407.35,1769.96,0.457,0.381,6.38,618.3,1780.8,39.8,72.4,0.514,36.0,94.3,6.2,0.511,226.1,0.5,1
164.23,389.67,1559.72,0.369,0.283,3.52,173.8,1394.5,33.8,223.3,0.453,32.8,92.0,5.3,0.458,772.1,0.691,1
156.66,507.7,1209.63,0.397,0.339,7.18,649.9,2385.5,41.6,12.6,0.683,35.5,87.0,44.2,0.739,219.4,0.103,1
16.95,92.25,294.86,0.181,0.171,0.94,38.4,230.8,4.8,21.3,0.297,25.0,43.8,15.5,0.311,801.2,0.335,0
10.95,63.09,291.78,0.106,0.093,1.24,55.2,374.0,6.4,149.3,0.469,35.7,43.4,11.3,0.513,947.9,0.889,0
31.1,92.67,327.49,0.215,0.175,2.83,121.7,1539.3,16.0,249.8,0.246,36.3,53.5,39.9,0.351,2922.0,0.489,0
77.89,191.01,638.15,0.46,0.397,7.74,377.2,1575.8,21.3,235.6,0.227,36.3,79.1,17.4,0.281,592.8,0.767,1
18.67,70.11,327.99,0.164,0.147,0.88,65.4,1169.2,22.7,168.6,0.413,18.1,51.4,16.8,0.409,183.8,0.103,0
46.85,117.95,298.38,0.429,0.335,5.92,684.6,1853.1,17.7,217.2,0.278,27.5,89.0,40.4,0.278,111.8,0.698,1
6.77,26.56,150.97,0.217,0.186,1.07,49.4,843.2,30.9,223.1,0.586,32.2,43.4,28.1,0.607,2619.5,0.884,0
13.3,45.86,147.23,0.137,0.117,0.59,57.4,692.1,34.1,302.1,0.128,33.6,74.6,13.4,0.141,3885.9,0.689,0
14.78,38.85,126.48,0.259,0.214,2.68,216.0,477.6,8.0,319.5,0.176,22.4,54.1,16.6,0.156,4083.9,0.156,0
118.34,263.14,837.76,0.366,0.329,6.45,400.3,1520.4,25.4,137.5,0.503,30.0,91.9,8.9,0.457,3.4,0.728,1
308.08,912.38,2267.59,0.404,0.348,3.8,248.5,2013.0,15.8,23.6,0.149,27.2,81.3,31.3,0.215,760.3,0.407,1
14.69,48.71,163.02,0.265,0.236,2.64,110.3,84.5,9.4,86.5,0.307,31.4,47.6,12.0,0.323,1107.9,0.539,0
159.16,482.33,1669.84,0.539,0.468,3.76,360.9,410.0,9.2,34.6,0.507,32.8,92.4,22.3,0.476,289.2,0.738,1
14.41,72.51,372.72,0.326,0.295,0.74,35.7,2133.2,35.8,285.2,0.241,27.2,48.2,31.2,0.235,4760.7,0.112,0
282.44,882.15,3339.71,0.527,0.462,7.85,335.6,65.0,14.6,21.5,0.606,18.7,88.6,22.8,0.572,16.9,0.753,1
87.6,255.64,753.04,0.544,0.481,6.15,476.8,120.2,6.1,168.3,0.724,30.4,92.9,23.2,0.741,189.5,0.403,1
37.6,106.52,363.33,0.265,0.211,2.01,157.2,1292.6,41.3,195.0,0.709,37.9,44.9,41.3,0.71,266.1,0.829,0
107.38,253.07,832.94,0.544,0.5,5.5,508.4,923.8,31.8,298.7,0.157,34.0,87.2,37.2,0.163,396.0,0.062,1
1.25,34.64,133.25,0.289,0.225,1.53,147.7,1926.9,28.9,252.4,0.568,22.5,65.6,19.9,0.739,1362.1,0.472,0
220.64,664.11,1654.45,0.527,0.431,5.92,477.8,1634.2,44.7,215.5,0.592,32.0,78.4,29.0,0.547,41.1,0.815,1
14.94,49.91,215.49,0.254,0.236,0.58,56.0,476.6,4.2,209.0,0.215,26.3,51.2,21.9,0.153,1027.2,0.71,0
86.65,211.66,753.21,0.419,0.323,7.33,440.1,851.7,34.2,169.6,0.161,24.1,82.7,30.5,0.123,141.7,0.902,1
1.85,29.0,146.32,0.226,0.208,2.72,140.1,226.0,6.9,323.6,0.167,26.3,69.0,41.3,0.235,2148.7,0.899,0
157.17,341.87,1224.46,0.37,0.312,7.78,890.9,244.9,3.0,63.9,0.423,31.4,80.1,27.6,0.526,186.0,0.825,1
67.48,160.19,760.28,0.542,0.426,8.18,571.4,2453.9,17.8,346.9,0.668,32.2,81.0,10.6,0.761,76.3,0.336,1
167.03,477.35,1157.27,0.436,0.391,6.11,288.4,106.9,5.5,217.3,0.316,19.3,76.3,38.6,0.254,170.1,0.242,1
117.6,264.38,1231.95,0.354,0.286,7.09,752.6,462.1,5.1,85.6,0.208,32.8,80.9,34.3,0.227,144.3,0.23,1
204.53,616.94,1972.0,0.511,0.452,5.91,526.1,998.7,18.9,263.4,0.492,35.5,87.4,12.1,0.485,49.9,0.369,1
24.79,98.34,255.17,0.184,0.167,2.1,183.5,1482.9,20.9,134.5,0.344,31.8,57.5,30.0,0.31,1528.9,0.058,0
5.0,22.7,129.54,0.333,0.287,2.45,124.2,2383.6,23.3,36.3,0.738,25.8,72.7,41.5,0.812,744.8,0.751,0
7.96,37.49,170.07,0.221,0.2,2.04,205.7,978.0,35.3,29.4,0.443,35.0,70.4,41.0,0.47,385.2,0.495,0
67.38,232.26,717.47,0.545,0.511,5.98,336.7,470.9,8.4,203.2,0.11,27.3,81.4,44.4,0.106,288.3,0.894,1
47.84,131.0,391.11,0.324,0.279,2.51,108.7,1228.3,37.1,231.6,0.595,30.5,41.9,32.3,0.675,1162.5,0.388,0
145.35,351.0,994.32,0.36,0.281,7.23,382.3,1930.9,34.6,118.5,0.709,21.7,87.5,44.0,0.811,52.3,0.625,1
101.0,224.73,1039.6,0.351,0.313,5.46,524.8,656.3,19.0,249.4,0.588,18.3,83.5,8.8,0.67,869.3,0.682,1
2.88,19.84,84.35,0.279,0.232,2.73,282.1,431.1,9.6,96.9,0.281,30.6,42.5,13.6,0.288,5443.2,0.252,0
8.23,64.0,344.86,0.21,0.18,2.11,126.3,1791.3,23.3,124.2,0.663,21.7,60.6,26.0,0.674,2462.1,0.063,0
10.39,50.65,197.64,0.282,0.247,2.21,144.1,1306.5,33.0,82.2,0.481,19.0,44.3,19.9,0.464,5523.2,0.058,0
0.76,0.84,30.3,0.155,0.138,2.11,111.8,1712.2,25.6,228.3,0.435,21.8,57.0,7.4,0.484,1488.6,0.429,0
4.91,40.53,162.13,0.138,0.121,2.56,195.1,918.9,40.5,176.3,0.223,32.8,51.6,10.0,0.234,115.5,0.613,0
25.3,56.16,239.28,0.215,0.171,1.49,85.9,2036.4,39.6,54.0,0.378,23.3,56.4,17.9,0.403,308.5,0.114,0
113.85,420.11,1154.71,0.507,0.456,8.41,998.4,1067.6,21.5,350.5,0.551,30.4,81.8,37.8,0.531,340.1,0.564,1
190.7,441.43,1721.27,0.494,0.45,5.31,538.7,1646.6,34.8,322.6,0.638,31.8,89.5,41.0,0.722,14.9,0.406,1
8.65,52.08,170.37,0.297,0.225,0.79,69.2,963.4,39.9,281.8,0.674,22.4,69.6,40.6,0.716,214.9,0.311,0
21.61,95.34,456.82,0.325,0.264,0.65,63.9,1425.9,42.0,34.6,0.458,30.2,60.5,16.1,0.54,2107.1,0.537,0
12.99,69.9,332.4,0.29,0.274,0.75,39.8,1418.2,27.8,157.2,0.668,23.4,52.4,35.0,0.733,46.7,0.085,0
83.4,278.99,848.02,0.424,0.333,8.18,813.6,1996.5,42.2,186.9,0.724,31.7,76.2,17.6,0.816,49.8,0.552,1
98.66,209.26,880.63,0.417,0.328,4.45,301.2,254.9,11.8,340.1,0.558,22.7,79.5,29.9,0.51,107.9,0.263,1
20.21,94.78,451.32,0.232,0.202,2.09,162.0,572.5,23.9,130.1,0.664,27.2,40.7,38.5,0.791,101.9,0.284,0
5.85,24.27,168.68,0.327,0.267,1.91,211.8,738.5,25.2,241.1,0.717,23.6,45.6,14.3,0.804,1924.5,0.846,0
21.66,85.57,289.38,0.522,0.46,5.87,678.8,1272.8,19.2,199.3,0.33,37.9,87.8,22.3,0.304,99.8,0.535,1
233.71,823.57,2616.08,0.366,0.294,5.18,525.4,2271.7,26.4,291.5,0.632,31.2,91.6,24.4,0.707,259.5,0.563,1
31.2,94.9,471.05,0.12,0.1,1.03,104.2,1999.6,25.9,40.0,0.499,20.2,55.1,20.0,0.49,5148.5,0.471,0
84.51,235.11,708.9,0.489,0.465,4.79,476.8,2096.1,33.7,297.2,0.602,37.0,85.7,39.3,0.681,108.1,0.618,1
9.33,44.66,179.7,0.191,0.158,2.29,205.9,867.1,24.2,234.6,0.173,31.7,60.4,8.3,0.176,554.5,0.576,0
6.32,36.46,132.19,0.142,0.109,1.39,77.2,842.8,27.6,39.7,0.69,29.0,55.2,43.3,0.703,738.1,0.902,0
236.91,483.33,1479.47,0.409,0.367,6.67,580.6,1745.1,18.9,268.1,0.568,24.6,80.7,41.6,0.638,210.8,0.886,1
116.48,246.4,590.31,0.475,0.412,4.43,197.0,2147.5,36.9,119.9,0.263,26.5,94.4,19.6,0.218,75.6,0.194,1
15.16,58.8,198.42,0.122,0.102,2.96,125.8,2397.2,16.2,28.7,0.541,31.1,62.9,38.4,0.64,1986.1,0.621,0
137.58,320.82,986.58,0.384,0.358,7.88,843.6,913.3,37.5,158.4,0.528,22.2,95.6,9.0,0.632,11.1,0.081,1
0.65,11.49,78.1,0.269,0.21,2.22,184.9,1574.6,20.3,63.3,0.459,26.9,50.6,41.4,0.512,894.5,0.35,0
116.31,300.68,747.34,0.403,0.341,4.78,197.6,1756.7,44.4,97.9,0.216,31.3,82.3,34.8,0.23,173.4,0.182,1
0.81,22.05,114.68,0.166,0.131,0.7,43.4,2258.2,44.7,359.3,0.439,28.7,61.9,30.9,0.453,3522.2,0.763,0
57.63,126.55,564.88,0.5,0.383,4.07,385.6,1845.0,44.8,54.4,0.514,35.9,85.8,22.7,0.545,182.0,0.246,1
97.82,238.73,745.52,0.456,0.382,8.03,924.3,1068.7,15.4,137.1,0.458,23.7,92.1,5.0,0.479,83.0,0.574,1
2.36,11.07,92.63,0.338,0.318,2.78,298.5,1922.7,21.5,238.5,0.317,36.3,60.5,34.7,0.344,212.2,0.143,0
90.03,207.08,606.85,0.353,0.316,6.42,485.8,1128.5,31.6,351.0,0.557,31.8,95.8,35.4,0.628,136.4,0.146,1
89.23,309.78,1349.08,0.549,0.437,3.78,237.5,2476.9,37.0,134.7,0.516,24.8,96.5,29.4,0.508,266.8,0.061,1
126.56,406.66,1394.67,0.516,0.435,5.61,363.4,919.5,39.5,76.6,0.251,20.9,80.0,17.0,0.275,19.4,0.116,1
4.46,36.22,130.01,0.184,0.167,1.25,123.1,192.5,6.6,146.2,0.346,23.9,64.2,8.9,0.369,337.4,0.945,0
143.06,321.39,1293.68,0.363,0.287,7.54,787.1,1778.6,40.7,57.6,0.407,22.5,90.8,6.6,0.411,116.5,0.74,1
78.43,281.44,718.73,0.489,0.387,5.18,358.7,753.7,36.0,355.1,0.653,36.2,81.1,10.2,0.761,521.0,0.204,1
34.66,131.87,325.48,0.344,0.271,1.13,101.8,1767.7,23.7,171.0,0.168,28.2,71.2,11.0,0.229,627.9,0.906,0
210.75,454.95,1251.06,0.486,0.423,6.7,668.0,198.9,8.1,237.9,0.361,31.5,80.1,16.0,0.411,87.2,0.727,1
5.72,32.14,88.47,0.23,0.174,1.34,144.3,2467.9,42.4,128.7,0.161,19.3,56.3,35.5,0.201,403.0,0.076,0
40.46,98.66,393.18,0.259,0.225,1.35,123.1,1992.2,20.9,93.5,0.539,37.0,69.2,17.5,0.645,605.6,0.571,0
127.86,325.93,1101.79,0.416,0.38,4.37,477.4,1723.7,25.9,33.6,0.365,35.7,86.5,45.0,0.338,188.5,0.059,1
65.57,189.35,811.1,0.354,0.321,4.81,300.9,1610.3,40.5,281.2,0.29,28.1,75.4,12.4,0.254,416.7,0.769,1
200.02,491.46,1663.32,0.546,0.483,3.96,380.0,359.9,7.7,202.8,0.649,37.0,80.7,39.1,0.696,74.8,0.292,1
8.89,43.31,190.73,0.121,0.096,2.46,177.5,369.8,9.3,74.9,0.747,28.5,71.8,14.1,0.84,1104.9,0.645,0
146.03,515.75,1766.94,0.536,0.489,5.08,580.3,201.9,2.6,240.7,0.573,35.2,83.0,17.9,0.609,944.6,0.074,1
17.33,57.42,272.57,0.255,0.24,2.4,138.1,1911.7,24.6,88.2,0.106,30.6,70.1,14.8,0.152,1312.6,0.334,0
19.0,42.7,159.42,0.349,0.275,0.95,98.0,1787.1,32.8,76.3,0.733,24.1,63.1,29.6,0.837,2490.6,0.185,0
5.24,34.48,148.6,0.331,0.309,2.27,260.1,2164.6,33.8,314.0,0.191,32.8,70.8,35.0,0.256,2157.5,0.337,0
115.52,331.65,1535.63,0.371,0.341,7.68,726.8,1628.9,32.0,178.0,0.292,24.1,89.2,6.5,0.288,588.4,0.783,1
65.14,203.71,653.46,0.505,0.478,4.94,508.9,995.0,32.4,191.5,0.37,24.4,97.4,22.8,0.399,50.5,0.874,1
83.72,286.78,914.28,0.48,0.39,5.25,582.2,2252.4,22.3,277.0,0.193,33.5,85.8,31.6,0.162,268.6,0.896,1
62.83,237.61,526.41,0.547,0.512,8.2,531.2,1545.4,43.8,172.5,0.377,29.4,80.9,10.8,0.397,391.0,0.765,1
13.86,54.61,317.23,0.215,0.169,2.0,100.0,127.1,7.1,86.1,0.686,29.4,71.4,29.6,0.697,286.0,0.451,0
188.84,432.33,1942.59,0.476,0.374,4.52,519.4,2246.6,19.2,263.3,0.271,26.7,96.9,19.1,0.275,69.7,0.368,1
27.34,81.45,403.08,0.338,0.261,1.01,43.2,2184.4,40.5,305.7,0.273,23.4,45.3,6.3,0.321,1168.9,0.581,0
46.75,149.29,408.99,0.25,0.209,2.84,223.6,1896.9,19.4,228.4,0.484,31.4,73.2,43.8,0.578,1135.9,0.101,0
14.6,65.42,341.87,0.269,0.202,1.07,70.3,2320.8,40.9,288.7,0.535,37.7,52.0,37.5,0.584,1337.1,0.857,0
169.0,406.52,881.0,0.374,0.309,6.46,545.4,1002.9,31.8,10.4,0.487,21.3,86.4,7.5,0.436,316.7,0.504,1
223.15,622.5,1990.98,0.543,0.475,7.56,900.9,2112.3,16.3,175.5,0.151,20.7,77.3,23.6,0.172,29.2,0.926,1
77.33,212.05,729.16,0.364,0.279,5.94,259.2,2334.0,18.7,150.0,0.672,25.1,79.0,37.0,0.754,0.1,0.203,1
12.39,60.86,281.58,0.289,0.264,2.8,284.7,1979.4,43.3,20.9,0.577,31.1,72.7,43.6,0.636,597.7,0.564,0
3.41,42.93,203.63,0.321,0.259,2.1,88.2,1830.8,18.8,75.3,0.472,33.1,53.3,23.1,0.544,3134.3,0.913,0
130.54,451.93,1901.54,0.522,0.396,5.77,351.5,897.2,32.6,155.5,0.39,27.4,89.8,41.2,0.426,412.4,0.317,1
12.74,77.77,366.65,0.117,0.096,0.8,76.9,853.0,24.4,245.3,0.734,18.3,57.7,31.5,0.792,523.9,0.646,0
64.73,179.16,641.58,0.533,0.414,7.61,471.5,2247.0,38.9,139.2,0.645,25.4,94.2,9.7,0.74,163.2,0.506,1
225.97,569.24,2340.39,0.435,0.396,6.38,566.9,457.4,10.4,260.3,0.269,36.0,87.6,38.1,0.311,561.3,0.893,1
9.68,49.16,172.31,0.175,0.143,2.42,284.4,115.9,4.8,242.7,0.507,26.8,56.2,35.6,0.571,2469.6,0.629,0
149.99,432.32,1379.34,0.398,0.308,6.69,736.1,1604.8,21.2,346.2,0.252,19.7,96.9,18.2,0.329,400.1,0.733,1
177.06,527.11,1129.2,0.443,0.373,7.51,803.3,850.1,36.3,50.9,0.471,20.9,79.7,41.6,0.549,405.5,0.431,1
26.59,79.52,393.39,0.334,0.281,2.22,123.4,1827.2,17.7,350.6,0.576,30.1,66.8,13.8,0.697,186.8,0.394,0
70.68,220.46,1064.26,0.374,0.301,7.37,455.0,2493.7,17.3,29.2,0.403,26.3,82.0,33.1,0.45,85.1,0.206,1
8.89,67.27,227.13,0.165,0.135,2.59,266.6,550.0,27.3,293.0,0.296,18.4,62.3,34.8,0.426,897.3,0.291,0
58.34,129.15,491.02,0.437,0.395,7.84,771.4,806.3,32.9,112.5,0.322,34.7,84.5,16.9,0.391,828.8,0.369,1
142.53,341.45,1006.36,0.453,0.397,7.93,502.0,1495.0,24.4,151.9,0.66,28.1,93.7,18.5,0.703,343.2,0.301,1
96.07,295.07,900.42,0.466,0.369,7.71,572.7,1665.4,24.2,99.3,0.146,33.7,82.0,41.9,0.074,960.7,0.576,1
219.56,681.39,2184.31,0.405,0.381,7.15,657.0,2483.3,17.2,293.2,0.693,34.6,78.9,28.1,0.768,229.2,0.272,1
66.19,155.49,413.25,0.158,0.128,1.7,139.6,1244.4,20.9,171.1,0.268,21.4,56.0,11.3,0.366,5799.0,0.181,0
168.86,571.09,1432.76,0.354,0.303,4.41,337.0,555.5,33.3,242.1,0.5,35.7,76.4,13.1,0.57,187.1,0.774,1
20.64,61.99,245.58,0.184,0.159,0.72,34.7,2208.6,35.4,342.6,0.426,25.2,71.5,9.4,0.509,152.4,0.446,0
83.55,279.61,628.91,0.404,0.32,4.95,370.1,1778.0,42.2,132.3,0.304,21.7,96.4,8.9,0.251,517.4,0.573,1
90.92,185.69,676.62,0.477,0.385,5.71,681.9,1553.5,26.2,173.6,0.685,25.5,83.3,24.7,0.789,318.6,0.583,1
17.71,47.47,170.28,0.308,0.261,1.68,112.8,2163.5,22.1,24.2,0.638,37.5,66.0,32.3,0.786,132.5,0.836,0
6.6,43.48,228.02,0.187,0.15,1.43,136.2,200.1,10.4,215.8,0.459,36.3,45.5,42.4,0.51,3146.7,0.567,0
110.9,391.02,1425.2,0.474,0.384,8.32,669.6,1142.4,35.2,114.0,0.365,37.0,91.8,8.5,0.429,186.7,0.294,1
181.73,640.09,2485.62,0.462,0.403,7.35,761.7,2224.0,23.3,219.9,0.54,18.1,94.8,19.3,0.678,74.0,0.945,1
20.18,67.54,179.34,0.304,0.272,2.35,234.7,216.2,1.7,109.0,0.177,22.6,64.7,23.5,0.232,239.8,0.156,0
17.64,69.55,210.32,0.179,0.163,2.52,291.0,1437.5,21.0,39.3,0.716,32.5,51.7,31.3,0.765,1324.4,0.829,0
27.43,79.8,434.57,0.18,0.139,0.51,47.0,783.6,25.4,110.4,0.678,33.9,63.3,29.7,0.693,241.6,0.687,0
126.13,278.15,941.38,0.432,0.388,7.71,893.0,1419.4,22.4,295.4,0.432,28.4,91.8,19.8,0.414,40.1,0.16,1
2.12,31.48,120.31,0.169,0.158,3.0,129.8,249.0,1.0,65.7,0.643,24.6,56.8,18.9,0.755,3150.9,0.356,0
111.32,225.41,976.35,0.482,0.418,3.74,271.6,1357.6,29.8,63.5,0.698,24.8,83.1,33.7,0.884,1096.6,0.92,1
19.02,66.29,198.98,0.18,0.157,2.21,208.0,1284.5,37.0,296.4,0.185,28.7,62.5,5.0,0.267,2087.3,0.693,0
57.44,121.19,455.37,0.364,0.343,7.61,596.8,171.2,2.9,93.0,0.271,18.1,88.5,27.2,0.284,437.5,0.789,1
21.19,75.8,242.57,0.213,0.197,1.76,201.8,592.6,22.7,119.6,0.237,31.8,48.6,29.0,0.365,118.3,0.256,0
122.03,353.34,1066.28,0.397,0.342,5.29,271.0,344.2,14.6,194.5,0.532,29.4,80.9,28.3,0.535,35.3,0.155,1
4.77,45.71,178.65,0.166,0.15,1.37,107.4,1193.6,16.7,152.6,0.739,28.2,69.7,12.4,0.839,1781.0,0.917,0
108.76,399.54,882.12,0.494,0.388,7.82,848.5,715.9,36.9,295.6,0.121,22.0,79.3,11.0,0.102,230.4,0.52,1
17.07,70.0,257.48,0.153,0.127,1.93,194.3,1300.4,23.5,207.9,0.747,21.5,70.3,29.2,0.707,1191.1,0.164,0
217.79,755.0,3027.01,0.378,0.337,5.87,606.6,1413.6,33.1,257.4,0.175,20.1,95.6,31.9,0.255,2.7,0.577,1
118.73,425.18,1928.06,0.469,0.379,6.16,474.2,28.9,8.3,255.1,0.505,36.3,96.2,31.9,0.596,195.3,0.734,1
7.42,80.69,330.01,0.298,0.25,2.71,182.0,2175.8,22.6,27.7,0.541,35.4,46.4,29.4,0.536,2529.2,0.234,0
167.6,565.45,1729.65,0.461,0.361,7.64,615.2,377.0,4.1,350.8,0.124,29.6,84.3,13.8,0.168,315.8,0.129,1
106.68,271.97,1141.18,0.492,0.458,8.22,461.0,2107.1,34.0,25.5,0.317,23.4,88.4,18.1,0.34,64.2,0.778,1
13.32,37.66,151.95,0.112,0.104,1.05,96.3,1364.0,20.4,341.6,0.404,33.2,57.5,8.9,0.44,23.2,0.622,0
7.07,53.9,205.59,0.312,0.264,0.63,64.5,579.3,37.0,355.6,0.69,21.0,59.4,40.3,0.747,5143.7,0.096,0
11.84,31.08,94.91,0.261,0.206,1.09,49.8,1953.5,16.8,93.9,0.556,34.2,63.8,43.3,0.7,4182.6,0.24,0
136.25,471.7,1921.77,0.364,0.323,5.24,460.7,1617.2,30.6,231.7,0.508,34.3,82.9,12.0,0.59,131.5,0.569,1
130.8,395.55,1361.72,0.502,0.398,3.91,336.6,1637.0,18.6,19.2,0.184,23.7,97.2,11.2,0.217,51.1,0.92,1
18.89,59.69,282.36,0.164,0.131,2.63,160.8,783.9,35.6,245.0,0.288,27.8,65.3,31.7,0.293,1442.2,0.228,0
108.85,231.16,980.46,0.414,0.391,4.72,564.7,1012.8,24.1,67.4,0.386,30.3,88.4,33.9,0.44,55.6,0.232,1
209.15,484.69,1560.4,0.384,0.296,6.76,540.8,1344.8,39.2,338.8,0.296,22.1,77.1,30.3,0.342,412.8,0.524,1
78.31,221.68,914.91,0.463,0.383,6.19,686.9,931.7,29.7,235.8,0.384,24.7,85.2,38.4,0.447,436.2,0.861,1
162.63,336.28,1092.04,0.509,0.438,6.45,356.4,915.6,17.4,275.5,0.698,30.0,84.8,10.2,0.896,194.0,0.946,1
117.05,365.54,831.84,0.54,0.417,6.51,650.3,2111.4,32.9,340.4,0.493,29.0,86.5,40.3,0.559,235.2,0.074,1
154.86,477.63,1583.64,0.489,0.37,7.93,367.4,2408.4,15.4,308.8,0.437,26.8,83.1,37.9,0.454,36.1,0.644,1
18.67,54.92,309.94,0.131,0.112,2.61,118.8,1207.5,23.8,168.3,0.45,22.6,73.5,22.1,0.505,867.6,0.176,0
37.45,133.91,595.8,0.449,0.347,7.53,416.8,2162.8,23.1,61.4,0.603,28.7,86.7,19.0,0.649,433.4,0.313,1
18.26,83.15,299.78,0.308,0.246,1.75,172.8,2000.9,44.4,116.2,0.734,25.4,64.1,28.8,0.812,359.8,0.061,0
20.51,72.05,242.12,0.179,0.152,2.88,345.1,1224.6,22.3,212.0,0.738,22.1,65.1,24.8,0.744,3283.6,0.419,0
6.62,57.84,145.57,0.241,0.197,2.67,279.7,1658.6,35.3,268.6,0.528,24.0,73.8,40.3,0.555,1896.6,0.585,0
88.28,193.58,577.97,0.473,0.422,7.75,573.4,172.9,2.9,91.8,0.339,22.7,80.8,8.0,0.309,92.0,0.057,1
124.49,325.24,1553.04,0.543,0.512,7.46,682.4,1610.7,17.4,161.4,0.484,25.6,93.2,26.9,0.496,106.0,0.452,1
24.17,113.36,501.08,0.21,0.189,1.35,105.3,617.1,16.9,128.7,0.144,37.3,52.9,34.7,0.141,543.4,0.336,0
7.27,51.06,253.4,0.152,0.144,1.26,75.3,2344.8,42.8,169.9,0.205,36.7,66.3,19.0,0.133,1245.9,0.055,0
8.63,35.56,212.74,0.183,0.152,2.49,222.6,1672.6,17.9,119.0,0.679,31.2,51.9,29.0,0.783,1047.5,0.49,0
133.0,402.84,1516.88,0.439,0.356,4.27,351.7,1555.1,39.9,56.9,0.586,32.9,75.3,13.2,0.571,73.9,0.774,1
6.13,55.63,253.29,0.238,0.188,1.45,120.2,2264.5,31.3,175.0,0.259,25.9,61.3,36.1,0.253,599.6,0.888,0
229.08,440.24,1458.57,0.461,0.427,6.26,282.1,1870.0,28.0,341.9,0.368,33.5,94.6,15.8,0.37,190.3,0.715,1
17.22,64.36,237.34,0.268,0.222,1.8,89.4,1052.3,44.9,38.3,0.14,35.0,54.0,44.2,0.093,928.7,0.741,0
15.01,53.0,254.11,0.35,0.312,0.79,63.4,1971.1,41.7,300.8,0.662,34.0,74.9,8.3,0.786,18.8,0.724,0
14.26,74.11,250.48,0.142,0.126,2.67,183.6,2327.9,22.2,264.6,0.296,21.9,50.3,14.4,0.363,707.5,0.269,0
5.06,55.33,282.79,0.271,0.206,2.5,184.7,2359.5,33.0,118.5,0.455,34.4,48.2,7.6,0.527,1729.3,0.372,0
131.92,404.13,1652.07,0.363,0.337,7.53,536.4,632.0,19.7,49.6,0.741,34.3,86.9,44.3,0.829,1106.5,0.447,1
12.81,81.46,396.41,0.311,0.264,0.51,49.6,1376.3,32.9,335.6,0.217,32.3,40.5,8.3,0.253,3120.5,0.25,0
2.34,19.67,81.33,0.277,0.22,0.68,36.8,1988.9,18.8,136.5,0.673,34.9,58.3,19.7,0.742,372.7,0.365,0
1.92,21.44,117.34,0.327,0.31,1.04,120.6,2449.9,33.8,156.5,0.268,34.8,53.4,17.2,0.362,265.7,0.646,0
8.53,47.46,154.43,0.108,0.097,1.75,135.5,231.4,4.9,115.1,0.175,29.5,43.3,16.5,0.206,931.2,0.215,0
6.02,25.15,175.83,0.116,0.101,2.33,156.5,1930.4,32.5,305.3,0.114,31.5,53.0,43.7,0.162,376.3,0.07,0
17.67,78.91,407.75,0.134,0.127,0.75,31.2,1133.9,18.8,81.8,0.646,24.9,59.8,40.0,0.63,795.3,0.526,0
51.58,160.53,389.79,0.506,0.456,4.57,312.5,2107.7,39.0,273.5,0.101,20.3,80.2,18.0,0.046,299.2,0.648,1
177.1,388.49,1152.91,0.432,0.335,7.73,696.6,1880.0,25.0,88.5,0.719,28.7,83.4,32.0,0.82,321.7,0.441,1
23.95,81.67,366.44,0.304,0.288,2.05,212.7,1132.6,17.8,122.9,0.219,28.5,47.5,10.7,0.263,1452.4,0.333,0
30.74,96.16,303.25,0.324,0.282,2.82,277.9,2316.9,34.7,332.9,0.628,33.9,67.9,27.0,0.72,960.8,0.807,0
178.61,384.25,1775.53,0.412,0.333,7.74,664.1,924.9,39.9,222.3,0.66,21.8,85.1,39.6,0.702,297.9,0.687,1
14.74,38.25,167.22,0.339,0.31,2.34,175.5,993.2,29.5,249.2,0.155,35.0,42.8,42.3,0.234,4278.5,0.553,0
5.59,36.98,241.15,0.205,0.155,2.23,183.1,1893.6,42.9,225.4,0.349,33.8,40.5,20.9,0.438,275.9,0.433,0
28.94,90.56,292.54,0.143,0.126,2.41,281.5,668.7,35.5,64.2,0.28,32.6,44.8,14.9,0.297,120.2,0.686,0
4.61,33.3,136.97,0.27,0.211,2.18,256.0,1938.0,33.8,239.6,0.11,21.7,42.6,14.1,0.068,820.8,0.861,0
111.6,305.49,899.33,0.421,0.323,7.0,729.7,1997.5,25.6,194.0,0.375,24.4,87.9,30.5,0.41,697.6,0.485,1
32.96,133.02,616.44,0.105,0.086,2.99,159.6,1812.2,24.4,297.8,0.415,26.4,42.7,20.6,0.515,3671.5,0.569,0
78.64,173.74,536.84,0.494,0.406,5.59,640.9,945.0,23.5,355.8,0.542,18.0,84.0,14.3,0.591,276.0,0.639,1
5.74,46.67,217.91,0.249,0.217,1.72,158.1,1179.9,43.7,224.4,0.259,22.0,74.8,29.6,0.332,400.1,0.464,0
9.06,37.01,182.29,0.253,0.219,1.63,127.7,1391.1,34.5,120.4,0.65,31.3,53.4,30.2,0.732,355.2,0.497,0
118.55,293.58,1322.61,0.466,0.413,8.19,695.1,329.2,14.1,308.9,0.412,29.5,90.6,7.8,0.516,494.9,0.087,1
6.99,21.48,157.64,0.308,0.242,1.69,132.2,931.6,24.6,304.2,0.536,36.9,71.7,44.1,0.504,6049.8,0.881,0
122.04,332.05,1086.11,0.442,0.408,5.07,396.6,416.8,4.3,307.9,0.404,21.4,89.5,23.1,0.451,813.0,0.904,1
17.73,69.93,212.24,0.11,0.102,1.14,84.6,698.5,23.4,129.0,0.153,28.3,66.4,37.2,0.245,92.7,0.89,0
94.87,283.75,1014.13,0.453,0.359,6.78,757.4,2253.2,19.7,148.8,0.749,18.4,77.2,18.5,0.753,401.3,0.107,1
8.95,45.87,169.73,0.188,0.159,1.03,78.5,150.2,5.5,277.1,0.606,29.6,57.1,32.8,0.751,3012.2,0.051,0
144.42,439.17,1003.97,0.531,0.45,3.96,228.1,1389.2,32.5,152.2,0.738,20.1,80.4,18.7,0.815,145.0,0.104,1
15.22,63.09,299.7,0.322,0.301,1.96,114.3,1093.5,37.0,176.3,0.634,19.8,71.7,12.9,0.66,581.4,0.563,0
88.74,258.75,830.23,0.465,0.433,4.72,238.7,1676.0,29.3,3.5,0.397,26.8,79.8,25.3,0.4,50.8,0.431,1
8.68,44.82,193.3,0.347,0.265,1.54,130.1,2407.0,16.7,320.4,0.549,24.7,59.8,8.4,0.582,3562.2,0.942,0
156.63,393.88,1237.46,0.542,0.51,7.03,463.8,1151.4,29.1,171.2,0.643,27.0,91.4,26.4,0.706,13.7,0.755,1
17.58,77.49,301.94,0.294,0.224,2.24,193.4,1268.4,16.3,324.9,0.518,18.6,72.6,11.8,0.615,1312.2,0.655,0
106.0,342.1,745.13,0.511,0.44,6.08,696.0,307.8,2.8,349.7,0.523,19.5,78.9,6.5,0.603,134.2,0.165,1
16.56,74.88,357.97,0.155,0.126,2.88,335.6,2279.1,25.3,57.0,0.231,19.4,71.0,35.5,0.199,598.9,0.394,0
4.42,50.45,234.2,0.226,0.187,2.35,151.6,977.7,19.6,30.6,0.171,20.6,73.2,29.2,0.173,1499.4,0.838,0
6.54,26.76,162.8,0.276,0.242,1.57,90.7,115.0,11.1,240.7,0.577,26.6,70.8,32.3,0.624,683.1,0.706,0
25.32,89.15,251.23,0.186,0.162,0.93,41.5,1329.4,42.3,91.5,0.468,26.8,60.4,44.4,0.549,168.1,0.076,0
43.63,100.58,398.62,0.318,0.249,1.89,116.9,2113.3,21.2,158.5,0.576,24.5,71.5,27.8,0.643,3042.6,0.338,0
118.41,251.87,1123.82,0.493,0.465,4.72,380.1,1481.5,19.0,2.9,0.479,20.1,81.7,17.0,0.58,457.1,0.621,1
185.81,473.24,1448.39,0.365,0.276,6.84,602.9,1500.6,33.5,154.1,0.108,35.2,75.9,8.3,0.173,335.0,0.522,1
44.93,132.31,319.5,0.28,0.229,2.36,112.9,63.6,11.3,349.6,0.732,30.6,51.9,23.9,0.842,6126.4,0.937,0
83.18,316.86,721.19,0.415,0.378,4.98,296.8,2426.7,29.2,34.8,0.18,30.6,82.7,5.6,0.075,49.6,0.537,1
106.78,295.38,1290.1,0.355,0.326,6.02,261.1,1020.6,35.4,247.4,0.562,24.2,87.2,12.5,0.574,80.8,0.66,1
8.57,34.13,146.0,0.305,0.277,1.95,199.1,363.2,3.7,191.9,0.5,35.9,62.4,28.0,0.504,1647.7,0.753,0
180.58,612.93,2767.05,0.495,0.408,5.63,346.9,359.2,15.0,305.8,0.261,24.1,83.6,39.9,0.317,129.8,0.332,1
54.02,140.15,464.37,0.517,0.457,6.16,527.2,1673.8,27.9,234.6,0.638,31.0,94.8,40.8,0.738,67.8,0.842,1
104.17,330.76,1108.55,0.386,0.348,4.29,329.5,1084.6,36.3,0.1,0.27,36.4,81.9,31.6,0.362,566.1,0.064,1
10.29,35.39,114.08,0.177,0.154,1.93,151.2,143.4,12.1,242.3,0.146,37.9,48.5,29.2,0.215,1311.9,0.917,0
78.17,158.16,405.85,0.446,0.395,3.58,334.1,224.6,8.5,294.4,0.551,22.1,92.0,25.7,0.616,24.7,0.542,1
6.18,36.09,193.39,0.21,0.181,2.68,195.4,1071.5,29.3,263.4,0.312,35.4,40.5,20.7,0.32,216.8,0.081,0
14.32,45.86,233.25,0.285,0.217,2.61,156.6,1991.1,23.9,263.2,0.206,32.3,55.5,28.4,0.278,3644.0,0.594,0
8.32,39.0,223.87,0.25,0.201,2.37,172.8,364.7,10.3,317.6,0.215,19.5,63.1,22.5,0.175,1000.9,0.233,0
242.03,593.71,1977.88,0.519,0.462,5.29,560.1,293.5,10.7,218.5,0.11,21.5,82.7,38.1,0.074,253.7,0.832,1
139.8,316.41,1327.48,0.422,0.337,7.68,652.5,1185.0,34.9,240.8,0.298,28.2,80.2,13.6,0.24,255.8,0.435,1
153.8,412.28,1633.15,0.441,0.371,5.45,643.6,1315.9,43.0,192.9,0.28,28.2,81.0,19.1,0.331,375.4,0.56,1
191.53,508.93,1325.13,0.452,0.388,4.26,438.3,1288.1,40.1,340.5,0.413,33.7,81.4,19.9,0.374,136.8,0.903,1
31.52,86.34,339.76,0.23,0.203,2.81,298.1,1262.8,37.9,242.2,0.412,26.7,48.9,31.0,0.396,480.3,0.175,0
3.71,51.3,163.53,0.131,0.105,1.19,121.8,2225.7,19.3,101.6,0.542,32.3,69.2,39.6,0.608,283.8,0.195,0
21.36,63.37,210.92,0.292,0.253,1.45,109.3,987.1,37.8,304.0,0.433,37.9,71.0,25.6,0.467,1181.6,0.156,0
43.15,105.07,429.67,0.301,0.262,0.6,63.0,93.5,7.2,121.5,0.629,37.0,44.0,41.7,0.665,253.8,0.169,0
80.5,177.95,641.53,0.418,0.384,5.23,473.1,34.9,3.3,310.1,0.668,28.8,78.5,5.1,0.6,166.6,0.558,1
66.14,221.29,814.76,0.42,0.361,5.99,347.8,1014.2,35.9,61.6,0.459,33.4,89.2,43.6,0.569,239.5,0.154,1
11.37,53.35,290.39,0.281,0.227,1.82,86.8,2234.9,17.0,68.3,0.651,24.8,65.5,44.8,0.77,1733.5,0.358,0
9.1,67.69,210.71,0.244,0.209,1.05,83.8,1782.1,26.4,188.9,0.744,33.6,64.9,9.3,0.821,96.4,0.16,0
25.87,94.78,336.42,0.236,0.182,0.57,49.3,1429.9,40.8,132.5,0.53,30.7,56.2,29.9,0.621,227.7,0.475,0
10.77,55.93,274.08,0.262,0.229,1.22,83.2,1757.5,35.6,342.2,0.224,26.6,40.6,8.7,0.335,1679.0,0.08,0
70.4,164.06,378.85,0.494,0.461,4.72,426.5,426.7,4.7,257.0,0.447,27.7,97.1,15.5,0.472,179.4,0.373,1
95.95,296.17,1267.77,0.454,0.388,4.81,250.4,755.0,41.5,176.2,0.14,27.0,95.6,7.9,0.064,431.8,0.854,1
150.7,443.89,1321.13,0.474,0.383,5.89,615.6,1979.1,37.5,348.5,0.607,31.0,96.2,38.7,0.711,270.5,0.438,1
5.94,37.19,171.99,0.282,0.234,2.23,160.7,36.7,7.4,338.9,0.128,32.1,64.2,36.8,0.066,1974.5,0.804,0
6.86,12.63,131.02,0.21,0.196,0.65,63.4,768.6,37.4,78.8,0.413,27.8,59.8,17.6,0.46,316.2,0.217,0
3.98,32.42,187.69,0.215,0.197,1.51,163.4,2378.7,41.5,86.2,0.705,35.2,52.3,28.3,0.773,958.4,0.431,0
82.99,282.23,779.35,0.395,0.359,8.09,478.4,1531.2,19.3,289.9,0.652,36.9,78.2,10.1,0.823,663.5,0.614,1
72.87,247.91,674.01,0.513,0.443,6.68,559.0,1831.4,21.0,155.6,0.132,31.5,79.1,16.0,0.199,803.9,0.06,1
10.97,61.86,154.12,0.157,0.13,2.07,103.6,995.3,36.8,54.2,0.348,21.8,60.4,32.7,0.453,1401.6,0.871,0
195.42,403.43,1634.12,0.475,0.369,7.32,317.9,267.3,11.5,330.9,0.312,21.6,82.5,6.8,0.418,50.1,0.949,1
3.16,32.24,135.05,0.291,0.275,2.69,116.3,1708.9,20.0,266.6,0.146,38.0,62.6,17.9,0.16,3236.2,0.229,0
124.19,276.75,721.15,0.392,0.308,8.36,970.2,1066.5,34.7,136.6,0.172,28.5,93.7,15.2,0.158,400.5,0.203,1
112.46,250.9,989.53,0.524,0.419,5.88,256.1,368.2,7.6,355.6,0.467,31.2,81.0,29.9,0.585,580.4,0.646,1
121.03,435.36,1245.49,0.369,0.334,8.14,718.5,2242.5,37.7,222.8,0.311,28.1,81.4,28.8,0.417,255.1,0.204,1
105.41,245.26,909.27,0.427,0.35,7.3,325.5,636.8,24.6,185.4,0.128,31.2,84.9,33.7,0.163,1100.4,0.626,1
4.79,44.71,161.5,0.251,0.218,2.71,262.9,877.7,33.3,188.3,0.653,27.2,52.6,44.7,0.717,4327.3,0.674,0
25.7,105.52,369.93,0.25,0.225,2.47,195.9,530.7,41.9,123.7,0.454,35.5,70.1,42.1,0.563,236.5,0.534,0
11.43,47.01,186.27,0.318,0.274,0.82,46.4,986.0,42.1,115.6,0.557,23.6,43.9,20.6,0.585,771.2,0.261,0
6.81,46.45,181.58,0.141,0.12,2.83,249.8,1532.0,34.6,349.5,0.552,37.9,63.5,15.0,0.639,1031.5,0.855,0
105.5,305.34,1318.75,0.548,0.416,3.57,238.6,525.7,15.7,313.9,0.152,30.4,78.4,36.7,0.154,128.3,0.313,1
70.9,205.62,511.8,0.388,0.329,7.78,405.4,903.9,30.9,102.0,0.103,19.8,94.7,31.6,0.131,347.6,0.534,1
0.41,20.97,105.43,0.333,0.28,1.21,120.3,43.5,7.2,334.0,0.649,27.1,53.9,15.0,0.745,902.0,0.274,0
139.31,285.31,920.63,0.443,0.41,7.62,537.8,407.1,8.7,29.4,0.731,25.9,81.3,12.9,0.672,256.5,0.82,1
8.72,27.13,92.61,0.185,0.155,0.54,41.6,2268.2,44.9,103.6,0.463,36.7,71.2,13.7,0.562,5167.1,0.536,0
28.09,94.17,409.59,0.173,0.152,1.05,45.3,1592.0,18.5,330.0,0.435,23.9,62.4,38.1,0.428,192.2,0.833,0
53.11,146.54,504.61,0.154,0.139,0.7,59.6,1265.3,28.7,22.2,0.178,27.3,71.6,35.6,0.247,804.3,0.455,0
6.86,48.82,172.72,0.341,0.287,2.38,193.1,1291.9,40.8,333.4,0.463,32.5,53.2,14.0,0.531,242.9,0.246,0
25.96,101.1,364.01,0.251,0.201,0.99,98.4,1608.8,18.5,127.9,0.114,19.8,66.5,28.7,0.124,1106.9,0.58,0
16.6,74.17,238.84,0.176,0.163,2.82,220.6,534.4,31.6,64.9,0.614,21.7,60.1,25.3,0.684,2028.1,0.31,0
15.32,65.49,223.84,0.286,0.266,1.53,164.2,94.7,9.4,58.4,0.438,31.1,66.7,19.0,0.47,1263.7,0.736,0
129.29,334.84,1198.85,0.427,0.397,5.41,367.0,1031.4,29.6,149.0,0.566,20.0,94.3,20.6,0.693,324.9,0.264,1
8.13,41.88,207.57,0.226,0.182,2.56,255.6,2273.7,21.1,252.4,0.41,23.7,52.3,33.6,0.427,658.2,0.574,0
25.23,85.56,318.43,0.106,0.087,2.88,171.1,1281.6,30.9,232.6,0.581,26.3,59.2,20.9,0.604,498.6,0.21,0
30.52,129.47,395.65,0.312,0.291,1.65,180.4,2208.0,27.3,115.0,0.458,22.4,74.2,38.7,0.549,1488.9,0.85,0
86.23,260.11,1089.68,0.435,0.337,8.45,575.9,323.7,12.3,153.7,0.447,24.6,85.6,37.3,0.385,39.7,0.572,1
8.17,38.56,150.85,0.316,0.279,1.41,139.5,691.0,19.8,91.8,0.341,22.8,64.1,12.2,0.373,841.6,0.683,0
199.89,705.09,2001.17,0.368,0.298,4.12,429.8,1604.2,34.8,146.6,0.286,33.5,84.6,33.9,0.323,321.2,0.198,1
72.51,223.53,738.36,0.409,0.366,5.76,306.1,68.4,13.4,69.8,0.598,22.8,79.9,39.1,0.628,155.2,0.755,1
135.72,319.82,1173.63,0.408,0.374,5.61,584.2,384.2,7.1,273.3,0.562,33.7,82.3,37.1,0.549,250.5,0.303,1
137.49,378.69,940.44,0.545,0.453,4.45,281.3,284.7,5.9,140.0,0.686,23.0,96.9,7.1,0.711,29.1,0.366,1
8.76,42.68,177.31,0.175,0.136,1.0,87.3,1297.7,27.3,127.7,0.611,19.3,65.7,6.8,0.702,2321.5,0.07,0
19.54,71.15,282.57,0.122,0.11,2.29,186.9,2205.0,23.6,224.9,0.148,35.8,67.6,25.2,0.088,2014.5,0.11,0
10.95,58.66,226.92,0.313,0.238,2.92,253.9,18.0,6.9,94.6,0.72,32.5,40.1,40.1,0.722,3040.1,0.217,0
86.73,282.07,1031.9,0.353,0.265,4.86,501.1,149.3,2.9,148.6,0.587,22.3,83.9,16.1,0.598,149.4,0.135,1
3.28,24.19,158.12,0.235,0.218,1.8,191.7,1662.7,28.2,30.5,0.325,24.1,46.2,10.6,0.374,3484.6,0.071,0
7.78,49.88,218.14,0.194,0.177,2.64,158.3,927.5,37.6,49.6,0.519,22.6,40.4,5.4,0.513,225.2,0.386,0
137.59,338.11,784.85,0.488,0.423,5.71,314.6,2234.5,39.2,188.2,0.597,32.8,76.0,42.9,0.668,451.1,0.746,1
56.24,194.35,495.07,0.287,0.254,1.48,69.3,1349.3,43.0,359.4,0.189,18.3,70.7,16.8,0.254,197.0,0.274,0
53.34,196.68,852.05,0.522,0.491,4.13,398.5,158.5,1.4,201.1,0.728,37.3,89.4,28.7,0.819,191.6,0.387,1
127.81,434.47,1680.46,0.373,0.285,6.14,479.2,27.2,11.7,164.4,0.523,25.5,83.7,36.0,0.54,135.2,0.547,1
6.56,26.19,170.62,0.315,0.25,2.04,106.0,1103.4,27.0,83.5,0.113,23.7,41.0,22.9,0.214,2267.7,0.38,0
10.98,41.74,231.21,0.217,0.194,2.78,219.1,998.9,34.4,132.3,0.46,33.7,66.1,34.3,0.62,185.7,0.91,0
14.19,66.35,311.64,0.155,0.124,2.58,306.1,1208.6,40.0,285.6,0.226,24.4,71.0,24.2,0.219,3026.4,0.246,0
171.14,437.08,1701.36,0.539,0.427,7.15,605.1,1079.7,33.0,166.8,0.263,29.4,93.6,30.1,0.18,426.6,0.452,1
78.96,188.59,749.6,0.539,0.452,4.25,466.9,1508.7,21.9,248.0,0.145,26.2,80.7,36.6,0.177,230.6,0.821,1
54.39,117.12,365.18,0.378,0.339,6.81,320.5,2252.9,24.6,119.4,0.371,30.5,81.6,38.2,0.456,62.4,0.335,1
56.12,179.02,827.49,0.488,0.387,6.38,715.4,1892.5,41.8,71.3,0.272,20.0,85.6,26.0,0.174,23.0,0.194,1
201.26,433.56,1486.16,0.363,0.304,6.88,582.3,1327.7,35.1,191.0,0.644,25.7,75.6,11.8,0.731,181.6,0.874,1
44.32,126.39,375.12,0.163,0.139,0.56,46.7,1323.4,32.9,127.4,0.659,36.0,69.8,24.3,0.665,4634.3,0.58,0
1.96,23.68,86.9,0.306,0.24,2.63,134.2,2457.4,19.2,40.1,0.117,37.5,67.0,31.2,0.178,1426.2,0.517,0
161.9,452.54,1892.07,0.442,0.374,7.1,543.7,2355.2,25.2,124.0,0.602,20.3,83.7,42.5,0.592,210.0,0.168,1
22.71,65.87,187.47,0.104,0.096,1.38,108.5,401.4,13.0,148.9,0.125,31.2,45.7,37.4,0.159,4164.3,0.116,0
6.42,31.69,122.81,0.251,0.226,1.62,83.1,1594.5,15.8,264.4,0.391,26.2,43.4,33.9,0.445,6076.5,0.887,0
105.35,308.45,991.73,0.367,0.312,5.1,340.6,786.5,42.9,152.0,0.168,25.1,87.2,17.4,0.177,17.4,0.121,1
26.95,74.9,344.08,0.138,0.107,2.9,320.3,506.6,24.9,330.7,0.465,18.4,52.1,41.1,0.355,1996.5,0.49,0
95.57,341.41,1081.03,0.489,0.369,3.8,162.3,2356.2,18.1,228.6,0.721,20.3,85.8,24.6,0.761,445.8,0.735,1
109.09,389.32,1553.09,0.482,0.368,5.36,439.1,224.0,6.8,316.5,0.25,22.7,90.2,9.1,0.233,518.2,0.706,1
14.3,50.89,248.19,0.119,0.107,2.27,232.7,78.0,6.3,71.3,0.646,27.2,55.8,10.3,0.635,446.3,0.648,0
283.44,670.2,2810.14,0.427,0.38,5.25,616.4,1181.6,40.5,295.8,0.609,31.4,94.8,6.8,0.645,220.6,0.079,1
15.99,43.54,184.07,0.246,0.221,0.63,58.4,1344.7,39.0,30.1,0.594,29.1,53.8,19.9,0.661,2276.3,0.641,0
31.6,132.33,608.49,0.154,0.125,1.62,70.0,276.9,14.9,263.0,0.273,26.6,52.2,20.8,0.34,1053.2,0.205,0
4.61,40.94,130.91,0.285,0.219,2.88,281.1,2368.6,43.0,119.8,0.503,30.5,56.4,20.3,0.627,935.9,0.563,0
4.0,30.39,126.28,0.118,0.105,2.12,208.1,239.4,7.5,107.8,0.156,26.6,65.0,10.7,0.222,3047.0,0.615,0
19.57,38.88,163.65,0.238,0.222,1.87,154.9,1807.0,32.7,237.9,0.414,25.3,70.4,29.0,0.514,222.0,0.277,0
7.26,43.66,120.22,0.176,0.148,2.18,153.0,918.8,35.1,24.6,0.698,37.5,52.9,30.9,0.774,3783.3,0.458,0
36.28,117.95,396.3,0.209,0.189,0.97,72.6,664.7,29.2,343.2,0.433,34.9,66.6,12.3,0.526,141.8,0.351,0
15.3,72.3,235.61,0.323,0.29,2.36,273.4,535.5,22.3,84.0,0.122,20.0,41.5,42.4,0.022,704.7,0.912,0
99.28,247.78,636.8,0.416,0.383,4.86,539.8,447.9,4.0,293.5,0.554,31.3,91.9,41.2,0.684,280.2,0.812,1
54.78,148.67,658.59,0.483,0.365,6.71,421.1,1324.4,42.0,244.5,0.667,37.9,83.1,15.8,0.812,535.2,0.244,1
10.16,52.75,258.2,0.322,0.303,1.99,91.6,121.5,5.5,146.8,0.228,30.4,46.3,30.3,0.268,1963.2,0.115,0
13.0,20.36,102.83,0.193,0.178,0.55,55.1,1928.5,25.4,259.3,0.203,22.5,61.1,10.9,0.189,3089.0,0.517,0
25.62,103.19,352.7,0.185,0.171,0.64,52.5,591.3,15.1,128.9,0.118,31.4,73.6,16.3,0.184,122.0,0.339,0
2.98,24.44,137.7,0.225,0.214,0.54,49.2,1091.1,29.7,240.2,0.596,21.7,44.9,28.1,0.754,1684.6,0.879,0
77.3,175.74,514.63,0.5,0.439,5.75,664.4,209.8,12.9,1.2,0.693,34.4,93.8,35.6,0.904,12.5,0.274,1
259.9,667.66,2095.55,0.546,0.418,3.84,443.5,1179.8,29.6,344.9,0.418,28.5,86.2,39.8,0.465,306.7,0.278,1
10.89,52.47,232.45,0.217,0.198,0.74,78.7,1570.3,17.9,53.8,0.281,23.4,51.2,39.1,0.303,55.1,0.344,0
51.61,148.73,417.58,0.198,0.154,2.02,123.4,133.0,6.1,185.7,0.701,24.9,68.6,39.5,0.724,2484.3,0.138,0
31.81,82.57,247.58,0.143,0.128,1.69,175.7,2172.2,31.0,94.8,0.229,32.3,64.7,31.2,0.283,2459.4,0.523,0
129.38,423.43,1465.26,0.449,0.375,6.35,684.0,753.5,21.7,137.1,0.375,20.3,91.4,21.0,0.414,23.7,0.287,1
16.29,57.62,203.8,0.338,0.254,1.39,55.7,857.6,43.7,119.9,0.688,36.1,69.9,13.7,0.789,492.3,0.414,0
206.52,662.99,2753.31,0.396,0.331,5.88,427.5,423.1,2.3,353.3,0.742,20.4,97.2,38.3,0.795,323.5,0.597,1
90.4,327.23,1388.56,0.477,0.434,6.6,429.2,2210.7,26.5,47.3,0.272,26.3,88.1,7.2,0.32,216.2,0.576,1
45.44,159.32,486.36,0.288,0.221,2.82,302.7,870.7,27.0,53.8,0.718,33.3,47.4,25.4,0.83,97.4,0.329,0
127.65,420.26,1373.42,0.374,0.281,8.44,410.3,751.0,27.0,349.8,0.413,33.7,97.5,17.4,0.459,50.4,0.183,1
127.41,440.43,1989.33,0.381,0.32,6.64,595.9,1802.1,34.3,47.6,0.513,19.9,80.6,11.6,0.57,459.3,0.663,1
52.39,180.94,787.6,0.354,0.266,6.42,518.3,795.8,23.5,31.0,0.594,23.5,81.6,22.0,0.722,436.7,0.069,1
11.6,58.58,215.22,0.268,0.251,2.1,239.1,1159.2,42.1,182.7,0.341,25.0,42.6,29.3,0.366,2415.1,0.699,0
47.64,165.73,486.4,0.131,0.12,1.13,87.9,2499.1,32.2,73.4,0.642,36.3,48.8,10.5,0.757,235.4,0.567,0
53.88,193.42,485.45,0.509,0.446,8.12,374.9,1230.8,41.4,76.7,0.7,27.2,75.2,39.4,0.799,183.5,0.432,1
105.14,309.9,1183.41,0.433,0.326,6.83,758.7,1163.4,42.5,295.0,0.595,36.0,94.4,8.8,0.736,339.1,0.248,1
122.52,386.65,1133.14,0.498,0.431,5.79,510.3,1997.5,38.1,85.0,0.176,35.1,97.2,21.8,0.241,390.9,0.811,1
154.43,367.24,1279.26,0.431,0.381,6.83,638.3,116.2,4.5,117.0,0.135,18.8,92.1,40.7,0.194,211.0,0.123,1
121.34,435.48,1749.88,0.508,0.441,4.1,400.6,945.2,24.9,239.9,0.296,32.0,75.3,21.5,0.394,22.6,0.881,1
106.75,292.4,1209.31,0.386,0.363,8.22,872.9,1754.3,21.9,356.1,0.602,35.6,97.0,37.0,0.612,62.5,0.216,1
19.55,62.17,240.53,0.293,0.268,0.81,79.9,2282.0,28.7,177.0,0.658,25.3,44.7,39.9,0.761,2453.9,0.239,0
103.72,337.45,964.86,0.366,0.301,5.17,313.2,1625.4,30.3,238.4,0.366,27.7,90.5,6.5,0.484,185.9,0.691,1
75.97,215.67,941.64,0.398,0.354,3.57,416.0,1329.4,25.2,180.3,0.18,22.7,75.0,38.1,0.132,31.8,0.948,1
92.01,207.23,649.72,0.379,0.319,6.89,355.5,1158.3,41.2,64.7,0.585,28.4,82.0,15.7,0.67,271.1,0.245,1
139.23,335.63,1415.15,0.51,0.477,8.35,610.6,1202.4,26.9,160.0,0.647,25.1,92.2,7.7,0.799,190.7,0.593,1
7.38,20.44,121.46,0.192,0.168,1.03,85.3,1183.6,36.1,226.5,0.171,32.4,51.4,34.9,0.147,2206.2,0.836,0
320.68,644.84,2835.37,0.453,0.393,5.16,228.8,2348.7,40.0,23.2,0.376,22.7,75.6,40.2,0.467,106.8,0.412,1
65.67,216.85,763.84,0.501,0.426,5.59,279.4,2027.2,19.8,61.0,0.517,28.2,94.0,44.5,0.577,413.0,0.661,1
34.6,123.77,359.09,0.243,0.2,0.91,50.4,817.7,36.4,293.6,0.59,27.4,49.2,36.9,0.615,4198.4,0.13,0
8.15,48.38,224.97,0.346,0.27,0.65,71.5,161.0,13.3,29.5,0.718,26.1,70.2,30.1,0.836,2154.9,0.255,0
28.51,90.86,431.72,0.136,0.109,2.45,216.2,1712.8,37.9,59.7,0.23,23.0,70.9,40.2,0.277,355.0,0.943,0
3.33,21.56,94.98,0.21,0.172,2.57,123.5,1825.2,32.0,91.5,0.691,32.3,42.0,37.0,0.814,1008.5,0.562,0
10.45,45.05,152.58,0.15,0.117,0.7,69.0,1932.5,30.4,20.0,0.651,22.4,47.3,21.0,0.709,1438.0,0.504,0
4.37,42.44,189.61,0.191,0.175,1.86,142.0,589.9,30.9,284.8,0.427,36.0,58.2,39.5,0.458,3841.1,0.104,0
224.82,555.63,2326.23,0.427,0.321,8.06,424.9,1595.4,27.0,191.5,0.485,30.2,95.4,5.2,0.394,250.5,0.271,1
45.2,156.93,376.2,0.398,0.372,6.39,542.8,1601.7,16.5,73.7,0.555,37.6,77.0,25.2,0.62,9.9,0.753,1
75.07,194.35,469.04,0.456,0.354,6.92,489.6,286.3,3.1,34.3,0.683,36.4,97.2,19.9,0.806,156.9,0.469,1
130.79,465.12,1005.44,0.366,0.278,6.67,612.4,1936.7,15.7,206.3,0.461,20.9,78.4,25.8,0.456,366.9,0.697,1
10.69,25.37,123.6,0.318,0.302,0.8,94.6,1484.3,42.4,218.5,0.242,33.7,70.9,31.2,0.227,1716.0,0.877,0
12.55,49.8,173.92,0.326,0.31,1.57,154.3,1249.1,22.5,246.7,0.378,21.5,59.6,40.5,0.442,942.5,0.784,0
67.86,187.9,645.07,0.502,0.396,5.86,474.8,108.9,2.0,277.9,0.316,36.8,98.0,6.9,0.383,328.4,0.204,1
22.38,75.0,312.93,0.224,0.174,1.99,177.0,1151.4,31.8,350.0,0.717,31.7,51.2,17.8,0.831,1868.6,0.676,0
75.34,220.61,895.53,0.466,0.368,8.49,865.2,2128.2,33.5,301.5,0.166,21.8,84.6,28.9,0.182,1031.2,0.676,1
109.52,271.62,1039.68,0.47,0.401,6.75,394.2,936.5,24.7,85.5,0.402,21.4,93.3,29.0,0.413,213.6,0.934,1
76.05,206.79,650.82,0.507,0.413,6.54,332.5,2449.2,28.5,28.6,0.742,33.0,94.2,28.1,0.772,29.0,0.509,1
155.55,370.71,1480.77,0.395,0.323,8.08,695.8,1969.4,37.5,34.2,0.428,30.4,80.4,28.9,0.43,121.0,0.456,1
10.24,62.38,285.19,0.245,0.224,2.62,260.6,2061.0,26.7,301.5,0.383,20.7,70.5,43.1,0.377,179.9,0.692,0
15.53,37.35,196.38,0.134,0.124,1.91,141.1,1474.5,23.5,273.3,0.531,28.1,41.4,26.6,0.538,1158.5,0.78,0
155.8,481.28,1570.66,0.449,0.424,4.37,242.8,709.3,15.9,15.9,0.246,34.5,79.9,8.0,0.269,271.9,0.574,1
13.24,55.37,202.97,0.12,0.102,1.37,125.1,1012.2,29.3,263.6,0.65,21.0,73.0,8.6,0.68,1756.1,0.668,0
95.58,212.84,830.95,0.404,0.323,5.16,485.3,1548.6,35.8,265.5,0.409,18.3,80.1,33.9,0.482,57.6,0.845,1
19.41,65.41,192.77,0.126,0.109,0.88,90.4,2214.0,23.7,294.7,0.369,20.7,40.5,40.3,0.343,258.9,0.763,0
122.64,419.68,1875.65,0.502,0.464,6.04,525.3,1819.4,41.0,235.9,0.376,21.7,89.7,31.1,0.441,109.4,0.176,1
67.95,197.1,793.2,0.533,0.403,7.2,498.9,906.8,18.5,194.0,0.544,30.6,87.6,10.9,0.583,16.1,0.83,1
57.85,151.57,640.59,0.446,0.416,6.92,398.2,652.0,26.2,107.2,0.527,24.7,96.5,44.7,0.601,988.5,0.53,1
24.99,113.46,474.28,0.241,0.192,1.51,65.4,1587.8,37.2,21.6,0.433,20.1,44.3,16.6,0.487,906.4,0.689,0
5.65,31.38,138.13,0.187,0.152,2.14,154.3,211.3,14.7,35.4,0.488,25.9,41.4,40.8,0.563,1478.2,0.891,0
74.04,203.15,713.18,0.536,0.441,4.85,493.0,942.8,26.3,156.9,0.663,29.7,75.1,9.3,0.706,57.0,0.764,1
7.38,66.3,290.71,0.336,0.314,1.61,161.8,634.1,37.2,64.6,0.625,24.1,64.1,34.2,0.679,496.7,0.75,0
77.01,195.14,532.26,0.391,0.307,7.06,814.1,2176.9,35.8,6.0,0.439,29.7,91.7,22.5,0.529,284.1,0.597,1
118.64,248.0,952.77,0.524,0.416,6.31,261.6,1644.2,43.1,164.6,0.706,36.2,91.5,37.1,0.759,428.4,0.9,1
143.17,380.53,1579.11,0.51,0.457,3.76,203.3,311.2,10.4,358.4,0.399,26.0,79.1,15.2,0.369,294.2,0.34,1
193.51,612.68,1694.06,0.43,0.403,6.04,561.2,1282.8,32.7,350.5,0.301,36.8,97.7,29.2,0.341,235.6,0.353,1
14.71,71.34,217.99,0.343,0.264,1.12,93.5,1975.2,19.9,272.5,0.203,35.2,49.3,12.9,0.21,19.9,0.938,0
281.48,716.54,3060.25,0.352,0.301,4.05,394.3,283.4,4.1,91.3,0.246,18.4,81.0,20.3,0.247,163.3,0.877,1
189.32,478.26,1014.21,0.51,0.476,4.02,286.1,1434.3,34.0,283.4,0.54,31.4,91.7,8.4,0.616,55.3,0.245,1
26.81,74.75,234.43,0.312,0.29,2.66,181.6,1897.3,31.8,227.8,0.475,24.8,49.3,31.9,0.546,1283.8,0.119,0
70.14,181.84,605.02,0.426,0.4,8.29,794.9,530.2,28.4,118.2,0.185,23.1,85.4,34.1,0.263,490.2,0.611,1
25.19,81.48,386.45,0.349,0.325,2.42,176.3,2322.4,36.0,16.3,0.411,32.7,50.9,31.6,0.494,293.3,0.468,0
8.84,40.32,227.83,0.166,0.135,2.08,126.3,1385.3,22.3,175.9,0.2,32.6,71.9,39.1,0.258,2544.7,0.656,0
9.92,34.83,138.33,0.276,0.218,2.13,136.3,1583.6,36.0,211.2,0.363,31.8,58.4,8.3,0.383,150.3,0.335,0
95.85,230.55,1064.09,0.457,0.425,4.83,278.0,889.2,20.6,219.8,0.258,18.8,94.1,13.6,0.233,1279.0,0.783,1
7.63,33.24,131.06,0.291,0.259,1.83,74.7,1937.3,29.8,108.7,0.418,29.9,55.4,34.0,0.43,59.5,0.529,0
88.74,265.45,1039.51,0.376,0.31,5.71,544.5,1500.6,18.4,258.4,0.661,29.9,89.8,9.7,0.658,320.2,0.936,1
75.06,267.52,682.07,0.463,0.413,5.32,525.2,2294.9,30.5,245.9,0.294,37.3,87.0,28.4,0.321,11.0,0.14,1
18.86,85.79,298.93,0.204,0.165,1.34,138.8,1217.1,39.6,109.5,0.732,33.6,44.0,17.3,0.717,1133.6,0.917,0
22.46,52.85,253.26,0.247,0.214,0.57,31.2,1522.0,29.5,264.7,0.424,25.2,69.6,16.6,0.53,1224.3,0.844,0
117.54,360.62,1046.51,0.476,0.379,6.38,721.6,1442.1,24.8,269.1,0.213,30.7,80.3,8.6,0.258,255.8,0.714,1
1.81,14.88,62.84,0.297,0.256,1.4,92.8,1449.0,19.1,301.3,0.534,35.8,67.9,16.0,0.61,1299.2,0.73,0
112.67,238.85,865.42,0.446,0.417,7.47,832.9,1788.7,25.8,153.4,0.663,34.3,79.8,43.3,0.839,122.9,0.386,1
30.28,138.17,486.78,0.122,0.111,1.78,109.8,271.3,6.6,336.7,0.411,26.7,43.1,39.7,0.434,1345.9,0.528,0
17.07,53.97,207.75,0.168,0.148,0.63,27.5,1512.3,26.7,346.4,0.679,36.5,54.3,20.6,0.68,652.4,0.433,0
209.71,472.24,2036.47,0.497,0.398,4.35,354.1,1051.7,20.5,258.1,0.602,37.5,97.1,6.8,0.702,288.6,0.779,1
21.84,56.68,242.74,0.103,0.079,1.06,87.2,1131.8,41.7,236.1,0.174,33.4,73.8,29.0,0.179,336.9,0.557,0
13.65,50.17,202.27,0.204,0.182,2.41,270.1,1090.9,42.8,295.5,0.656,21.5,65.4,29.9,0.656,1809.5,0.647,0
15.79,78.43,435.25,0.19,0.164,0.66,62.2,285.7,6.5,49.3,0.174,32.9,58.9,19.1,0.268,313.9,0.458,0
26.56,63.46,183.68,0.231,0.183,1.31,139.4,46.5,12.7,279.6,0.351,26.1,59.8,37.5,0.439,577.2,0.36,0
111.5,324.38,1360.69,0.425,0.398,6.83,739.3,276.2,14.0,157.1,0.705,22.9,86.4,34.3,0.845,239.3,0.413,1
173.25,457.28,1232.01,0.463,0.399,7.03,555.6,1094.3,24.1,329.3,0.275,20.3,81.8,18.0,0.278,100.5,0.385,1
9.59,25.39,102.5,0.249,0.216,2.12,238.7,950.2,25.1,33.8,0.106,20.0,74.5,19.6,0.094,2559.2,0.078,0
159.43,447.88,1537.68,0.507,0.411,6.15,602.0,362.7,10.4,66.2,0.378,26.1,79.1,12.6,0.469,21.3,0.686,1
64.16,195.98,777.11,0.452,0.418,3.66,178.6,1811.9,19.9,130.3,0.712,29.2,77.1,17.5,0.755,292.4,0.755,1
9.83,58.12,260.84,0.201,0.187,2.19,131.0,1789.5,43.9,349.3,0.376,31.6,65.0,40.4,0.399,530.7,0.593,0
19.79,96.27,242.22,0.197,0.176,2.88,138.7,2279.2,35.6,212.2,0.17,35.3,59.5,7.0,0.213,1085.7,0.266,0
276.99,537.53,1508.03,0.433,0.333,4.86,421.4,2122.2,16.4,330.8,0.373,20.9,79.7,43.6,0.493,41.2,0.681,1
203.25,429.4,1581.47,0.537,0.412,5.95,344.3,2071.6,22.7,337.7,0.741,24.3,85.6,16.9,0.697,286.4,0.135,1
128.12,463.2,2007.55,0.515,0.435,7.74,893.1,2006.8,24.0,12.2,0.231,18.7,80.7,35.9,0.237,902.8,0.883,1
194.9,615.28,2301.26,0.499,0.389,6.39,712.5,2205.5,15.3,262.8,0.694,31.3,96.1,15.7,0.714,242.9,0.636,1
27.99,109.57,354.64,0.105,0.086,1.16,120.3,1290.7,44.5,100.4,0.177,18.5,59.8,22.5,0.242,1012.7,0.702,0
93.92,293.69,992.23,0.423,0.331,5.6,617.4,204.7,6.3,142.4,0.17,18.9,83.7,21.2,0.122,432.5,0.52,1
40.63,116.05,483.64,0.52,0.422,4.34,466.3,1420.9,16.5,2.4,0.131,30.0,93.6,25.5,0.168,15.3,0.62,1
155.8,463.11,1143.76,0.355,0.333,5.07,274.1,2117.8,41.3,249.3,0.204,21.9,97.4,31.2,0.122,355.4,0.602,1
4.18,15.71,106.01,0.226,0.203,1.76,83.2,246.5,11.2,305.4,0.712,31.2,56.2,13.9,0.823,4018.7,0.206,0
2.21,30.33,171.49,0.138,0.107,1.29,123.2,2052.7,28.7,35.6,0.634,25.1,64.4,17.4,0.742,2858.5,0.558,0
4.83,42.46,132.97,0.189,0.167,2.94,198.1,352.5,14.4,224.1,0.317,23.2,70.2,40.8,0.352,662.8,0.499,0
180.67,649.01,2368.59,0.46,0.348,6.09,548.8,74.6,14.5,92.2,0.191,33.2,87.0,12.9,0.123,17.5,0.107,1
8.44,30.67,159.22,0.288,0.273,2.72,246.6,1758.5,16.0,354.2,0.465,32.8,60.6,16.2,0.519,354.1,0.517,0
10.05,36.85,211.7,0.303,0.26,1.27,137.4,1616.2,23.1,19.6,0.18,19.2,55.8,34.3,0.207,1554.1,0.926,0
23.2,93.06,316.12,0.285,0.243,2.39,126.4,2196.5,25.8,189.7,0.538,32.5,46.7,13.5,0.597,291.1,0.735,0
26.59,72.79,263.86,0.219,0.175,0.51,57.0,1660.3,37.4,301.7,0.674,36.9,50.4,26.9,0.773,1377.5,0.244,0
123.72,399.83,1024.93,0.44,0.37,7.27,479.5,666.1,36.7,266.3,0.44,27.5,76.5,16.5,0.402,343.4,0.599,1
77.88,226.72,830.03,0.414,0.354,5.02,558.7,2304.2,28.9,197.6,0.251,28.6,95.9,21.1,0.323,129.3,0.254,1
52.88,153.84,407.53,0.519,0.458,8.45,475.8,2257.8,21.3,309.4,0.305,24.8,89.5,38.0,0.392,77.5,0.812,1
14.88,74.14,265.31,0.142,0.108,3.0,158.2,2357.2,40.3,353.0,0.348,33.3,51.8,15.1,0.273,939.6,0.748,0
135.59,475.12,1172.69,0.507,0.415,3.51,313.4,1848.9,34.5,36.9,0.724,33.3,90.8,5.3,0.712,1010.1,0.941,1
10.52,64.79,278.95,0.139,0.115,1.42,159.9,2175.3,25.5,26.5,0.659,35.8,49.1,30.6,0.724,2231.7,0.286,0
2.74,13.94,102.66,0.17,0.133,0.96,76.0,610.1,41.1,299.8,0.455,32.5,58.3,41.0,0.433,264.1,0.544,0
28.01,118.34,542.02,0.287,0.229,0.89,41.4,1467.5,39.5,87.8,0.544,37.6,62.8,28.8,0.623,372.5,0.824,0
10.05,45.3,221.72,0.282,0.225,1.02,111.4,676.6,15.0,315.6,0.164,37.4,65.9,27.0,0.21,99.7,0.711,0
14.54,65.75,238.98,0.131,0.12,1.84,146.9,825.2,41.1,124.6,0.219,26.2,44.9,7.7,0.274,3920.3,0.132,0
141.83,325.28,821.12,0.402,0.357,8.39,674.8,2070.4,30.9,76.6,0.458,32.4,95.8,10.5,0.411,117.3,0.125,1
156.55,514.67,2062.37,0.365,0.341,5.22,299.2,1779.1,42.7,116.1,0.182,18.4,84.2,14.3,0.168,160.7,0.223,1
101.57,368.34,756.58,0.366,0.297,4.22,236.0,2316.3,38.1,327.0,0.113,25.7,77.6,5.1,0.121,23.3,0.791,1
5.26,43.18,160.68,0.251,0.232,0.5,44.7,1958.1,19.4,266.6,0.168,26.2,65.1,21.3,0.118,1104.9,0.182,0
14.3,52.29,187.95,0.101,0.093,1.17,86.9,733.4,25.2,14.7,0.168,34.6,45.3,26.6,0.148,757.8,0.261,0
14.88,69.05,362.28,0.152,0.128,2.71,140.7,2207.1,24.4,356.7,0.582,23.5,53.8,25.0,0.65,491.4,0.725,0
305.18,903.01,3342.67,0.421,0.368,4.73,559.0,199.7,5.6,76.5,0.652,22.3,75.0,16.6,0.71,206.4,0.579,1
99.22,271.97,1075.67,0.493,0.428,6.49,284.0,213.2,6.8,175.7,0.629,27.2,83.9,11.2,0.724,381.5,0.785,1
71.58,207.61,553.42,0.418,0.339,8.45,367.1,690.2,23.1,82.1,0.744,22.5,89.9,44.3,0.725,1381.6,0.47,1
7.34,35.67,210.37,0.151,0.121,2.53,299.5,2014.6,37.8,99.7,0.676,21.5,42.4,27.5,0.751,721.0,0.761,0
32.92,100.69,434.24,0.448,0.351,6.58,379.8,2319.4,34.6,25.6,0.378,27.5,89.1,13.8,0.405,4.4,0.377,1
11.88,54.81,123.15,0.143,0.132,1.89,77.7,1617.6,38.8,237.5,0.392,23.5,62.5,36.4,0.426,103.7,0.262,0
207.92,501.45,1425.33,0.448,0.384,6.47,464.7,2321.3,37.4,192.1,0.3,20.4,94.2,23.9,0.316,1034.5,0.659,1
127.87,378.8,917.71,0.548,0.448,8.27,475.3,1504.7,33.4,239.9,0.242,23.1,92.3,13.4,0.233,22.5,0.429,1
80.02,212.85,847.11,0.51,0.434,7.43,776.1,2331.2,20.0,134.4,0.615,32.9,80.5,34.3,0.661,197.1,0.902,1
114.33,357.8,932.82,0.364,0.279,3.54,213.6,1066.8,20.8,310.9,0.515,20.2,85.5,34.4,0.546,286.4,0.668,1
3.92,34.59,151.93,0.2,0.154,1.5,158.0,2430.9,38.6,191.2,0.191,19.9,45.4,39.3,0.163,2561.3,0.748,0
114.8,270.83,650.85,0.442,0.399,3.7,305.1,534.4,40.7,345.8,0.556,26.2,89.0,6.4,0.615,79.6,0.089,1
100.44,374.18,1201.03,0.515,0.479,5.32,555.7,587.3,30.1,299.9,0.226,21.2,92.1,24.4,0.266,66.7,0.451,1
35.46,149.69,319.76,0.115,0.093,0.94,83.7,619.2,44.6,196.8,0.368,25.7,64.5,22.5,0.32,560.7,0.764,0
6.33,54.79,281.63,0.303,0.252,1.45,146.1,428.3,11.4,351.6,0.68,36.3,73.6,41.9,0.755,744.6,0.924,0
16.88,83.16,262.52,0.141,0.116,2.82,216.5,1274.1,37.0,82.6,0.142,21.0,52.7,21.0,0.114,1954.1,0.841,0
22.55,67.36,200.37,0.266,0.225,0.95,70.4,1361.8,35.1,209.5,0.342,32.4,46.5,41.4,0.339,1227.5,0.217,0
18.56,68.98,249.42,0.218,0.182,2.89,220.6,1948.8,37.4,251.2,0.115,19.5,46.4,43.9,0.18,605.9,0.868,0
138.27,295.61,1286.61,0.354,0.293,7.87,782.5,769.8,27.5,28.9,0.39,33.6,78.0,43.5,0.31,185.2,0.76,1
7.17,39.81,230.92,0.283,0.249,1.68,126.5,2278.7,22.3,185.4,0.54,36.7,46.6,42.1,0.581,3363.2,0.746,0
16.68,55.24,186.72,0.143,0.115,0.54,34.5,2084.6,27.1,63.7,0.1,33.6,46.4,14.1,0.17,1096.8,0.802,0
228.85,666.99,1861.09,0.358,0.336,4.25,445.1,1876.9,20.7,244.5,0.527,35.6,76.1,34.9,0.546,83.4,0.204,1
133.41,283.34,976.09,0.514,0.417,6.87,503.1,2453.8,18.4,54.5,0.521,32.8,83.0,23.3,0.615,366.6,0.423,1
121.86,243.61,569.3,0.434,0.344,7.55,571.9,75.3,8.1,282.9,0.69,23.5,97.2,37.6,0.769,106.8,0.095,1
15.39,58.93,267.84,0.121,0.114,1.9,88.4,2470.6,44.6,216.8,0.387,22.6,72.3,42.3,0.331,5193.0,0.093,0
76.72,181.98,631.56,0.51,0.406,4.34,300.6,593.6,35.0,57.8,0.203,36.0,85.4,31.0,0.251,594.8,0.822,1
56.86,186.78,679.24,0.442,0.379,4.69,495.9,113.7,3.0,221.7,0.543,18.6,95.5,38.6,0.575,171.9,0.723,1
27.3,98.46,491.43,0.348,0.284,2.79,260.4,1127.2,30.6,3.0,0.351,28.8,63.4,21.8,0.378,184.6,0.375,0
7.44,32.94,131.43,0.269,0.206,1.45,73.2,1718.9,33.1,13.3,0.213,24.7,46.8,37.4,0.223,2130.9,0.506,0
124.53,246.92,926.34,0.454,0.427,6.18,479.3,744.7,37.1,78.7,0.508,36.2,96.6,12.0,0.566,32.6,0.263,1
187.78,405.66,1284.43,0.372,0.307,6.38,728.0,1125.0,38.3,136.1,0.174,21.3,75.8,5.5,0.281,76.1,0.463,1
157.18,486.75,1553.41,0.543,0.477,5.96,348.7,599.7,20.9,52.5,0.203,25.4,95.1,27.7,0.221,209.8,0.256,1
171.01,621.85,2311.37,0.407,0.376,7.82,828.7,13.2,5.1,283.5,0.577,20.0,81.7,29.7,0.612,67.1,0.567,1
185.69,468.5,2060.84,0.549,0.472,6.04,514.0,2236.1,31.3,40.3,0.548,36.8,86.7,22.6,0.591,225.6,0.794,1
79.73,258.28,1109.22,0.351,0.313,6.48,444.2,911.9,15.1,16.1,0.489,24.7,89.1,16.1,0.479,127.3,0.834,1
17.01,91.77,371.03,0.231,0.21,1.9,223.6,374.8,4.4,2.6,0.611,25.4,69.7,21.6,0.611,2595.9,0.483,0
8.0,37.98,190.5,0.152,0.126,1.13,110.6,969.3,43.7,203.1,0.198,19.2,63.3,8.0,0.244,2761.8,0.849,0
17.37,67.07,237.89,0.116,0.102,1.19,77.7,44.8,5.7,207.0,0.151,20.0,68.2,18.0,0.095,85.4,0.728,0
64.55,183.32,770.75,0.506,0.4,6.31,351.0,210.2,4.0,67.0,0.745,36.7,93.1,34.7,0.794,258.2,0.871,1
212.33,731.48,1928.2,0.401,0.305,7.02,774.4,1398.0,29.2,95.0,0.435,30.9,79.6,35.8,0.428,26.6,0.843,1
95.09,262.01,959.75,0.399,0.378,4.13,360.2,571.2,45.0,280.7,0.73,30.3,87.8,25.6,0.787,392.1,0.502,1
20.73,82.81,350.81,0.273,0.209,2.34,100.4,1641.6,42.0,321.6,0.486,33.8,54.8,14.1,0.461,472.0,0.385,0
96.96,348.18,1308.57,0.372,0.311,3.62,268.8,1136.2,23.6,117.9,0.562,30.6,88.4,16.4,0.628,214.5,0.789,1
15.26,59.14,233.66,0.198,0.151,2.73,206.4,188.1,8.1,157.1,0.292,23.1,44.0,19.4,0.348,3885.4,0.726,0
28.36,112.48,511.87,0.277,0.259,0.87,88.5,1328.2,31.6,24.7,0.664,36.3,43.7,24.2,0.771,138.1,0.206,0
108.82,248.09,944.21,0.478,0.369,8.01,472.9,1587.3,24.2,304.3,0.351,22.9,88.5,16.8,0.389,127.1,0.068,1
184.93,568.69,1451.86,0.457,0.414,6.08,465.7,1398.5,30.5,236.5,0.671,34.4,82.3,16.0,0.744,292.4,0.618,1
134.48,335.24,1108.5,0.451,0.403,8.28,383.8,645.0,25.0,28.5,0.285,23.6,82.8,24.3,0.288,377.7,0.904,1
11.02,71.23,329.63,0.111,0.084,2.82,140.8,79.5,8.7,212.3,0.484,23.1,55.4,19.4,0.53,1714.3,0.252,0
5.89,31.47,186.36,0.167,0.149,1.57,162.2,1052.9,29.0,36.8,0.609,29.6,47.1,34.0,0.675,111.0,0.619,0
4.34,25.79,132.84,0.126,0.119,2.29,187.2,1652.0,27.7,267.6,0.61,20.7,50.8,44.9,0.726,61.1,0.345,0
12.6,61.07,183.47,0.224,0.191,2.56,181.8,184.0,11.4,47.4,0.613,25.5,62.6,6.5,0.675,579.2,0.451,0
111.97,400.42,1043.9,0.491,0.397,4.12,252.8,2293.6,33.6,168.1,0.747,28.1,76.9,27.9,0.697,196.4,0.234,1
241.41,581.33,2621.33,0.54,0.464,5.62,657.8,862.4,18.8,255.1,0.722,35.8,75.6,13.7,0.779,196.5,0.272,1
170.67,440.71,1782.31,0.53,0.41,5.57,431.4,871.4,44.2,65.6,0.232,25.7,85.9,24.6,0.287,81.7,0.373,1
21.71,83.22,364.57,0.111,0.104,0.72,61.4,839.8,21.4,35.7,0.34,18.9,57.6,24.0,0.322,2120.8,0.488,0
38.91,104.61,271.17,0.359,0.295,4.06,482.5,2250.5,33.4,272.4,0.436,34.4,78.8,32.0,0.453,276.6,0.584,1
9.37,39.59,178.97,0.342,0.288,1.93,193.5,2363.1,27.1,265.1,0.573,30.3,63.9,35.4,0.584,355.1,0.721,0
46.43,114.46,495.76,0.441,0.366,4.62,324.7,2228.3,15.3,121.5,0.54,31.6,77.0,33.0,0.571,636.4,0.498,1
48.1,161.51,769.33,0.167,0.126,1.03,87.2,1973.5,21.4,76.7,0.538,19.8,62.2,18.9,0.611,117.2,0.818,0
6.31,18.87,98.96,0.284,0.215,0.97,69.7,658.3,31.5,331.4,0.284,21.5,53.7,7.0,0.31,2793.6,0.166,0
181.79,423.96,1961.72,0.493,0.425,3.9,328.9,1854.2,25.5,232.3,0.319,29.0,79.0,16.7,0.375,168.9,0.369,1
71.9,204.29,518.82,0.524,0.446,7.06,647.5,736.3,40.1,192.3,0.234,22.0,97.7,37.7,0.29,199.3,0.911,1
37.71,144.53,476.05,0.136,0.129,2.91,343.0,947.8,35.2,98.1,0.672,34.4,47.6,22.4,0.819,1971.2,0.208,0
17.3,55.69,315.65,0.344,0.276,2.61,257.4,367.8,3.2,131.5,0.372,18.5,47.4,32.9,0.444,2945.5,0.176,0
145.3,299.58,1135.34,0.529,0.436,7.45,713.7,1323.6,43.1,121.7,0.404,34.4,80.1,29.8,0.485,137.4,0.641,1
31.99,91.61,404.76,0.167,0.159,2.58,123.1,2018.5,22.2,343.1,0.723,27.3,51.4,32.1,0.741,76.7,0.722,0
15.69,77.43,376.94,0.259,0.196,2.39,156.6,1699.0,16.8,49.6,0.696,29.8,69.4,35.0,0.745,3565.2,0.226,0
6.87,36.16,157.8,0.104,0.092,2.85,177.8,952.4,29.6,156.4,0.282,22.0,49.0,39.7,0.304,872.9,0.256,0
19.96,91.9,278.91,0.263,0.203,1.67,80.1,1677.2,28.1,15.7,0.677,25.8,69.5,13.4,0.764,897.1,0.42,0
127.0,389.93,1495.34,0.467,0.439,4.03,442.7,1588.1,29.7,187.1,0.456,29.5,82.5,6.9,0.573,171.8,0.772,1
154.51,412.61,1446.45,0.454,0.367,8.37,879.6,1356.3,17.2,303.6,0.525,21.2,78.1,25.6,0.616,26.6,0.413,1
213.56,597.26,2374.45,0.489,0.447,7.4,763.4,677.0,23.9,348.5,0.379,25.8,75.7,41.3,0.389,197.2,0.578,1
199.72,537.7,1814.66,0.519,0.483,6.95,376.3,81.7,9.9,111.6,0.74,31.5,95.5,10.5,0.843,115.4,0.534,1
10.65,65.58,294.57,0.31,0.285,0.9,79.5,104.9,11.2,69.1,0.545,36.1,48.0,42.3,0.628,1023.3,0.786,0
0.93,28.33,193.35,0.344,0.296,2.28,187.3,2379.8,19.4,223.2,0.328,23.1,72.5,39.6,0.376,2893.3,0.873,0
15.4,51.04,241.5,0.332,0.313,2.78,247.6,2170.3,23.6,111.0,0.471,33.2,68.5,43.5,0.481,2177.7,0.593,0
19.18,79.64,365.5,0.305,0.27,2.17,223.1,600.4,37.4,35.8,0.664,20.6,68.7,16.7,0.673,6441.5,0.813,0
8.71,42.66,206.17,0.184,0.167,2.57,122.2,494.0,13.5,74.1,0.142,21.8,41.7,21.5,0.152,883.4,0.319,0
126.78,423.6,1359.94,0.489,0.391,6.38,352.6,764.9,19.2,7.7,0.242,34.2,87.3,38.3,0.271,335.1,0.322,1
206.59,733.1,3293.38,0.41,0.342,3.55,221.9,1435.0,32.9,318.5,0.105,35.2,89.0,16.1,0.12,133.0,0.708,1
21.67,62.36,309.66,0.207,0.18,2.96,230.1,53.0,13.9,135.2,0.203,28.8,48.6,44.0,0.288,654.5,0.939,0
146.63,382.85,1604.49,0.506,0.394,7.18,623.8,2231.5,29.6,280.5,0.456,21.3,81.0,10.2,0.478,1101.5,0.241,1
130.54,386.25,1355.97,0.394,0.371,6.8,437.9,1938.8,38.8,235.8,0.343,21.7,87.9,18.4,0.432,32.2,0.15,1
85.14,308.82,1106.89,0.438,0.338,7.99,389.6,1325.6,32.8,69.6,0.421,36.9,77.5,23.4,0.474,95.0,0.204,1
181.31,658.26,2467.76,0.456,0.409,8.3,668.9,2165.4,31.7,142.4,0.415,29.1,76.7,13.1,0.412,84.2,0.674,1
115.77,413.06,1633.24,0.487,0.371,7.85,351.2,1375.8,26.4,160.4,0.222,24.2,81.8,7.3,0.198,130.2,0.888,1
98.72,231.21,792.5,0.447,0.345,6.27,432.9,230.8,2.3,234.3,0.634,29.8,81.3,40.3,0.631,415.6,0.351,1
129.87,361.39,1116.72,0.489,0.428,6.21,270.5,1399.7,36.9,333.7,0.323,23.5,93.1,17.7,0.337,704.2,0.239,1
190.56,443.04,1200.89,0.513,0.431,5.35,307.5,1206.8,42.4,68.5,0.645,32.8,76.5,27.7,0.648,146.2,0.202,1
27.39,73.31,265.65,0.3,0.225,0.9,44.1,1738.8,15.8,145.3,0.227,21.5,51.4,12.3,0.278,4563.8,0.168,0
24.25,63.24,181.37,0.298,0.247,1.41,106.8,871.8,29.3,72.8,0.323,23.4,45.1,34.4,0.318,182.4,0.698,0
144.57,328.06,1064.21,0.529,0.423,7.4,435.0,907.1,32.0,296.8,0.517,32.4,91.3,9.2,0.549,13.4,0.25,1
20.81,58.53,296.34,0.165,0.152,0.72,31.7,2355.6,23.5,265.0,0.316,19.0,55.7,33.4,0.335,936.6,0.924,0
18.72,67.11,331.25,0.297,0.265,2.11,134.9,2298.5,17.6,297.2,0.24,37.9,56.6,30.9,0.289,1003.8,0.833,0
109.65,270.82,970.77,0.465,0.417,8.09,901.8,2252.4,20.1,278.4,0.712,24.7,76.0,28.7,0.771,73.6,0.578,1
17.95,56.33,181.85,0.211,0.198,1.49,160.1,1043.0,36.2,9.8,0.393,31.9,59.0,32.3,0.366,529.4,0.704,0
144.0,467.52,1465.13,0.501,0.447,7.58,838.0,1876.3,21.6,95.7,0.696,19.7,89.6,15.4,0.75,0.6,0.636,1
115.72,290.27,1068.44,0.434,0.34,6.8,485.1,2349.8,26.9,127.3,0.741,29.3,94.3,29.1,0.797,68.5,0.939,1
118.37,371.52,1105.0,0.505,0.474,5.79,638.7,2417.5,15.5,288.8,0.339,28.7,76.3,6.4,0.289,52.7,0.159,1
59.71,175.5,480.36,0.253,0.195,0.96,111.7,614.3,20.1,306.7,0.325,23.3,70.5,15.3,0.38,540.1,0.851,0
28.5,115.77,323.96,0.143,0.113,2.03,236.4,544.2,39.5,169.4,0.236,25.0,50.6,30.2,0.248,438.6,0.652,0
153.75,356.21,1188.46,0.369,0.298,7.62,380.6,1249.8,30.8,355.0,0.432,35.0,94.6,22.7,0.553,639.1,0.549,1
102.12,230.51,616.17,0.52,0.408,4.83,511.4,2175.3,17.9,190.9,0.24,22.7,85.4,5.8,0.227,43.6,0.433,1
116.34,360.62,985.01,0.384,0.289,5.32,355.7,1325.6,17.5,183.3,0.261,31.8,95.0,28.7,0.161,1313.0,0.942,1
23.62,97.17,501.63,0.307,0.258,0.81,61.9,1981.7,42.6,193.2,0.592,27.0,62.3,38.4,0.651,915.0,0.79,0
17.16,66.84,331.15,0.194,0.172,1.39,128.9,1191.4,26.1,265.7,0.384,28.2,68.8,5.0,0.38,300.3,0.066,0
125.75,260.61,619.28,0.401,0.334,5.95,598.3,1880.5,38.0,135.6,0.24,25.4,80.5,32.6,0.231,201.7,0.086,1
19.27,84.43,312.4,0.216,0.172,1.85,206.8,672.5,28.1,326.3,0.294,33.7,46.0,13.9,0.329,1480.3,0.733,0
302.86,645.16,2208.54,0.384,0.356,6.87,801.3,2062.3,18.7,197.8,0.226,18.1,92.7,9.2,0.14,274.8,0.533,1
14.27,38.31,104.33,0.32,0.265,2.05,207.8,1994.9,30.8,154.8,0.256,21.6,73.1,26.5,0.329,1628.0,0.56,0
7.61,49.3,206.46,0.178,0.163,1.62,95.7,569.9,18.0,88.6,0.586,25.2,48.5,30.4,0.592,481.2,0.347,0
35.96,133.2,390.21,0.161,0.126,1.38,111.5,2182.6,40.9,132.1,0.655,22.2,42.8,7.2,0.724,2350.6,0.883,0
11.16,44.08,185.96,0.221,0.18,1.46,98.5,303.6,9.1,237.5,0.72,28.9,68.1,6.4,0.768,453.7,0.252,0
150.0,523.87,1424.02,0.377,0.343,3.73,407.0,1924.0,36.0,350.6,0.744,31.8,97.4,38.9,0.853,192.5,0.662,1
91.03,265.12,790.17,0.45,0.34,7.43,591.2,2126.8,44.3,209.5,0.365,29.8,76.3,7.6,0.416,61.7,0.106,1
7.04,29.46,165.99,0.253,0.237,1.45,157.4,2073.8,41.6,193.2,0.143,27.9,45.0,6.1,0.076,216.2,0.301,0
58.87,201.29,837.24,0.39,0.324,4.21,496.1,618.1,42.2,109.0,0.492,31.8,92.5,16.8,0.5,594.4,0.872,1
28.61,106.15,509.95,0.274,0.259,1.3,82.1,212.1,2.4,331.5,0.145,35.8,57.1,36.9,0.197,1329.1,0.437,0
77.63,217.5,859.43,0.541,0.482,8.13,344.2,82.5,13.8,221.1,0.553,31.7,79.8,28.8,0.627,45.2,0.624,1
2.22,15.75,96.59,0.323,0.304,1.02,58.5,69.7,3.1,305.5,0.557,31.4,61.7,36.9,0.627,2745.5,0.354,0
176.76,389.47,1050.42,0.388,0.296,3.77,343.6,1282.4,35.7,23.8,0.196,36.5,76.0,7.8,0.275,240.6,0.601,1
118.95,373.25,1423.6,0.467,0.417,4.57,478.3,508.6,34.7,275.6,0.595,37.2,82.2,22.7,0.623,361.9,0.087,1
104.34,274.54,1264.55,0.536,0.496,5.12,511.6,2178.9,23.9,94.5,0.27,22.1,93.6,33.7,0.316,528.6,0.284,1
159.58,389.76,902.44,0.426,0.403,3.78,394.0,418.5,13.4,344.4,0.347,24.6,79.9,33.5,0.382,29.6,0.872,1
101.44,322.05,1096.21,0.378,0.286,7.64,870.4,1680.5,26.4,52.3,0.14,18.2,80.4,32.7,0.132,556.4,0.192,1
153.1,476.97,1170.69,0.489,0.375,3.88,225.0,2295.8,35.9,38.8,0.38,25.1,91.7,40.7,0.429,509.6,0.214,1
91.07,308.02,1285.22,0.481,0.431,4.53,199.2,2412.4,15.6,123.8,0.298,32.5,91.8,16.2,0.322,234.4,0.492,1
205.25,682.2,2461.33,0.35,0.265,5.09,337.6,2148.7,42.8,108.4,0.515,37.5,84.2,11.1,0.475,395.4,0.774,1
84.77,250.47,1098.35,0.521,0.392,5.16,558.8,519.0,19.2,355.0,0.275,18.3,94.3,13.4,0.383,162.1,0.235,1
11.91,45.38,171.21,0.304,0.261,2.53,248.7,1328.2,24.5,224.8,0.502,20.3,72.6,21.1,0.532,2771.6,0.83,0
188.85,526.74,2252.39,0.389,0.333,8.39,357.9,469.6,8.0,280.6,0.296,28.5,80.1,11.8,0.368,388.0,0.135,1
23.28,72.22,197.48,0.301,0.263,2.55,133.7,1499.2,28.2,51.0,0.253,20.2,48.3,40.3,0.192,819.1,0.517,0
147.51,372.0,1094.73,0.544,0.41,6.6,755.1,605.5,37.1,358.4,0.582,19.0,80.8,21.3,0.621,32.1,0.329,1
4.53,15.4,76.87,0.19,0.161,0.68,54.0,832.0,38.5,311.5,0.3,26.9,63.4,43.8,0.322,491.2,0.199,0
159.16,476.07,1193.75,0.423,0.342,7.03,641.5,1385.2,25.9,341.5,0.237,32.4,77.6,37.8,0.262,254.2,0.295,1
5.08,30.06,135.1,0.272,0.245,2.95,140.1,314.2,7.0,78.3,0.723,24.7,63.5,27.0,0.826,806.7,0.751,0
5.64,39.56,175.16,0.122,0.1,2.7,232.5,892.4,25.2,116.5,0.657,22.1,71.5,24.2,0.695,283.0,0.081,0
39.32,117.84,523.08,0.186,0.153,1.93,207.9,856.7,21.6,313.6,0.412,24.9,47.5,16.0,0.469,889.7,0.936,0
194.28,501.32,2176.75,0.385,0.339,4.44,498.5,1467.6,36.4,134.2,0.148,20.6,78.2,39.4,0.204,91.3,0.698,1
11.95,65.83,232.41,0.227,0.2,1.14,86.5,1435.2,41.8,4.9,0.445,25.1,57.4,20.1,0.5,142.1,0.326,0
7.39,45.66,168.52,0.142,0.108,1.03,89.5,981.1,27.2,337.9,0.123,27.9,70.0,24.8,0.151,168.3,0.392,0
91.74,168.12,407.2,0.547,0.479,5.76,566.8,2165.3,36.6,67.4,0.64,19.5,84.5,11.4,0.716,360.9,0.415,1
45.07,108.42,373.23,0.525,0.463,4.25,305.6,1610.8,29.7,5.1,0.376,29.0,78.5,7.6,0.419,124.8,0.071,1
27.49,92.82,421.0,0.201,0.169,2.09,132.1,2013.3,18.8,109.0,0.239,28.2,63.6,20.4,0.265,313.2,0.117,0
43.11,169.96,659.86,0.262,0.24,1.75,82.7,1431.1,30.4,246.4,0.597,26.2,45.5,19.2,0.548,3531.8,0.345,0
14.3,73.16,322.52,0.204,0.153,2.58,143.8,959.2,23.0,228.1,0.207,30.4,66.7,43.6,0.284,5653.2,0.269,0
149.05,352.02,791.2,0.469,0.443,5.89,698.6,956.0,35.1,71.8,0.552,36.7,76.1,15.7,0.566,308.5,0.739,1
19.18,54.62,232.62,0.263,0.217,0.59,64.8,525.9,28.5,168.0,0.516,24.5,46.3,16.4,0.615,1534.4,0.256,0
23.05,65.55,271.71,0.114,0.099,2.55,172.8,2085.2,35.3,244.8,0.205,20.7,71.7,25.6,0.218,268.9,0.351,0
16.74,44.91,213.9,0.208,0.158,1.54,164.0,2108.6,29.4,206.0,0.532,32.8,69.7,11.8,0.621,291.6,0.916,0
18.11,62.5,184.3,0.149,0.133,2.16,218.9,281.8,13.7,261.7,0.608,23.0,41.6,42.6,0.722,1521.9,0.813,0
108.79,280.77,724.99,0.523,0.449,4.14,486.0,2080.0,44.9,158.0,0.605,32.5,77.1,43.1,0.621,107.2,0.793,1
2.12,20.59,147.61,0.109,0.102,1.6,68.9,2053.7,40.8,140.6,0.492,23.5,53.3,10.8,0.533,1129.1,0.795,0
26.28,94.56,361.44,0.142,0.118,0.56,48.0,1510.7,36.2,20.8,0.163,20.3,58.7,26.6,0.175,3337.5,0.624,0
4.71,24.12,135.24,0.208,0.186,1.83,175.4,1868.4,22.4,321.4,0.211,38.0,59.5,16.5,0.19,1246.2,0.529,0
37.36,93.73,311.97,0.242,0.185,0.59,62.6,2303.6,32.1,316.7,0.293,28.6,45.0,31.9,0.315,439.4,0.796,0
12.53,69.77,342.65,0.299,0.228,1.38,143.7,1219.2,34.0,155.4,0.709,32.9,43.9,33.9,0.774,231.6,0.363,0
104.74,375.63,1097.62,0.369,0.347,6.31,391.8,1944.6,37.0,297.6,0.162,25.8,85.4,10.6,0.183,418.9,0.547,1
141.15,383.71,1099.66,0.48,0.384,8.4,808.8,2397.7,20.8,224.9,0.457,36.2,79.3,32.3,0.558,281.8,0.833,1
232.66,473.07,1498.92,0.452,0.422,8.49,889.9,960.5,30.5,91.0,0.68,34.5,90.5,32.1,0.799,433.9,0.145,1
84.67,204.11,667.93,0.52,0.399,3.79,307.6,1122.7,28.9,63.8,0.385,34.6,81.1,18.8,0.487,860.1,0.077,1
232.62,492.43,1449.96,0.44,0.386,7.14,571.7,1639.6,22.9,18.5,0.673,34.0,82.4,27.0,0.68,410.7,0.866,1
15.03,47.1,180.63,0.168,0.144,2.79,209.7,1251.5,31.2,237.7,0.31,29.7,53.4,11.0,0.287,2843.4,0.694,0
91.2,275.26,998.01,0.537,0.506,7.45,421.9,658.8,42.3,101.8,0.388,27.6,97.7,23.2,0.392,742.5,0.567,1
82.36,251.62,781.05,0.537,0.446,8.09,862.5,1525.9,38.1,323.1,0.487,31.0,85.3,18.6,0.58,392.1,0.175,1
232.04,518.0,1383.04,0.357,0.271,6.47,518.5,1902.3,31.7,307.4,0.523,23.5,78.9,25.8,0.548,91.7,0.945,1
179.53,577.31,2267.33,0.447,0.378,4.77,242.3,24.3,10.9,259.0,0.355,28.8,90.2,12.3,0.384,70.2,0.336,1
18.74,70.42,309.49,0.128,0.118,2.13,241.4,509.7,38.7,221.7,0.399,31.6,50.8,16.7,0.456,218.5,0.107,0
96.24,243.74,1074.57,0.405,0.308,5.11,550.3,2484.9,36.7,333.6,0.498,19.8,95.4,27.5,0.449,147.3,0.439,1
91.37,285.15,1016.05,0.483,0.366,5.21,384.8,2149.2,40.8,304.1,0.653,33.1,91.7,44.5,0.705,71.7,0.109,1
109.49,263.88,753.83,0.376,0.344,6.56,673.2,2488.3,38.3,94.3,0.332,27.5,76.4,23.1,0.354,17.5,0.505,1
19.58,66.61,328.71,0.318,0.291,2.55,136.1,1603.1,39.8,92.7,0.464,37.0,67.9,18.9,0.502,1340.8,0.423,0
22.05,89.63,291.35,0.245,0.194,1.45,170.8,1270.1,30.6,7.8,0.593,37.0,40.3,12.2,0.701,477.9,0.696,0
8.67,50.15,246.72,0.141,0.124,0.66,31.1,89.9,14.0,176.7,0.725,34.9,51.1,31.7,0.706,64.7,0.483,0
89.61,209.44,585.47,0.531,0.405,8.43,931.6,868.1,25.7,164.0,0.179,26.5,93.9,28.9,0.146,48.4,0.669,1
10.88,38.73,197.18,0.192,0.174,0.63,75.3,1041.6,29.8,90.0,0.152,32.4,70.1,28.2,0.171,678.4,0.316,0
23.6,98.04,456.9,0.167,0.136,0.51,32.0,339.3,12.3,347.9,0.124,22.4,47.1,6.4,0.165,570.2,0.2,0
133.78,467.58,1585.05,0.472,0.376,7.2,756.0,993.5,24.3,195.3,0.238,23.8,87.9,34.0,0.327,308.0,0.649,1
5.87,40.72,181.69,0.219,0.194,2.36,267.3,571.4,21.7,54.6,0.444,29.5,58.4,27.3,0.542,832.8,0.768,0
78.45,180.12,879.88,0.472,0.44,3.82,444.2,1111.2,41.4,303.8,0.21,32.8,87.1,7.1,0.211,83.9,0.417,1
22.13,76.54,175.16,0.336,0.255,1.96,191.6,1483.5,15.8,159.8,0.261,26.7,52.2,26.8,0.214,794.7,0.064,0
194.98,448.32,1292.09,0.42,0.327,7.47,669.2,1670.1,43.0,271.9,0.207,33.8,86.0,32.3,0.23,472.2,0.37,1
100.89,248.99,1149.61,0.425,0.34,5.96,288.5,1355.2,40.5,130.3,0.672,30.7,75.2,9.9,0.736,16.9,0.101,1
147.13,374.21,1369.65,0.476,0.445,6.97,540.6,100.2,11.2,26.4,0.667,24.3,78.2,42.7,0.775,73.8,0.747,1
139.88,343.26,1199.67,0.441,0.408,6.7,479.5,2294.5,37.8,356.9,0.401,23.6,79.7,38.7,0.49,165.7,0.096,1
13.6,49.67,217.5,0.163,0.152,1.05,43.8,2066.7,33.0,299.3,0.313,33.8,62.8,5.9,0.326,3031.6,0.167,0
9.03,30.6,164.47,0.275,0.227,0.67,42.2,1510.3,32.2,79.8,0.7,24.0,42.3,12.1,0.724,443.0,0.495,0
18.84,95.69,264.46,0.268,0.213,2.74,272.7,2136.0,34.5,300.8,0.51,22.3,45.1,31.6,0.609,320.6,0.394,0
171.32,617.33,1725.14,0.48,0.378,5.99,385.3,2175.0,15.2,291.4,0.206,32.6,88.8,12.4,0.191,506.1,0.788,1
141.27,449.22,1327.46,0.535,0.495,5.88,251.1,577.1,40.0,288.9,0.627,19.3,80.6,36.2,0.644,264.6,0.795,1
30.2,89.11,375.04,0.223,0.178,2.83,287.4,673.0,39.5,89.3,0.302,22.2,43.9,17.3,0.273,5843.0,0.276,0
191.29,595.28,1811.87,0.392,0.336,6.61,691.4,185.8,12.0,56.6,0.66,35.0,92.0,39.4,0.667,491.0,0.795,1
14.13,60.46,256.54,0.319,0.26,2.88,121.6,1386.7,22.1,184.8,0.448,28.9,44.8,8.0,0.618,3467.8,0.14,0
131.85,413.64,1105.19,0.365,0.31,4.3,459.4,1793.5,25.0,254.0,0.55,28.9,91.2,21.5,0.609,239.7,0.543,1
117.29,261.36,722.66,0.462,0.378,4.05,420.3,287.7,12.9,172.0,0.563,35.2,96.9,42.9,0.598,191.0,0.278,1
19.62,68.28,241.22,0.169,0.137,1.32,118.5,1178.6,19.8,152.0,0.131,34.2,51.5,13.7,0.064,70.2,0.948,0
14.66,67.87,225.6,0.139,0.116,0.83,36.2,2039.3,33.2,166.6,0.579,33.7,66.8,26.7,0.611,2356.5,0.783,0
15.81,73.97,253.44,0.164,0.134,2.15,248.8,1664.6,19.6,343.8,0.25,25.1,44.2,14.7,0.371,1485.0,0.241,0
112.8,411.81,1502.09,0.437,0.401,6.88,330.3,1412.1,35.5,332.8,0.596,22.0,81.3,18.6,0.623,10.7,0.309,1
182.41,380.49,1090.6,0.507,0.439,7.85,765.9,1325.7,31.9,338.1,0.3,28.9,86.8,8.1,0.335,82.8,0.676,1
16.32,80.87,253.39,0.144,0.113,1.19,120.3,932.3,40.1,108.2,0.161,29.1,46.5,5.8,0.157,369.4,0.846,0
16.24,51.04,256.04,0.245,0.195,2.42,279.6,1097.0,26.9,9.4,0.493,18.9,50.0,10.5,0.606,898.8,0.559,0
8.35,35.61,137.63,0.154,0.117,2.8,324.7,734.6,42.2,351.4,0.743,26.4,67.6,16.4,0.806,2944.4,0.611,0
106.07,274.22,1287.37,0.507,0.41,3.89,242.2,1688.2,34.6,23.2,0.116,28.7,81.0,32.1,0.185,134.4,0.193,1
65.75,156.78,755.65,0.378,0.334,7.57,443.3,1612.5,15.0,338.7,0.111,27.7,89.6,31.0,0.073,86.7,0.908,1
9.22,22.12,173.63,0.283,0.223,1.42,103.6,512.3,28.1,180.0,0.219,37.7,55.8,25.3,0.253,164.9,0.792,0
132.1,459.76,1566.06,0.369,0.284,5.2,597.5,677.2,44.0,208.3,0.188,22.2,77.9,22.4,0.106,175.8,0.331,1
197.34,415.17,1708.54,0.409,0.333,6.79,664.5,2466.0,43.8,30.2,0.573,21.1,76.2,24.0,0.635,272.8,0.119,1
61.28,132.5,602.35,0.335,0.292,2.81,317.0,270.2,2.0,331.3,0.492,35.6,64.2,26.4,0.559,2825.5,0.238,0
11.88,48.2,238.53,0.217,0.183,1.62,93.2,1736.8,34.9,54.4,0.154,36.7,57.1,32.5,0.159,5280.7,0.673,0
130.32,348.28,810.74,0.485,0.396,6.36,289.1,1295.9,22.1,317.3,0.176,35.2,83.7,33.8,0.25,872.5,0.525,1
181.68,600.08,1233.48,0.377,0.349,4.78,200.8,204.6,10.1,69.6,0.595,36.0,91.6,40.4,0.634,380.6,0.145,1
3.18,28.53,135.88,0.324,0.274,0.89,40.9,158.0,4.5,67.0,0.238,28.0,45.5,19.6,0.288,1236.8,0.48,0
12.36,49.95,191.84,0.183,0.154,2.0,214.3,2006.1,27.4,53.6,0.195,35.7,64.8,12.9,0.246,2067.5,0.608,0
2.17,20.29,73.37,0.288,0.218,2.67,293.5,1547.4,36.2,56.7,0.136,27.9,56.0,19.7,0.097,132.1,0.587,0
89.54,314.05,1095.53,0.352,0.309,4.1,464.8,121.2,5.7,241.2,0.615,25.8,85.7,24.9,0.747,41.6,0.722,1
19.71,95.67,362.23,0.328,0.276,1.21,87.9,727.1,16.4,0.8,0.712,21.6,65.1,26.9,0.806,6103.6,0.451,0
6.13,32.92,158.72,0.216,0.168,2.87,221.4,654.3,30.6,287.8,0.647,33.3,40.1,38.5,0.711,3111.0,0.628,0
225.4,471.4,1223.93,0.487,0.389,3.74,206.8,1407.5,32.4,262.1,0.109,29.8,85.5,11.1,0.151,369.3,0.454,1
78.82,217.65,553.49,0.522,0.413,6.24,469.9,610.9,26.6,149.6,0.262,25.3,82.2,33.8,0.23,122.0,0.679,1
8.45,59.57,280.52,0.276,0.214,1.32,69.3,1988.8,37.4,299.3,0.625,18.6,62.8,27.1,0.653,376.3,0.914,0
26.77,111.11,412.62,0.235,0.197,1.15,102.9,602.9,20.1,251.1,0.604,31.4,73.5,23.4,0.689,2000.8,0.297,0
109.29,280.71,1086.59,0.428,0.352,6.01,248.2,1132.8,44.7,349.6,0.22,32.0,95.3,40.2,0.184,149.2,0.755,1
19.02,101.06,325.48,0.115,0.094,2.63,195.3,1060.9,25.5,236.9,0.601,19.6,53.4,27.0,0.661,635.6,0.741,0
10.89,45.19,236.14,0.25,0.2,1.32,157.4,188.1,10.6,226.2,0.303,29.4,51.8,38.0,0.459,1246.2,0.502,0
155.53,442.24,1680.04,0.399,0.334,4.18,499.7,980.1,26.8,37.8,0.742,25.7,78.0,36.0,0.866,57.1,0.515,1
5.01,56.32,294.63,0.11,0.094,1.11,113.6,1026.2,40.1,321.1,0.691,31.1,59.2,18.0,0.761,204.4,0.132,0
83.88,240.9,540.8,0.461,0.402,4.69,299.6,372.5,8.9,225.0,0.67,25.0,80.1,30.7,0.673,61.2,0.446,1
194.02,466.59,2028.66,0.458,0.363,3.7,207.0,2213.7,28.7,170.4,0.404,32.6,85.6,20.1,0.48,945.7,0.902,1
1.33,17.59,98.52,0.129,0.116,0.82,35.2,939.8,23.0,3.4,0.445,20.6,60.3,21.3,0.496,2869.7,0.73,0
9.09,45.12,153.63,0.292,0.221,2.43,178.8,2121.9,16.3,180.4,0.544,23.3,66.1,40.6,0.636,230.3,0.329,0
188.22,559.45,2219.79,0.415,0.373,5.67,436.0,1459.7,26.0,210.5,0.209,31.2,93.2,18.5,0.236,480.5,0.201,1
127.39,365.94,1201.77,0.422,0.34,4.31,200.0,34.2,5.8,256.2,0.462,34.2,75.4,41.6,0.525,266.5,0.218,1
62.78,240.61,577.01,0.417,0.344,6.16,674.6,1709.5,44.1,61.0,0.598,33.3,76.8,38.4,0.656,539.0,0.168,1
133.79,383.27,1567.65,0.476,0.412,8.27,760.6,1016.6,19.2,34.6,0.135,27.0,97.4,43.9,0.231,51.4,0.884,1
12.99,60.09,248.08,0.212,0.185,0.81,57.2,1832.4,44.5,205.7,0.246,24.0,67.6,11.2,0.28,115.8,0.655,0
80.19,186.34,806.67,0.456,0.38,3.85,417.0,1726.6,28.8,303.1,0.641,26.4,95.2,8.8,0.719,76.0,0.755,1
2.42,28.38,157.73,0.301,0.282,0.55,40.0,1849.9,20.0,230.7,0.367,26.9,54.2,6.4,0.389,1551.0,0.176,0
6.44,36.29,129.79,0.343,0.316,2.25,242.4,1732.7,23.0,275.6,0.203,20.3,63.5,42.3,0.153,984.6,0.664,0
5.04,39.85,193.69,0.265,0.211,2.49,198.7,61.1,13.9,129.5,0.291,22.2,46.5,5.0,0.4,567.1,0.777,0
1.93,15.89,70.43,0.287,0.249,2.22,202.0,2412.9,35.4,72.0,0.568,22.3,59.8,5.3,0.605,1316.6,0.117,0
167.07,410.91,1396.55,0.493,0.441,6.23,303.6,1164.3,36.4,95.2,0.504,23.4,93.6,14.4,0.583,184.1,0.632,1
8.84,37.02,102.17,0.241,0.191,2.66,161.2,2229.2,21.5,74.7,0.489,28.0,61.0,29.8,0.598,392.0,0.723,0
3.84,27.69,170.94,0.116,0.088,2.26,207.9,420.5,3.1,328.1,0.364,22.9,40.7,8.3,0.394,470.9,0.25,0
6.98,53.61,254.9,0.139,0.131,1.38,100.3,899.3,42.4,334.2,0.575,35.6,53.8,23.7,0.708,1562.7,0.216,0
142.8,455.23,2099.21,0.469,0.442,6.76,342.3,2435.0,28.6,207.9,0.59,36.3,91.5,25.4,0.618,218.5,0.501,1
105.01,267.76,794.75,0.512,0.417,8.08,422.7,2189.0,25.8,231.4,0.571,37.7,77.7,29.8,0.531,198.5,0.614,1
9.1,43.75,122.91,0.119,0.095,1.66,160.2,1995.9,33.8,317.7,0.619,21.3,74.3,25.6,0.643,1286.7,0.293,0
7.71,28.79,151.24,0.236,0.184,1.18,112.0,732.6,31.5,113.9,0.28,32.5,57.7,45.0,0.325,2871.7,0.654,0
9.6,27.79,89.13,0.103,0.092,1.23,120.6,1766.0,41.8,95.5,0.692,35.6,46.3,36.0,0.766,3499.2,0.789,0
70.24,240.75,789.13,0.357,0.322,5.82,568.4,610.4,19.8,322.3,0.321,19.3,89.2,13.4,0.378,73.0,0.935,1
187.63,621.33,2731.8,0.508,0.424,4.29,501.5,1681.7,28.5,67.7,0.28,34.4,90.4,10.7,0.284,132.8,0.688,1
169.33,569.65,1465.2,0.375,0.299,4.1,481.9,2418.2,21.0,359.5,0.528,29.8,88.1,8.1,0.462,434.4,0.817,1
213.75,560.44,1849.7,0.436,0.366,8.27,617.7,881.2,18.2,287.0,0.726,24.0,77.1,13.6,0.81,808.0,0.254,1
24.9,73.47,273.64,0.333,0.284,1.52,154.9,1226.0,23.6,318.4,0.267,29.7,41.9,5.2,0.312,885.6,0.24,0
160.11,332.46,922.95,0.534,0.458,6.92,684.6,1005.0,17.0,94.9,0.223,28.7,97.7,11.6,0.263,1724.6,0.911,1
131.06,404.25,1200.9,0.416,0.349,6.56,353.3,258.3,14.1,306.2,0.133,33.2,93.8,29.8,0.131,513.4,0.697,1
11.33,83.09,421.11,0.184,0.138,1.49,152.3,2378.0,40.5,129.7,0.405,22.0,67.0,11.3,0.454,1381.4,0.154,0
5.32,52.66,212.93,0.127,0.107,2.95,316.7,973.6,24.1,154.0,0.688,22.2,48.1,21.8,0.76,1199.3,0.432,0
101.79,249.6,942.87,0.487,0.399,5.87,252.3,2402.1,34.0,232.8,0.685,19.7,75.0,37.4,0.757,86.4,0.555,1
208.43,513.96,1255.43,0.495,0.426,7.92,649.1,1803.2,18.9,344.6,0.602,29.7,86.4,40.3,0.697,548.8,0.254,1
37.21,99.02,435.55,0.253,0.193,2.54,152.1,560.9,22.0,194.2,0.263,32.5,44.3,9.5,0.213,268.5,0.349,0
221.67,726.87,2003.65,0.398,0.368,7.08,811.8,1522.6,35.3,218.2,0.417,27.9,85.5,31.4,0.446,461.9,0.525,1
88.58,217.57,618.75,0.415,0.384,6.9,322.6,236.5,5.6,324.5,0.175,29.0,91.9,17.1,0.218,17.2,0.603,1
6.21,26.6,120.82,0.14,0.12,1.17,108.6,497.1,12.8,83.0,0.476,24.0,61.6,26.3,0.485,310.3,0.111,0
21.42,103.71,254.86,0.266,0.239,1.73,159.1,274.9,10.5,173.0,0.726,27.0,44.5,7.3,0.79,163.4,0.218,0
10.45,56.24,307.42,0.193,0.162,2.17,107.6,171.4,9.7,316.1,0.588,35.3,47.2,26.0,0.579,633.4,0.493,0
123.1,241.53,749.11,0.478,0.415,4.67,472.6,1550.5,32.9,298.6,0.386,35.2,92.4,34.7,0.341,186.1,0.177,1
28.17,78.15,376.57,0.198,0.173,0.92,56.5,681.2,27.8,21.4,0.528,34.6,59.0,6.4,0.486,800.9,0.154,0
2.12,45.03,275.02,0.299,0.245,0.92,87.6,1895.1,44.6,20.4,0.474,20.5,43.0,39.8,0.527,3808.1,0.367,0
43.97,133.52,403.25,0.393,0.371,4.61,276.8,846.0,23.2,311.4,0.527,37.5,91.9,33.1,0.548,267.9,0.398,1
88.94,280.08,1249.19,0.445,0.388,7.95,567.8,2177.6,29.0,93.0,0.138,19.7,94.0,34.7,0.16,52.3,0.458,1
23.12,68.08,291.42,0.186,0.176,1.07,70.9,1109.5,35.2,126.8,0.511,37.4,40.7,20.1,0.631,211.9,0.326,0
31.5,130.19,494.0,0.268,0.225,2.22,195.9,884.9,15.0,244.1,0.47,31.8,58.0,23.7,0.501,841.3,0.391,0
12.97,59.64,292.41,0.344,0.26,0.65,58.5,111.3,1.4,238.7,0.743,36.0,45.8,21.5,0.837,6031.3,0.435,0
86.4,317.72,775.92,0.379,0.307,5.11,417.7,1828.7,26.8,253.5,0.146,32.4,86.2,33.6,0.094,296.9,0.69,1
158.61,400.07,1105.04,0.378,0.333,6.33,328.9,2441.2,15.3,31.5,0.341,33.7,77.5,11.7,0.319,17.5,0.691,1
22.84,81.93,222.43,0.117,0.109,1.46,133.9,658.7,15.8,216.0,0.651,36.3,68.6,8.4,0.597,53.2,0.196,0
139.82,300.54,1358.8,0.516,0.45,8.42,498.1,1639.5,44.7,173.0,0.365,36.4,95.4,31.0,0.329,9.0,0.311,1
249.35,850.83,1945.14,0.358,0.302,5.22,387.6,1689.7,18.3,289.9,0.744,23.2,93.9,38.2,0.776,215.4,0.46,1
50.95,123.62,633.22,0.384,0.294,6.77,804.1,1107.0,22.1,55.4,0.149,38.0,95.8,12.8,0.144,127.5,0.376,1
159.39,325.78,800.95,0.54,0.42,6.95,747.8,864.2,19.2,253.2,0.116,29.6,80.7,33.8,0.094,1186.3,0.127,1
12.79,51.3,241.54,0.14,0.107,1.72,106.7,140.0,10.7,274.8,0.578,36.2,54.0,17.6,0.619,232.5,0.83,0
9.97,30.86,173.53,0.188,0.168,1.35,77.4,2374.3,37.1,355.5,0.718,24.2,52.1,17.8,0.807,39.5,0.901,0
138.24,473.34,2129.16,0.401,0.367,7.42,633.7,1279.9,17.3,220.7,0.135,25.4,95.4,11.9,0.109,62.0,0.725,1
164.16,538.94,1510.76,0.497,0.389,7.34,344.8,771.9,32.6,93.1,0.553,23.0,78.8,32.0,0.598,316.9,0.942,1
95.18,271.99,826.91,0.533,0.435,8.3,650.3,2205.1,25.6,304.9,0.391,35.8,96.5,27.2,0.439,12.7,0.572,1
7.65,43.64,232.58,0.333,0.281,2.3,176.1,353.6,11.2,286.7,0.427,31.5,61.4,26.6,0.437,1214.2,0.787,0
166.09,338.45,1558.61,0.395,0.307,4.58,547.0,1753.6,23.0,13.0,0.56,19.1,82.4,9.8,0.595,102.0,0.185,1
94.8,343.08,780.81,0.438,0.365,6.77,288.1,301.9,9.7,272.6,0.246,24.3,96.1,15.7,0.291,219.1,0.57,1
23.53,69.05,285.58,0.129,0.122,0.79,86.8,1828.0,28.6,248.5,0.438,20.1,63.6,21.5,0.566,2125.0,0.172,0
52.83,159.54,443.23,0.134,0.12,2.02,231.8,1510.5,19.8,86.5,0.538,26.0,66.2,30.1,0.622,2364.0,0.764,0
134.55,296.93,1156.56,0.416,0.326,4.21,386.9,1429.7,38.8,212.3,0.213,35.3,86.4,27.8,0.173,13.0,0.172,1
169.69,334.88,1348.52,0.363,0.28,8.25,686.2,1411.7,37.6,189.4,0.355,26.4,82.4,25.5,0.351,7.9,0.516,1
10.73,40.11,220.44,0.225,0.189,2.68,138.1,1099.0,29.5,95.7,0.407,18.9,47.8,32.9,0.391,408.5,0.788,0
207.33,443.43,1429.75,0.394,0.373,6.36,602.1,2240.5,36.7,167.1,0.144,24.5,97.3,42.5,0.18,7.5,0.778,1
8.53,61.34,214.56,0.251,0.228,2.96,294.8,101.9,2.0,69.8,0.742,32.3,41.3,41.7,0.856,350.5,0.394,0
12.25,45.85,199.54,0.178,0.144,1.91,182.2,2193.7,19.9,57.2,0.102,27.6,71.0,27.4,0.024,1053.5,0.302,0
182.14,387.41,1580.73,0.401,0.303,7.52,348.7,1069.0,45.0,338.2,0.17,32.8,86.1,30.2,0.183,585.9,0.703,1
71.91,277.86,1272.47,0.517,0.431,8.17,841.0,828.9,38.2,206.6,0.534,32.9,87.8,17.0,0.56,867.0,0.273,1
188.97,658.32,2131.99,0.447,0.35,7.44,433.4,1493.8,35.0,292.0,0.131,34.2,85.7,18.1,0.116,171.7,0.372,1
139.1,523.82,1434.42,0.544,0.428,5.19,316.8,549.2,39.9,121.9,0.71,34.0,96.9,17.1,0.768,1496.7,0.572,1
9.27,33.26,89.9,0.194,0.151,0.84,59.6,1119.3,42.8,121.9,0.727,31.5,59.5,21.2,0.784,155.2,0.081,0
118.68,386.81,1634.09,0.372,0.333,4.28,397.7,1571.5,32.3,180.1,0.411,29.7,75.9,8.9,0.414,442.8,0.398,1
17.08,61.31,252.82,0.215,0.163,1.04,88.7,940.8,32.7,308.0,0.479,19.7,58.2,22.5,0.545,3129.1,0.777,0
16.13,65.87,296.21,0.266,0.23,0.54,52.2,802.1,15.7,341.7,0.673,21.8,40.7,10.2,0.701,1530.5,0.233,0
12.73,48.78,175.94,0.326,0.293,1.99,184.9,1478.4,27.4,17.2,0.249,35.1,57.3,38.2,0.256,442.0,0.703,0
24.35,65.71,185.8,0.291,0.227,1.26,121.3,1567.3,30.3,168.2,0.372,34.7,66.6,26.7,0.386,48.2,0.747,0
1.91,24.74,155.89,0.12,0.111,2.88,184.1,789.3,22.0,315.2,0.676,28.7,73.9,35.0,0.807,553.9,0.105,0
21.33,84.78,394.34,0.141,0.108,2.08,197.3,1625.0,25.8,197.1,0.333,34.1,61.5,13.7,0.347,5070.0,0.129,0
9.99,48.7,208.84,0.111,0.099,2.41,249.9,2109.9,26.0,162.2,0.703,23.7,64.7,19.0,0.872,642.5,0.696,0
18.73,60.68,257.67,0.13,0.102,1.58,70.4,291.9,8.2,54.4,0.545,18.5,71.7,8.1,0.628,321.3,0.652,0
117.57,251.93,1163.42,0.363,0.331,4.63,533.8,2347.9,43.7,159.6,0.582,25.6,76.9,39.7,0.561,230.0,0.862,1
9.14,29.51,102.38,0.155,0.134,2.42,106.0,177.6,9.5,266.3,0.526,35.0,69.2,30.4,0.525,2017.7,0.461,0
57.89,198.06,832.71,0.262,0.227,1.67,167.5,1315.6,24.4,244.3,0.59,18.9,65.3,21.1,0.61,2928.1,0.747,0
89.46,247.04,572.21,0.531,0.435,3.62,331.8,2257.8,24.1,158.0,0.657,20.1,95.2,44.2,0.795,526.0,0.745,1
92.32,246.17,1049.87,0.516,0.416,6.83,447.1,646.9,40.4,276.1,0.714,25.2,82.9,12.8,0.842,45.9,0.543,1
41.17,108.78,431.03,0.474,0.399,6.28,491.0,1744.8,34.3,213.8,0.231,25.0,89.5,18.2,0.346,11.0,0.19,1
27.04,95.24,338.48,0.342,0.309,1.22,138.4,114.5,4.7,98.9,0.735,28.5,43.9,25.7,0.809,677.9,0.86,0
113.41,412.21,1613.45,0.441,0.345,7.62,825.6,1206.5,34.3,49.9,0.633,28.3,78.9,32.0,0.677,125.2,0.509,1
20.23,76.32,198.65,0.273,0.25,1.1,76.3,1568.7,42.4,240.2,0.438,18.7,44.6,27.1,0.433,2885.1,0.105,0
13.45,40.77,144.27,0.14,0.118,2.44,173.3,1353.3,27.1,63.1,0.368,28.9,54.3,38.3,0.452,923.6,0.366,0
21.56,66.52,244.9,0.156,0.131,2.39,136.9,452.8,1.9,76.1,0.375,20.3,71.7,14.0,0.357,222.5,0.214,0
148.13,359.24,1328.31,0.456,0.344,4.75,350.5,63.4,4.2,100.3,0.493,32.1,95.3,42.4,0.558,172.7,0.826,1
25.66,99.81,304.85,0.207,0.16,2.33,215.1,1126.3,35.1,341.5,0.556,36.8,49.7,29.1,0.593,1615.8,0.298,0
33.77,101.65,370.39,0.243,0.203,1.4,106.7,459.5,1.9,244.8,0.547,37.9,72.5,21.1,0.643,620.3,0.764,0
40.11,106.58,336.79,0.271,0.256,2.7,264.1,920.0,30.7,333.8,0.25,26.9,42.4,29.6,0.265,1226.7,0.891,0
93.06,328.12,1213.6,0.399,0.319,6.91,722.0,2103.1,37.1,88.2,0.461,31.0,87.6,11.2,0.542,717.5,0.911,1
55.8,177.55,864.75,0.484,0.364,4.96,325.2,1376.7,31.9,221.7,0.449,28.7,76.3,25.3,0.49,77.6,0.314,1
9.77,58.31,189.11,0.115,0.096,1.43,132.8,213.5,6.8,242.4,0.232,21.5,51.7,24.0,0.246,2300.6,0.649,0
39.86,93.29,286.2,0.529,0.398,4.56,380.4,1796.2,16.1,342.2,0.359,27.5,83.4,7.8,0.424,367.4,0.525,1
153.3,352.75,1289.95,0.515,0.421,7.06,340.4,1130.5,27.0,168.1,0.486,36.9,82.4,30.6,0.6,952.4,0.923,1
195.91,606.03,1956.3,0.54,0.443,4.67,295.3,111.0,8.6,231.4,0.684,28.4,88.4,24.0,0.785,568.6,0.735,1
37.69,146.6,589.44,0.205,0.154,2.15,107.0,1807.0,37.9,315.9,0.325,34.1,63.2,40.5,0.411,677.2,0.094,0
126.71,372.15,1070.92,0.352,0.319,6.12,638.1,2215.5,29.5,51.0,0.265,29.6,85.4,40.6,0.222,183.5,0.842,1
4.23,44.61,236.4,0.124,0.116,2.18,209.4,1869.0,36.3,327.9,0.161,27.8,49.4,15.7,0.212,4608.5,0.859,0
77.99,212.2,639.42,0.465,0.442,6.64,692.7,2445.5,15.8,118.2,0.494,19.4,84.1,33.0,0.574,117.3,0.278,1
8.8,61.01,215.55,0.196,0.167,1.56,142.3,401.9,1.2,154.5,0.583,36.8,46.7,44.3,0.65,663.3,0.78,0
1.56,23.59,117.75,0.199,0.161,2.03,165.4,1415.8,42.1,181.6,0.229,20.7,42.3,13.9,0.219,4040.4,0.943,0
5.14,17.76,140.62,0.161,0.144,1.66,129.5,240.0,12.9,258.3,0.501,32.5,52.4,14.0,0.574,354.4,0.458,0
88.12,232.39,728.72,0.39,0.35,6.28,419.9,2439.5,43.6,56.7,0.729,24.0,93.8,7.4,0.869,184.3,0.687,1
21.86,93.72,380.86,0.102,0.084,1.2,132.5,545.5,22.9,246.7,0.548,24.3,58.4,32.1,0.595,1074.5,0.667,0
63.82,218.39,585.52,0.368,0.317,4.73,365.4,2355.6,40.0,34.3,0.49,28.3,87.6,34.8,0.524,180.0,0.274,1
10.8,35.11,172.05,0.218,0.199,0.57,32.6,1150.5,15.6,137.9,0.141,27.3,49.6,33.9,0.125,928.0,0.398,0
170.25,395.24,1071.24,0.525,0.414,5.91,589.9,1985.9,15.1,222.7,0.741,19.7,83.7,40.1,0.939,413.9,0.225,1
90.78,249.44,650.07,0.525,0.396,5.14,344.1,2387.0,19.1,50.6,0.404,21.3,93.6,9.1,0.451,138.1,0.287,1
127.14,268.99,1215.82,0.508,0.436,5.66,327.6,589.8,22.8,240.4,0.426,36.5,89.4,26.0,0.421,142.9,0.415,1
162.45,558.61,1758.1,0.477,0.421,5.35,552.8,2041.3,16.3,343.6,0.618,26.5,75.1,34.6,0.658,478.4,0.273,1
319.6,691.43,2479.61,0.361,0.312,8.39,636.1,2224.6,21.3,344.4,0.402,25.7,93.9,12.3,0.406,466.5,0.783,1
22.58,65.23,277.91,0.324,0.282,2.36,132.8,1383.5,41.2,210.9,0.429,28.2,44.9,25.7,0.449,859.4,0.185,0
86.46,278.95,1056.74,0.499,0.414,5.57,522.7,1688.9,42.5,186.8,0.635,22.6,94.7,42.1,0.733,252.7,0.49,1
15.88,63.99,269.96,0.201,0.177,1.84,193.5,1113.8,18.6,156.8,0.239,19.8,73.3,9.1,0.366,3099.4,0.576,0
75.84,247.15,785.62,0.473,0.359,4.36,313.8,1069.0,24.5,164.1,0.226,35.9,91.3,18.9,0.246,553.1,0.406,1
195.69,498.17,2167.05,0.446,0.348,5.0,293.0,407.0,1.7,204.3,0.298,20.7,91.0,24.9,0.266,1396.7,0.631,1
13.07,49.15,159.18,0.343,0.288,0.82,34.6,1725.5,34.8,156.5,0.453,30.7,57.0,34.7,0.416,1585.6,0.648,0
22.15,99.36,456.69,0.195,0.183,2.95,323.4,425.6,13.0,153.5,0.509,32.0,74.0,43.7,0.586,132.4,0.8,0
8.61,51.25,284.1,0.124,0.109,2.82,213.8,463.0,2.6,103.8,0.623,18.2,59.4,12.3,0.703,25.5,0.492,0
138.54,453.23,1596.22,0.535,0.439,7.36,817.7,1261.8,27.8,244.0,0.329,32.7,88.2,29.9,0.345,479.2,0.089,1
70.93,165.86,507.82,0.508,0.427,3.86,371.6,1150.8,28.2,314.3,0.238,37.7,93.5,24.2,0.224,288.1,0.888,1
89.66,302.09,748.16,0.424,0.39,5.07,403.5,1627.2,17.6,12.1,0.368,35.0,77.7,19.0,0.32,182.7,0.153,1
145.37,420.7,1319.49,0.547,0.469,5.26,504.7,1310.2,30.8,347.0,0.213,26.0,94.8,11.6,0.233,221.4,0.185,1
128.71,438.5,1799.12,0.423,0.321,6.96,451.7,795.0,32.6,260.8,0.276,18.3,88.9,24.5,0.309,975.4,0.78,1
26.51,74.31,331.73,0.102,0.085,0.79,44.3,154.1,9.7,3.4,0.144,36.2,65.7,22.1,0.082,1257.9,0.351,0
4.51,18.38,108.64,0.258,0.214,2.68,139.4,1476.1,41.6,36.0,0.148,34.6,65.8,25.8,0.108,334.4,0.103,0
134.81,425.7,1961.33,0.508,0.472,3.98,450.8,1227.4,18.3,336.0,0.236,36.8,95.4,25.9,0.291,101.6,0.128,1
221.07,656.09,2925.97,0.502,0.407,6.17,613.8,211.4,4.9,241.5,0.316,37.7,96.0,30.0,0.286,455.9,0.601,1
173.12,454.0,1447.41,0.365,0.279,7.13,819.6,1750.7,26.3,21.8,0.713,22.6,89.6,43.7,0.745,146.1,0.663,1
4.53,37.47,106.56,0.286,0.235,2.09,211.5,644.6,33.3,121.5,0.416,23.5,41.1,13.4,0.489,286.4,0.086,0
8.41,49.43,241.72,0.25,0.19,1.91,135.3,95.4,7.5,318.3,0.182,25.7,54.8,17.8,0.283,1638.5,0.219,0
39.6,126.5,569.79,0.276,0.253,2.81,322.9,37.5,4.9,308.1,0.221,19.7,68.4,16.0,0.268,123.0,0.873,0
14.95,74.59,276.97,0.292,0.254,1.71,148.7,1353.8,21.4,68.6,0.268,37.3,61.5,6.6,0.327,2113.7,0.918,0
20.82,55.87,222.09,0.232,0.196,1.67,191.4,2321.6,22.2,152.4,0.688,32.9,41.2,19.5,0.763,3146.1,0.596,0
245.36,587.01,2304.89,0.386,0.318,8.33,474.5,2120.9,41.7,270.9,0.337,18.9,91.1,36.4,0.32,273.4,0.648,1
15.02,68.75,317.89,0.131,0.11,2.13,148.7,263.1,8.9,247.1,0.707,31.6,63.5,12.5,0.787,937.1,0.946,0
107.23,248.47,1154.81,0.437,0.396,7.89,552.2,802.5,34.6,35.9,0.154,20.7,83.0,18.8,0.179,446.8,0.129,1
11.59,57.39,257.83,0.238,0.187,2.17,87.8,789.6,26.3,214.3,0.661,33.7,64.5,32.3,0.801,2449.1,0.538,0
126.06,379.92,1749.56,0.423,0.323,6.16,587.0,2133.0,26.3,9.1,0.396,31.2,78.2,41.2,0.413,21.4,0.728,1
23.38,77.93,259.04,0.139,0.12,1.03,115.0,2002.4,19.3,130.1,0.681,29.1,60.8,40.2,0.768,228.4,0.251,0
8.83,54.25,295.09,0.289,0.267,1.99,225.5,2414.4,41.6,186.4,0.584,24.7,58.9,18.3,0.681,6189.1,0.904,0
8.08,21.78,123.01,0.16,0.138,2.32,240.4,1306.4,39.8,15.5,0.27,32.0,69.9,9.8,0.283,447.4,0.636,0
179.62,594.22,2467.95,0.384,0.349,4.14,249.7,44.6,11.5,303.9,0.353,23.8,96.4,7.6,0.341,233.7,0.241,1
149.23,410.94,1815.83,0.5,0.464,6.8,481.2,2256.4,16.2,148.8,0.563,18.4,79.5,7.5,0.631,505.6,0.845,1
9.42,41.34,224.41,0.208,0.159,1.01,67.3,98.9,1.3,146.0,0.252,36.3,71.9,27.7,0.279,238.5,0.136,0
2.06,21.28,115.85,0.187,0.162,1.94,147.6,2080.9,20.7,39.5,0.543,20.2,50.6,41.6,0.57,832.3,0.937,0
116.38,378.14,1672.41,0.443,0.406,4.67,357.5,1301.7,31.1,171.0,0.469,33.6,83.5,39.6,0.49,70.0,0.201,1
21.44,86.67,277.34,0.279,0.245,1.37,152.7,2414.6,19.7,31.2,0.321,25.4,71.8,37.2,0.449,1362.8,0.702,0
27.12,70.39,274.15,0.259,0.225,1.36,65.6,614.3,28.0,54.6,0.548,27.1,56.5,32.6,0.561,4390.2,0.304,0
172.1,563.58,2448.06,0.521,0.473,8.33,837.4,1286.5,20.8,300.6,0.703,23.1,91.5,23.4,0.772,195.8,0.108,1
84.12,301.09,1158.94,0.381,0.34,8.18,703.5,43.7,9.9,245.7,0.689,20.7,82.4,17.8,0.821,105.6,0.459,1
13.0,35.17,212.89,0.142,0.121,2.63,250.0,1506.1,24.0,214.6,0.449,19.0,57.9,28.7,0.435,44.8,0.914,0
11.68,61.4,243.68,0.271,0.205,1.63,182.1,178.1,9.9,182.7,0.572,18.3,51.5,22.1,0.558,2720.8,0.28,0
119.04,410.44,1664.41,0.475,0.415,4.99,575.0,172.7,11.9,170.2,0.355,29.6,97.0,29.7,0.367,44.2,0.36,1
19.44,79.76,239.04,0.348,0.276,2.35,95.9,1824.4,19.6,342.5,0.252,35.9,56.8,12.9,0.22,384.2,0.937,0
27.67,69.09,265.56,0.271,0.217,1.64,177.7,471.2,9.9,356.8,0.524,22.5,40.9,37.6,0.575,1883.4,0.565,0
68.29,177.88,773.68,0.363,0.322,5.82,317.4,2444.9,44.2,138.6,0.282,19.6,97.9,25.4,0.393,1297.2,0.687,1
92.03,338.17,1036.86,0.36,0.303,4.43,232.0,996.9,38.5,4.9,0.281,28.6,89.6,28.8,0.222,13.9,0.194,1
18.27,55.05,224.01,0.229,0.204,1.03,116.5,1213.7,26.0,327.6,0.576,28.0,66.7,36.9,0.646,1515.2,0.522,0
139.2,408.43,1853.25,0.53,0.439,3.55,409.3,793.6,37.7,115.3,0.672,32.7,91.9,14.9,0.728,531.5,0.694,1
115.37,323.37,1162.79,0.376,0.348,5.39,386.5,703.3,16.9,332.5,0.434,21.9,78.9,19.4,0.45,246.5,0.114,1
15.65,55.41,204.42,0.149,0.124,1.4,63.0,2186.9,25.6,191.9,0.129,35.2,72.2,10.1,0.134,42.6,0.688,0
254.55,627.91,2056.0,0.547,0.464,5.69,597.8,2234.0,26.9,347.2,0.564,19.3,96.9,23.0,0.628,691.6,0.104,1
2.35,18.15,117.91,0.3,0.232,0.91,97.7,529.7,15.4,184.5,0.59,28.4,49.8,31.4,0.638,4186.8,0.204,0
12.6,40.55,255.19,0.145,0.124,1.64,93.3,108.3,3.2,155.1,0.709,30.9,53.0,22.2,0.82,4279.5,0.469,0
56.83,177.28,710.42,0.46,0.367,6.26,743.1,701.0,28.9,332.0,0.457,22.7,84.8,33.6,0.467,63.0,0.668,1
34.16,80.31,322.24,0.29,0.262,2.5,256.6,2063.7,44.6,259.1,0.476,19.1,42.4,34.7,0.555,1538.7,0.309,0
15.17,59.85,223.27,0.273,0.243,1.22,92.6,1249.9,23.4,303.1,0.564,19.8,66.7,5.1,0.592,1259.7,0.063,0
3.0,35.75,200.29,0.221,0.167,2.43,185.6,1974.0,44.4,27.2,0.429,35.6,56.7,28.4,0.456,728.9,0.882,0
6.33,50.84,180.33,0.113,0.096,1.88,126.6,2084.4,33.4,220.8,0.234,18.0,72.4,43.6,0.349,2841.8,0.303,0
133.6,406.82,1208.39,0.436,0.331,7.12,707.6,2050.2,27.5,240.4,0.629,23.4,94.6,33.1,0.679,470.1,0.483,1
209.96,628.66,2028.82,0.44,0.38,3.5,313.4,1460.9,40.0,47.9,0.512,37.6,85.5,24.0,0.541,36.5,0.109,1
141.36,459.24,1279.33,0.482,0.448,3.92,401.2,434.7,7.0,108.0,0.284,25.6,80.2,23.0,0.314,176.3,0.667,1
7.14,44.92,241.03,0.126,0.116,2.89,239.5,1582.7,39.8,320.9,0.729,20.4,73.5,12.7,0.866,268.5,0.764,0
34.89,124.16,492.52,0.302,0.241,1.22,53.9,765.6,30.2,82.6,0.639,19.1,74.0,40.5,0.805,3207.7,0.464,0
19.13,55.55,208.95,0.231,0.18,2.93,322.8,1913.0,27.6,280.4,0.326,36.7,60.7,44.6,0.38,2292.1,0.193,0
6.95,33.71,154.56,0.266,0.241,1.89,143.9,519.7,33.2,9.1,0.11,35.6,47.1,12.3,0.174,1553.5,0.16,0
11.29,40.36,142.61,0.286,0.246,1.64,160.8,1619.1,37.7,65.3,0.723,19.7,42.9,9.4,0.872,1496.1,0.901,0
114.95,392.87,1330.93,0.359,0.3,3.88,233.3,223.5,8.3,18.6,0.168,29.7,90.8,17.1,0.157,116.9,0.703,1
31.95,130.31,487.6,0.358,0.326,4.19,253.9,2007.0,27.1,146.5,0.314,30.4,97.0,17.9,0.39,186.7,0.4,1
50.17,150.51,496.49,0.46,0.368,6.93,479.5,793.7,20.1,73.1,0.22,32.0,81.3,34.9,0.298,52.0,0.231,1
42.76,115.33,537.65,0.142,0.113,0.81,54.9,2431.9,43.5,93.7,0.682,20.8,68.2,14.0,0.765,406.4,0.63,0
88.89,192.07,878.04,0.546,0.476,4.18,260.3,1155.5,44.2,182.2,0.318,21.6,79.1,27.4,0.366,89.4,0.661,1
16.56,80.93,262.58,0.338,0.272,0.61,39.8,650.4,42.3,186.6,0.278,36.8,46.6,15.7,0.346,498.2,0.748,0
15.51,60.07,216.61,0.121,0.101,2.95,151.0,322.8,3.1,76.6,0.394,30.7,59.9,35.7,0.447,632.4,0.528,0
108.09,313.57,1291.02,0.451,0.38,6.61,271.3,2467.3,37.7,306.3,0.747,25.0,92.0,19.6,0.77,24.7,0.263,1
120.11,281.81,962.78,0.457,0.362,5.48,647.7,1005.3,42.7,120.8,0.439,35.1,94.9,19.2,0.452,47.7,0.886,1
11.3,64.17,209.99,0.138,0.106,2.11,97.0,1671.1,41.1,136.4,0.119,28.5,58.4,6.4,0.125,1517.1,0.578,0
17.08,76.3,240.63,0.119,0.108,2.56,174.7,809.4,31.1,322.6,0.508,20.2,69.1,7.8,0.626,768.9,0.053,0
27.7,63.4,223.23,0.14,0.127,1.4,149.1,572.5,19.5,154.9,0.457,33.2,40.2,34.0,0.508,72.3,0.402,0
159.89,492.04,1071.58,0.519,0.451,6.64,267.9,1432.7,42.3,77.8,0.15,34.8,85.5,28.0,0.085,182.6,0.244,1
25.76,118.84,594.24,0.249,0.194,0.93,95.5,995.3,39.6,30.9,0.651,19.0,68.7,11.2,0.718,677.1,0.44,0
127.16,384.77,1241.11,0.396,0.335,3.69,271.3,1207.8,27.0,239.8,0.157,20.3,81.4,43.2,0.09,79.8,0.717,1
20.76,72.71,226.35,0.226,0.178,1.17,66.6,1766.5,28.9,69.0,0.14,22.5,74.6,26.0,0.125,2186.0,0.326,0
14.04,78.37,246.06,0.102,0.094,2.7,140.6,713.4,44.7,286.8,0.582,20.9,74.3,11.9,0.563,1500.6,0.122,0
9.35,57.6,233.25,0.251,0.223,0.57,61.4,394.0,11.5,321.6,0.411,32.1,73.6,21.0,0.455,1853.5,0.725,0
130.83,306.34,1102.44,0.449,0.34,8.41,529.5,1348.4,20.1,183.1,0.136,19.8,91.9,25.2,0.199,464.8,0.848,1
65.37,197.29,785.63,0.261,0.196,1.04,81.1,299.0,5.0,210.3,0.45,19.9,58.8,10.1,0.455,79.8,0.121,0
216.74,694.88,1976.54,0.447,0.423,6.71,460.6,1693.0,16.9,26.9,0.356,37.9,86.0,24.9,0.358,461.1,0.821,1
216.61,732.6,3272.31,0.378,0.287,4.19,458.9,1482.2,32.6,237.3,0.579,28.9,84.9,8.4,0.689,153.8,0.886,1
352.76,1143.68,4514.27,0.544,0.502,7.61,391.5,593.5,15.8,328.8,0.129,25.8,82.6,19.0,0.134,323.9,0.792,1
158.95,327.35,1370.34,0.465,0.438,6.41,760.7,680.7,39.5,0.3,0.329,24.8,91.3,30.9,0.333,319.6,0.082,1
97.91,322.56,962.84,0.407,0.331,5.86,243.4,473.7,3.9,77.7,0.418,27.2,92.6,36.0,0.49,268.3,0.31,1
160.61,474.76,1441.51,0.493,0.423,5.8,324.5,2230.2,25.3,118.8,0.459,23.2,81.0,16.4,0.519,279.0,0.297,1
76.6,229.0,804.33,0.526,0.463,6.85,533.7,802.7,37.8,294.6,0.559,36.6,97.8,26.3,0.578,146.0,0.427,1
22.6,67.87,260.0,0.242,0.207,2.11,114.0,2277.6,18.2,38.8,0.342,36.7,74.6,18.9,0.403,2511.3,0.232,0
17.27,41.78,166.08,0.322,0.255,2.1,125.7,65.9,7.5,159.1,0.241,37.3,40.1,44.9,0.165,560.6,0.884,0
11.03,24.37,184.01,0.315,0.273,1.41,167.7,987.7,26.1,66.8,0.371,36.3,56.7,36.7,0.406,796.1,0.23,0
4.26,22.74,157.92,0.275,0.22,0.79,69.9,2263.3,18.0,328.5,0.284,36.7,69.2,37.6,0.29,459.9,0.397,0
27.68,65.23,241.47,0.191,0.149,1.58,69.0,1794.2,23.9,75.4,0.563,26.9,52.9,41.3,0.58,421.4,0.536,0
211.57,602.42,2634.31,0.467,0.397,4.47,349.0,160.8,2.1,112.2,0.131,23.6,97.0,29.8,0.078,780.1,0.265,1
10.99,48.7,207.15,0.198,0.163,2.49,215.5,1242.4,34.9,198.9,0.714,25.1,56.0,34.4,0.801,3828.3,0.403,0
7.91,44.91,155.45,0.201,0.152,1.43,94.8,327.3,10.9,29.1,0.675,33.2,68.2,36.8,0.803,2906.3,0.745,0
89.67,326.42,1000.35,0.465,0.437,5.36,595.6,363.2,10.7,154.0,0.311,20.7,89.8,15.9,0.322,184.3,0.288,1
27.18,126.14,315.52,0.332,0.252,1.6,167.3,1115.1,20.5,112.8,0.168,18.1,70.9,44.2,0.133,4100.6,0.672,0
14.12,56.57,193.42,0.225,0.209,0.99,71.6,2189.5,34.9,312.9,0.528,32.2,49.3,23.0,0.556,892.5,0.717,0
7.89,28.11,120.55,0.144,0.114,2.66,267.5,917.0,24.8,286.3,0.717,28.3,53.3,27.4,0.849,600.9,0.095,0
31.74,122.34,456.25,0.136,0.106,1.73,142.8,1714.7,36.1,333.6,0.704,32.8,53.8,29.3,0.735,342.8,0.469,0
5.84,36.15,128.43,0.176,0.134,1.58,166.5,575.9,39.4,100.2,0.161,30.7,63.1,25.5,0.219,1634.2,0.097,0
97.48,291.63,741.93,0.394,0.329,7.83,618.6,1014.1,17.4,293.3,0.375,21.2,92.3,20.8,0.338,235.6,0.934,1
53.76,196.28,650.32,0.542,0.47,4.53,221.4,297.4,12.8,295.7,0.485,31.0,97.1,40.3,0.511,17.2,0.207,1
11.6,23.8,136.27,0.278,0.259,1.88,121.6,345.4,4.6,41.7,0.64,37.5,44.3,6.7,0.726,437.7,0.717,0
3.98,23.2,102.96,0.236,0.214,1.02,91.6,1636.8,30.6,180.1,0.404,29.7,44.9,14.8,0.431,1669.6,0.707,0
16.43,51.69,174.01,0.202,0.158,1.15,134.0,39.2,13.4,350.2,0.407,22.1,55.5,45.0,0.507,187.1,0.383,0
204.51,578.48,2067.45,0.549,0.43,7.11,785.7,1787.3,24.2,299.2,0.473,21.6,84.4,13.5,0.55,128.4,0.694,1
9.17,55.16,158.71,0.251,0.189,1.84,196.7,2162.0,19.6,236.5,0.719,21.7,60.8,19.4,0.808,1382.2,0.341,0
10.14,41.61,179.9,0.269,0.238,2.51,210.4,642.3,35.3,184.9,0.277,32.1,66.0,36.9,0.295,915.6,0.146,0
233.66,713.49,3093.92,0.463,0.349,4.68,257.3,2186.2,24.1,255.5,0.52,34.3,87.3,14.8,0.602,26.1,0.897,1
0.64,39.84,189.55,0.348,0.27,2.35,97.2,1833.6,30.2,288.3,0.726,21.1,67.8,35.8,0.8,1223.0,0.618,0
32.9,114.79,410.6,0.158,0.138,2.79,190.2,2061.0,15.5,177.8,0.395,37.6,71.3,41.2,0.448,503.3,0.154,0
8.59,62.44,172.47,0.104,0.081,1.49,151.0,1969.4,33.1,267.0,0.311,31.3,60.7,7.2,0.319,2707.8,0.234,0
145.37,512.27,1847.03,0.441,0.344,4.06,243.7,13.8,5.1,55.8,0.29,25.5,88.9,42.8,0.39,113.2,0.166,1
99.96,333.66,1549.14,0.35,0.279,5.76,365.0,1699.4,16.9,141.8,0.524,24.0,80.7,24.8,0.637,590.8,0.092,1
188.42,460.3,1278.19,0.424,0.351,3.79,187.9,1129.0,31.0,20.2,0.405,33.0,97.0,29.0,0.387,52.9,0.771,1
11.07,53.71,186.06,0.289,0.217,0.73,70.7,2471.3,36.4,275.9,0.648,28.5,63.8,16.2,0.646,3243.5,0.089,0
78.78,210.85,785.25,0.485,0.436,6.91,435.1,1455.1,19.2,76.1,0.267,25.1,95.4,25.2,0.264,304.2,0.686,1
182.85,422.04,1006.56,0.534,0.483,8.23,742.9,1513.5,16.3,59.4,0.749,20.4,81.7,37.4,0.857,287.0,0.733,1
113.66,408.74,1855.81,0.39,0.321,4.21,345.3,2498.9,20.8,157.6,0.681,30.2,86.9,37.2,0.645,408.8,0.239,1
2.94,33.57,162.16,0.215,0.196,2.86,341.6,677.4,25.5,192.5,0.335,27.7,62.0,17.3,0.369,633.1,0.702,0
82.05,222.2,527.94,0.357,0.288,4.78,553.5,1929.4,27.8,59.7,0.658,32.3,93.0,32.8,0.695,86.2,0.657,1
4.02,36.37,148.83,0.237,0.225,1.14,81.4,148.0,2.1,130.6,0.749,37.7,40.7,38.4,0.743,532.2,0.85,0
43.24,99.73,307.34,0.291,0.241,2.25,234.1,1234.4,44.4,208.7,0.747,27.0,47.6,42.1,0.806,335.3,0.183,0
199.45,681.8,2010.18,0.5,0.441,4.22,305.9,1577.8,35.7,32.9,0.305,37.4,79.0,10.7,0.342,221.3,0.716,1
7.13,49.26,243.01,0.319,0.26,1.99,122.7,525.0,19.0,114.2,0.437,18.8,41.2,13.8,0.452,984.6,0.341,0
135.57,368.94,1104.05,0.4,0.336,4.31,177.5,1191.4,38.9,94.1,0.43,29.5,77.0,34.1,0.535,102.7,0.066,1
14.57,58.23,189.95,0.177,0.156,0.67,65.0,1146.9,24.6,259.5,0.553,34.5,67.1,41.4,0.605,835.8,0.352,0
214.41,518.77,1488.89,0.502,0.411,3.55,221.9,710.5,26.3,59.7,0.148,22.1,81.0,8.2,0.164,106.9,0.377,1
157.79,551.01,2191.05,0.405,0.357,7.79,610.9,1524.6,17.2,177.8,0.634,28.3,96.3,14.4,0.739,570.8,0.551,1
99.91,241.79,718.95,0.431,0.336,6.42,341.6,1695.8,27.7,117.8,0.226,34.4,80.4,41.1,0.204,408.8,0.849,1
18.03,80.92,278.03,0.154,0.13,2.6,117.7,228.1,4.2,260.0,0.401,27.9,64.5,10.7,0.412,338.2,0.567,0
11.58,50.4,194.83,0.113,0.091,2.04,203.6,395.8,4.1,346.6,0.488,29.7,44.6,28.8,0.532,792.7,0.126,0
157.85,360.92,1014.49,0.465,0.435,6.82,432.8,2393.1,25.3,311.4,0.409,19.3,90.5,5.9,0.417,345.7,0.645,1
14.64,46.67,253.72,0.347,0.318,0.72,43.5,108.0,3.6,186.1,0.145,35.4,53.4,15.1,0.085,3144.1,0.402,0
40.7,115.16,394.89,0.405,0.343,5.38,327.1,280.4,4.3,308.2,0.341,18.2,89.9,15.9,0.373,62.9,0.342,1
151.29,462.88,1224.89,0.488,0.41,3.98,192.6,2033.3,35.6,255.5,0.39,28.2,82.4,5.6,0.435,736.8,0.242,1
40.25,155.73,731.23,0.155,0.142,2.84,120.9,2024.3,34.2,68.9,0.418,27.5,52.3,36.0,0.448,735.7,0.589,0
11.58,60.63,226.35,0.151,0.134,0.76,41.6,2386.1,38.7,248.9,0.734,19.7,55.4,33.9,0.858,607.9,0.384,0
1.45,27.25,163.17,0.182,0.161,2.58,268.0,2166.5,34.1,210.5,0.374,22.6,58.2,5.3,0.418,1839.4,0.943,0
136.26,362.67,1361.08,0.524,0.451,6.57,778.2,548.9,43.4,73.4,0.497,32.5,82.3,8.5,0.585,367.2,0.714,1
12.99,49.9,222.44,0.34,0.314,1.41,114.4,1704.5,32.0,350.3,0.176,35.9,57.9,35.9,0.207,637.9,0.151,0
21.32,63.98,277.05,0.285,0.224,2.11,220.1,502.8,41.5,293.6,0.246,21.4,55.8,14.0,0.313,103.5,0.242,0
16.36,66.43,342.47,0.105,0.097,2.46,148.8,2062.6,43.8,276.8,0.141,37.2,40.3,28.0,0.247,2444.0,0.34,0
263.5,927.98,2987.77,0.506,0.432,6.6,625.5,1310.2,19.9,351.8,0.409,21.6,92.7,42.8,0.458,841.9,0.832,1
17.21,62.72,196.64,0.205,0.179,2.8,311.5,1164.9,35.3,355.8,0.426,30.3,66.7,12.6,0.513,9812.3,0.072,0
23.48,72.9,225.47,0.334,0.315,1.88,167.8,1257.0,34.7,171.6,0.699,31.0,47.8,7.2,0.787,1129.3,0.906,0
69.13,241.77,717.68,0.377,0.315,6.98,671.0,70.6,12.9,182.1,0.547,31.5,95.2,28.6,0.652,340.2,0.305,1
211.59,722.26,2217.82,0.519,0.459,6.88,330.3,1793.5,25.1,305.7,0.245,33.2,92.7,17.6,0.301,279.9,0.68,1
144.99,470.69,1148.87,0.414,0.354,3.85,264.1,426.5,13.8,228.0,0.143,29.1,79.6,31.4,0.125,92.4,0.295,1
5.54,27.21,99.75,0.261,0.245,1.97,83.5,351.1,7.9,28.3,0.174,18.5,53.0,43.5,0.2,397.2,0.176,0
18.39,77.13,316.43,0.275,0.233,1.96,104.5,759.6,38.0,248.8,0.14,28.6,43.2,27.7,0.134,1472.3,0.313,0
126.51,272.92,919.81,0.499,0.4,5.3,338.4,1229.2,23.0,170.3,0.728,34.7,97.7,32.3,0.814,71.5,0.061,1
25.73,84.69,240.43,0.311,0.263,1.66,192.8,1278.1,42.9,21.3,0.559,29.5,50.0,14.0,0.662,1678.8,0.62,0
88.33,320.73,793.56,0.453,0.423,7.3,315.8,1646.1,34.9,329.1,0.151,21.1,76.6,35.1,0.162,96.9,0.761,1
117.17,329.63,814.14,0.433,0.368,6.24,475.1,173.5,11.9,84.0,0.203,22.1,89.6,7.2,0.237,192.1,0.05,1
5.65,35.67,135.4,0.293,0.229,2.2,224.1,853.0,39.6,342.9,0.563,27.9,54.6,40.1,0.72,3168.1,0.569,0
172.96,537.02,1746.62,0.472,0.405,4.82,388.2,619.0,39.5,180.8,0.247,20.4,92.5,22.8,0.279,52.1,0.417,1
81.88,235.33,647.05,0.46,0.381,6.58,571.6,1013.4,19.8,232.1,0.455,20.6,93.6,16.5,0.48,100.4,0.712,1
35.77,142.88,614.86,0.307,0.27,1.94,222.9,1277.8,31.3,94.8,0.198,29.5,52.9,29.1,0.15,688.0,0.193,0
139.52,306.14,788.19,0.439,0.351,4.81,443.2,2125.1,15.3,355.0,0.674,37.1,92.6,38.4,0.795,306.7,0.392,1
22.72,99.22,271.56,0.31,0.252,2.25,226.8,2152.3,25.3,16.9,0.462,22.9,45.5,21.0,0.521,1450.3,0.82,0
22.32,98.35,505.03,0.147,0.126,2.61,112.7,1341.8,35.8,310.3,0.296,27.3,58.9,31.6,0.389,467.8,0.316,0
11.9,57.01,273.52,0.217,0.168,0.92,95.7,1967.0,24.9,24.1,0.69,24.5,44.0,41.8,0.776,363.3,0.366,0
169.8,492.29,1280.03,0.404,0.32,8.05,594.0,1015.5,19.0,326.6,0.44,32.7,79.3,36.1,0.553,254.6,0.818,1
99.68,349.44,1521.01,0.484,0.44,6.91,287.3,2470.0,32.3,327.1,0.454,28.7,87.6,43.0,0.523,27.3,0.625,1
105.58,218.49,600.03,0.476,0.446,7.71,831.9,324.2,11.3,132.4,0.358,29.9,83.3,38.9,0.365,162.3,0.561,1
31.94,76.45,414.39,0.192,0.181,0.7,81.4,366.3,6.4,216.0,0.181,28.6,46.1,19.3,0.212,392.3,0.065,0
189.6,484.21,1174.45,0.398,0.373,4.12,363.5,740.1,42.5,307.5,0.242,34.2,93.8,29.6,0.289,26.5,0.187,1
31.84,116.48,518.73,0.194,0.182,0.82,91.1,269.3,5.8,114.0,0.408,21.6,73.0,12.1,0.502,973.3,0.237,0
134.94,377.92,982.48,0.418,0.382,6.67,370.5,23.8,2.3,46.7,0.562,35.0,85.4,41.2,0.622,55.8,0.565,1
14.93,40.86,202.57,0.187,0.168,2.6,229.7,823.8,17.1,329.8,0.233,20.4,67.1,18.1,0.178,946.4,0.766,0
